transaction_id,student_id,date,time,merchant,category,amount
T0000001,20230041,2026-03-14,19:14:00,超市A,超市,12.11
T0000002,20240070,2026-03-03,18:30:00,一食堂-风味窗口,食堂,14.64
T0000003,20220012,2026-03-20,12:56:00,二食堂-大众窗口,食堂,11.19
T0000004,20230069,2026-03-17,12:59:00,二食堂-大众窗口,食堂,13.0
T0000005,20240030,2026-03-09,13:46:00,一食堂-大众窗口,食堂,14.47
T0000006,20230017,2026-03-10,18:59:00,一食堂-风味窗口,食堂,16.88
T0000007,20220036,2026-03-06,11:04:00,一食堂-风味窗口,食堂,21.35
T0000008,20230089,2026-03-08,18:59:00,二食堂-面食窗口,食堂,11.64
T0000009,20250087,2026-03-16,07:21:00,二食堂-面食窗口,食堂,16.31
T0000010,20250091,2026-03-07,12:36:00,一食堂-大众窗口,食堂,10.99
T0000011,20240010,2026-03-04,07:29:00,二食堂-大众窗口,食堂,13.58
T0000012,20230005,2026-03-20,18:48:00,一食堂-风味窗口,食堂,16.18
T0000013,20230081,2026-03-19,18:11:00,一食堂-风味窗口,食堂,21.34
T0000014,20220032,2026-03-20,13:52:00,一食堂-大众窗口,食堂,11.26
T0000015,20220056,2026-03-14,11:33:00,一食堂-风味窗口,食堂,21.76
T0000016,20220068,2026-03-13,11:08:00,一食堂-风味窗口,食堂,18.09
T0000017,20230053,2026-03-02,18:34:00,二食堂-面食窗口,食堂,11.22
T0000018,20240086,2026-03-02,18:44:00,一食堂-大众窗口,食堂,11.95
T0000019,20240078,2026-03-22,08:48:00,一食堂-大众窗口,食堂,13.76
T0000020,20240062,2026-03-13,18:52:00,二食堂-大众窗口,食堂,11.05
T0000021,20230033,2026-03-19,11:24:00,一食堂-大众窗口,食堂,11.68
T0000022,20250035,2026-03-21,11:10:00,一食堂-风味窗口,食堂,12.62
T0000023,20250063,2026-03-12,11:28:00,二食堂-面食窗口,食堂,11.85
T0000024,20250019,2026-03-15,11:18:00,二食堂-大众窗口,食堂,14.69
T0000025,20240022,2026-03-20,12:53:00,二食堂-面食窗口,食堂,10.64
T0000026,20240094,2026-03-19,07:45:00,一食堂-风味窗口,食堂,17.63
T0000027,20240090,2026-03-06,08:43:00,二食堂-大众窗口,食堂,12.34
T0000028,20220044,2026-03-19,18:24:00,二食堂-面食窗口,食堂,10.57
T0000029,20230117,2026-03-10,07:36:00,二食堂-面食窗口,食堂,16.59
T0000030,20250091,2026-03-19,08:12:00,二食堂-面食窗口,食堂,11.71
T0000031,20240114,2026-03-06,10:26:00,水果店,超市,18.76
T0000032,20220076,2026-03-07,17:56:00,一食堂-风味窗口,食堂,13.19
T0000033,20250083,2026-03-03,18:25:00,二食堂-大众窗口,食堂,9.53
T0000034,20220108,2026-03-09,12:35:00,二食堂-大众窗口,食堂,12.99
T0000035,20240086,2026-03-03,18:48:00,一食堂-大众窗口,食堂,8.87
T0000036,20220016,2026-03-14,13:35:00,二食堂-大众窗口,食堂,8.68
T0000037,20250115,2026-03-14,18:35:00,一食堂-大众窗口,食堂,9.01
T0000038,20230045,2026-03-16,08:25:00,二食堂-大众窗口,食堂,14.77
T0000039,20230105,2026-03-14,12:58:00,一食堂-风味窗口,食堂,15.06
T0000040,20240010,2026-03-02,13:45:00,一食堂-风味窗口,食堂,16.25
T0000041,20240014,2026-03-10,18:36:00,一食堂-风味窗口,食堂,20.2
T0000042,20250003,2026-03-12,13:06:00,二食堂-面食窗口,食堂,10.44
T0000043,20220012,2026-03-11,08:31:00,一食堂-大众窗口,食堂,8.82
T0000044,20220028,2026-03-10,21:30:00,便利店,超市,5.76
T0000045,20250075,2026-03-22,18:06:00,二食堂-大众窗口,食堂,11.9
T0000046,20240026,2026-03-20,17:51:00,二食堂-面食窗口,食堂,11.35
T0000047,20220104,2026-03-17,08:20:00,二食堂-大众窗口,食堂,9.55
T0000048,20230041,2026-03-04,18:49:00,一食堂-风味窗口,食堂,18.71
T0000049,20220044,2026-03-16,07:05:00,一食堂-大众窗口,食堂,14.88
T0000050,20240058,2026-03-12,17:24:00,二食堂-面食窗口,食堂,14.74
T0000051,20220104,2026-03-21,17:13:00,一食堂-大众窗口,食堂,13.71
T0000052,20250091,2026-03-18,07:22:00,一食堂-风味窗口,食堂,14.79
T0000053,20220016,2026-03-16,11:17:00,二食堂-面食窗口,食堂,14.85
T0000054,20240022,2026-03-07,12:44:00,二食堂-大众窗口,食堂,8.94
T0000055,20230037,2026-03-17,12:54:00,二食堂-面食窗口,食堂,14.73
T0000056,20230009,2026-03-14,17:17:00,二食堂-大众窗口,食堂,11.77
T0000057,20240110,2026-03-13,18:31:00,二食堂-面食窗口,食堂,12.64
T0000058,20240066,2026-03-05,07:33:00,一食堂-风味窗口,食堂,15.93
T0000059,20230117,2026-03-18,12:18:00,一食堂-大众窗口,食堂,14.75
T0000060,20230101,2026-03-08,11:25:00,一食堂-大众窗口,食堂,14.03
T0000061,20230033,2026-03-17,08:29:00,二食堂-大众窗口,食堂,8.04
T0000062,20240074,2026-03-11,08:49:00,一食堂-风味窗口,食堂,19.25
T0000063,20250071,2026-03-17,12:55:00,一食堂-大众窗口,食堂,12.61
T0000064,20240058,2026-03-08,18:13:00,二食堂-面食窗口,食堂,15.31
T0000065,20220104,2026-03-15,12:23:00,二食堂-大众窗口,食堂,13.48
T0000066,20250107,2026-03-06,18:06:00,二食堂-大众窗口,食堂,13.71
T0000067,20250023,2026-03-20,08:44:00,一食堂-大众窗口,食堂,8.69
T0000068,20240086,2026-03-04,11:44:00,二食堂-大众窗口,食堂,10.25
T0000069,20230053,2026-03-20,12:03:00,一食堂-大众窗口,食堂,14.49
T0000070,20250011,2026-03-20,12:53:00,二食堂-大众窗口,食堂,10.89
T0000071,20220072,2026-03-09,12:50:00,一食堂-风味窗口,食堂,19.83
T0000072,20240002,2026-03-12,21:59:00,便利店,超市,12.59
T0000073,20220044,2026-03-12,12:30:00,一食堂-大众窗口,食堂,9.58
T0000074,20230053,2026-03-05,18:00:00,一食堂-风味窗口,食堂,14.64
T0000075,20250091,2026-03-08,17:12:00,一食堂-大众窗口,食堂,12.69
T0000076,20230089,2026-03-20,08:28:00,二食堂-大众窗口,食堂,11.24
T0000077,20220056,2026-03-19,12:24:00,二食堂-面食窗口,食堂,10.61
T0000078,20230061,2026-03-10,13:56:00,一食堂-风味窗口,食堂,18.27
T0000079,20230093,2026-03-08,08:25:00,二食堂-大众窗口,食堂,14.31
T0000080,20240078,2026-03-20,13:15:00,一食堂-大众窗口,食堂,9.23
T0000081,20230033,2026-03-10,10:09:00,便利店,超市,3.15
T0000082,20240042,2026-03-14,12:22:00,二食堂-大众窗口,食堂,8.73
T0000083,20230033,2026-03-09,18:34:00,二食堂-面食窗口,食堂,17.74
T0000084,20240118,2026-03-12,11:20:00,二食堂-大众窗口,食堂,10.05
T0000085,20220092,2026-03-21,18:02:00,二食堂-面食窗口,食堂,14.69
T0000086,20250103,2026-03-12,18:05:00,一食堂-大众窗口,食堂,10.56
T0000087,20240030,2026-03-09,17:00:00,二食堂-大众窗口,食堂,10.17
T0000088,20230061,2026-03-02,11:46:00,一食堂-大众窗口,食堂,8.9
T0000089,20220008,2026-03-06,07:41:00,二食堂-面食窗口,食堂,13.54
T0000090,20240054,2026-03-02,18:10:00,二食堂-面食窗口,食堂,14.19
T0000091,20230013,2026-03-08,13:05:00,一食堂-风味窗口,食堂,14.73
T0000092,20250075,2026-03-18,19:55:00,咖啡店,饮品,22.33
T0000093,20230109,2026-03-13,08:13:00,二食堂-大众窗口,食堂,10.19
T0000094,20250075,2026-03-06,11:24:00,二食堂-面食窗口,食堂,14.35
T0000095,20230045,2026-03-08,18:40:00,一食堂-大众窗口,食堂,10.93
T0000096,20250051,2026-03-19,07:32:00,一食堂-大众窗口,食堂,12.62
T0000097,20250059,2026-03-07,18:19:00,一食堂-大众窗口,食堂,10.81
T0000098,20230013,2026-03-08,18:45:00,二食堂-大众窗口,食堂,8.38
T0000099,20220048,2026-03-12,08:17:00,二食堂-面食窗口,食堂,14.11
T0000100,20250095,2026-03-04,17:25:00,一食堂-风味窗口,食堂,12.62
T0000101,20240006,2026-03-16,13:15:00,一食堂-大众窗口,食堂,12.54
T0000102,20240054,2026-03-16,18:01:00,二食堂-大众窗口,食堂,13.82
T0000103,20250115,2026-03-17,12:00:00,二食堂-面食窗口,食堂,10.62
T0000104,20220052,2026-03-22,18:48:00,一食堂-风味窗口,食堂,21.54
T0000105,20230021,2026-03-12,07:31:00,一食堂-风味窗口,食堂,18.62
T0000106,20240054,2026-03-07,07:53:00,二食堂-大众窗口,食堂,9.68
T0000107,20240026,2026-03-18,12:53:00,二食堂-面食窗口,食堂,12.74
T0000108,20250067,2026-03-20,18:56:00,一食堂-风味窗口,食堂,16.29
T0000109,20240002,2026-03-11,11:00:00,二食堂-面食窗口,食堂,13.89
T0000110,20220048,2026-03-19,12:04:00,一食堂-风味窗口,食堂,14.2
T0000111,20230105,2026-03-18,18:58:00,一食堂-大众窗口,食堂,11.89
T0000112,20240034,2026-03-04,07:43:00,二食堂-大众窗口,食堂,12.1
T0000113,20230097,2026-03-02,18:53:00,二食堂-面食窗口,食堂,11.66
T0000114,20220064,2026-03-21,12:31:00,二食堂-面食窗口,食堂,14.4
T0000115,20220016,2026-03-03,12:54:00,二食堂-面食窗口,食堂,14.93
T0000116,20250059,2026-03-08,17:02:00,一食堂-风味窗口,食堂,12.4
T0000117,20250031,2026-03-20,12:41:00,二食堂-大众窗口,食堂,11.15
T0000118,20220036,2026-03-03,08:48:00,一食堂-大众窗口,食堂,9.23
T0000119,20220032,2026-03-06,17:04:00,二食堂-面食窗口,食堂,12.46
T0000120,20230017,2026-03-13,17:20:00,二食堂-面食窗口,食堂,12.94
T0000121,20220092,2026-03-10,17:31:00,一食堂-风味窗口,食堂,20.21
T0000122,20220044,2026-03-07,11:32:00,二食堂-面食窗口,食堂,10.94
T0000123,20240002,2026-03-21,12:56:00,一食堂-大众窗口,食堂,14.86
T0000124,20250039,2026-03-20,17:57:00,二食堂-面食窗口,食堂,11.47
T0000125,20220076,2026-03-08,11:05:00,二食堂-面食窗口,食堂,10.49
T0000126,20230021,2026-03-09,08:00:00,一食堂-风味窗口,食堂,12.17
T0000127,20240018,2026-03-09,08:47:00,二食堂-面食窗口,食堂,15.39
T0000128,20250099,2026-03-18,18:34:00,二食堂-大众窗口,食堂,10.64
T0000129,20250079,2026-03-18,17:55:00,一食堂-风味窗口,食堂,18.59
T0000130,20230109,2026-03-02,08:58:00,一食堂-大众窗口,食堂,14.6
T0000131,20220056,2026-03-02,18:54:00,二食堂-面食窗口,食堂,15.12
T0000132,20220104,2026-03-14,12:51:00,二食堂-面食窗口,食堂,17.23
T0000133,20220056,2026-03-15,17:03:00,二食堂-大众窗口,食堂,9.93
T0000134,20240098,2026-03-06,13:56:00,一食堂-大众窗口,食堂,13.58
T0000135,20230117,2026-03-17,15:43:00,咖啡店,饮品,13.9
T0000136,20230085,2026-03-11,18:29:00,一食堂-大众窗口,食堂,13.73
T0000137,20250075,2026-03-05,12:46:00,二食堂-大众窗口,食堂,12.55
T0000138,20220008,2026-03-20,11:14:00,一食堂-风味窗口,食堂,20.69
T0000139,20240074,2026-03-03,19:51:00,奶茶店,饮品,14.46
T0000140,20250023,2026-03-16,08:40:00,一食堂-大众窗口,食堂,14.14
T0000141,20250031,2026-03-12,13:50:00,一食堂-大众窗口,食堂,11.72
T0000142,20230061,2026-03-03,17:06:00,二食堂-大众窗口,食堂,12.26
T0000143,20250071,2026-03-19,18:46:00,二食堂-大众窗口,食堂,10.29
T0000144,20250019,2026-03-11,12:29:00,二食堂-大众窗口,食堂,11.62
T0000145,20240066,2026-03-06,18:36:00,二食堂-大众窗口,食堂,13.61
T0000146,20230085,2026-03-17,17:07:00,二食堂-大众窗口,食堂,10.14
T0000147,20220108,2026-03-02,12:59:00,一食堂-大众窗口,食堂,9.7
T0000148,20230065,2026-03-19,19:59:00,水果店,超市,22.67
T0000149,20230013,2026-03-16,11:08:00,一食堂-风味窗口,食堂,18.29
T0000150,20240042,2026-03-22,18:19:00,一食堂-风味窗口,食堂,19.73
T0000151,20220036,2026-03-13,08:41:00,一食堂-大众窗口,食堂,13.33
T0000152,20220072,2026-03-15,12:44:00,二食堂-大众窗口,食堂,8.03
T0000153,20220088,2026-03-22,18:09:00,二食堂-面食窗口,食堂,16.59
T0000154,20250115,2026-03-03,18:12:00,一食堂-大众窗口,食堂,8.96
T0000155,20250075,2026-03-22,12:09:00,二食堂-大众窗口,食堂,13.85
T0000156,20220112,2026-03-07,19:38:00,超市A,超市,14.37
T0000157,20220020,2026-03-08,13:57:00,一食堂-大众窗口,食堂,14.23
T0000158,20240066,2026-03-22,18:32:00,一食堂-大众窗口,食堂,9.47
T0000159,20220104,2026-03-08,18:30:00,二食堂-面食窗口,食堂,13.41
T0000160,20220048,2026-03-19,19:30:00,便利店,超市,4.87
T0000161,20240018,2026-03-19,12:21:00,二食堂-面食窗口,食堂,11.18
T0000162,20240082,2026-03-21,08:10:00,二食堂-大众窗口,食堂,13.34
T0000163,20250099,2026-03-15,10:49:00,咖啡店,饮品,21.54
T0000164,20230073,2026-03-09,11:53:00,二食堂-面食窗口,食堂,10.96
T0000165,20250111,2026-03-21,18:37:00,一食堂-大众窗口,食堂,9.23
T0000166,20230045,2026-03-03,17:36:00,一食堂-风味窗口,食堂,12.89
T0000167,20230021,2026-03-15,12:39:00,一食堂-风味窗口,食堂,16.94
T0000168,20250119,2026-03-12,18:29:00,二食堂-大众窗口,食堂,9.43
T0000169,20230037,2026-03-06,15:17:00,咖啡店,饮品,10.45
T0000170,20230005,2026-03-11,08:24:00,一食堂-大众窗口,食堂,11.21
T0000171,20250083,2026-03-04,13:45:00,一食堂-大众窗口,食堂,8.68
T0000172,20220100,2026-03-19,17:32:00,二食堂-大众窗口,食堂,12.56
T0000173,20220056,2026-03-20,08:19:00,一食堂-风味窗口,食堂,17.6
T0000174,20220044,2026-03-07,11:32:00,二食堂-面食窗口,食堂,10.94
T0000175,20230097,2026-03-12,18:06:00,二食堂-面食窗口,食堂,12.1
T0000176,20230057,2026-03-06,12:01:00,二食堂-面食窗口,食堂,12.42
T0000177,20240066,2026-03-12,17:39:00,二食堂-大众窗口,食堂,13.47
T0000178,20250051,2026-03-11,18:34:00,一食堂-风味窗口,食堂,16.65
T0000179,20220012,2026-03-12,07:10:00,一食堂-风味窗口,食堂,13.19
T0000180,20250039,2026-03-04,17:42:00,二食堂-面食窗口,食堂,14.86
T0000181,20220028,2026-03-05,11:26:00,一食堂-风味窗口,食堂,20.23
T0000182,20220088,2026-03-05,07:25:00,二食堂-大众窗口,食堂,13.9
T0000183,20240066,2026-03-09,15:34:00,超市A,超市,2.28
T0000184,20230041,2026-03-02,13:49:00,二食堂-大众窗口,食堂,13.62
T0000185,20240074,2026-03-04,07:00:00,一食堂-风味窗口,食堂,12.0
T0000186,20250099,2026-03-05,10:10:00,超市A,超市,6.46
T0000187,20240042,2026-03-16,18:01:00,二食堂-面食窗口,食堂,14.25
T0000188,20220116,2026-03-14,07:30:00,一食堂-大众窗口,食堂,9.57
T0000189,20220048,2026-03-12,18:30:00,一食堂-大众窗口,食堂,14.34
T0000190,20220008,2026-03-04,12:22:00,二食堂-面食窗口,食堂,10.3
T0000191,20220088,2026-03-03,08:32:00,二食堂-面食窗口,食堂,10.36
T0000192,20230085,2026-03-22,18:11:00,一食堂-风味窗口,食堂,13.91
T0000193,20240002,2026-03-22,17:41:00,一食堂-大众窗口,食堂,12.03
T0000194,20250063,2026-03-12,17:28:00,二食堂-面食窗口,食堂,16.7
T0000195,20230037,2026-03-17,08:47:00,二食堂-面食窗口,食堂,16.34
T0000196,20220088,2026-03-14,17:20:00,一食堂-大众窗口,食堂,14.12
T0000197,20250027,2026-03-11,18:50:00,一食堂-风味窗口,食堂,20.86
T0000198,20220108,2026-03-02,18:47:00,二食堂-大众窗口,食堂,13.02
T0000199,20220068,2026-03-11,18:11:00,一食堂-风味窗口,食堂,16.57
T0000200,20230057,2026-03-20,12:01:00,一食堂-大众窗口,食堂,8.75
T0000201,20220112,2026-03-17,17:04:00,二食堂-面食窗口,食堂,10.84
T0000202,20230045,2026-03-18,11:13:00,一食堂-风味窗口,食堂,14.58
T0000203,20240082,2026-03-04,12:31:00,一食堂-风味窗口,食堂,13.02
T0000204,20230073,2026-03-19,15:23:00,水果店,超市,25.43
T0000205,20230109,2026-03-13,13:10:00,二食堂-面食窗口,食堂,14.5
T0000206,20230109,2026-03-18,18:27:00,二食堂-面食窗口,食堂,16.26
T0000207,20250011,2026-03-07,15:58:00,超市A,超市,13.03
T0000208,20240022,2026-03-16,18:56:00,一食堂-风味窗口,食堂,16.17
T0000209,20250083,2026-03-02,11:00:00,二食堂-大众窗口,食堂,14.45
T0000210,20240062,2026-03-22,18:48:00,一食堂-风味窗口,食堂,17.38
T0000211,20250015,2026-03-04,18:38:00,一食堂-风味窗口,食堂,17.7
T0000212,20230117,2026-03-08,21:52:00,奶茶店,饮品,7.62
T0000213,20250083,2026-03-17,18:53:00,二食堂-大众窗口,食堂,9.06
T0000214,20220036,2026-03-11,18:55:00,一食堂-风味窗口,食堂,13.71
T0000215,20250095,2026-03-09,18:20:00,一食堂-大众窗口,食堂,13.64
T0000216,20250087,2026-03-14,19:35:00,超市A,超市,12.07
T0000217,20240006,2026-03-15,08:40:00,二食堂-大众窗口,食堂,12.32
T0000218,20250015,2026-03-09,12:45:00,一食堂-风味窗口,食堂,20.82
T0000219,20240034,2026-03-22,18:00:00,二食堂-面食窗口,食堂,15.33
T0000220,20230017,2026-03-15,17:30:00,一食堂-风味窗口,食堂,17.46
T0000221,20250055,2026-03-18,08:03:00,一食堂-大众窗口,食堂,12.06
T0000222,20250103,2026-03-14,11:10:00,一食堂-大众窗口,食堂,11.61
T0000223,20220056,2026-03-12,19:06:00,便利店,超市,7.26
T0000224,20230017,2026-03-06,18:35:00,二食堂-面食窗口,食堂,14.76
T0000225,20240078,2026-03-04,12:57:00,二食堂-面食窗口,食堂,17.84
T0000226,20230069,2026-03-16,07:16:00,二食堂-大众窗口,食堂,8.64
T0000227,20220060,2026-03-21,13:50:00,一食堂-风味窗口,食堂,14.62
T0000228,20220056,2026-03-13,18:58:00,二食堂-大众窗口,食堂,13.32
T0000229,20250075,2026-03-03,12:19:00,二食堂-大众窗口,食堂,8.06
T0000230,20230089,2026-03-15,18:28:00,一食堂-风味窗口,食堂,21.72
T0000231,20250119,2026-03-02,08:52:00,二食堂-面食窗口,食堂,13.64
T0000232,20250031,2026-03-02,18:16:00,一食堂-大众窗口,食堂,13.52
T0000233,20250055,2026-03-12,13:36:00,一食堂-大众窗口,食堂,9.55
T0000234,20230009,2026-03-05,08:30:00,二食堂-面食窗口,食堂,12.81
T0000235,20240082,2026-03-12,10:22:00,水果店,超市,13.21
T0000236,20250023,2026-03-22,19:46:00,水果店,超市,8.76
T0000237,20230069,2026-03-22,11:01:00,二食堂-面食窗口,食堂,17.92
T0000238,20220044,2026-03-18,21:41:00,咖啡店,饮品,8.61
T0000239,20240102,2026-03-09,08:21:00,一食堂-风味窗口,食堂,19.58
T0000240,20240082,2026-03-02,12:54:00,二食堂-面食窗口,食堂,17.31
T0000241,20250023,2026-03-03,12:44:00,二食堂-大众窗口,食堂,12.24
T0000242,20230101,2026-03-02,17:01:00,二食堂-面食窗口,食堂,14.88
T0000243,20240078,2026-03-12,08:32:00,二食堂-面食窗口,食堂,15.78
T0000244,20250043,2026-03-11,08:53:00,一食堂-风味窗口,食堂,15.55
T0000245,20240066,2026-03-18,07:35:00,二食堂-面食窗口,食堂,12.38
T0000246,20250083,2026-03-21,11:10:00,一食堂-大众窗口,食堂,10.01
T0000247,20230077,2026-03-19,12:26:00,二食堂-大众窗口,食堂,13.68
T0000248,20250047,2026-03-06,11:36:00,一食堂-风味窗口,食堂,14.26
T0000249,20240030,2026-03-04,12:21:00,二食堂-面食窗口,食堂,10.59
T0000250,20220080,2026-03-14,15:03:00,超市A,超市,11.98
T0000251,20250103,2026-03-20,12:07:00,二食堂-大众窗口,食堂,12.25
T0000252,20220024,2026-03-17,12:04:00,二食堂-大众窗口,食堂,14.72
T0000253,20240042,2026-03-22,12:26:00,二食堂-面食窗口,食堂,11.79
T0000254,20230065,2026-03-22,17:55:00,一食堂-大众窗口,食堂,11.81
T0000255,20230093,2026-03-21,12:02:00,二食堂-面食窗口,食堂,16.98
T0000256,20250119,2026-03-02,12:48:00,一食堂-大众窗口,食堂,14.63
T0000257,20240074,2026-03-08,18:56:00,二食堂-面食窗口,食堂,16.71
T0000258,20230073,2026-03-13,11:14:00,二食堂-面食窗口,食堂,15.16
T0000259,20250103,2026-03-09,17:56:00,一食堂-大众窗口,食堂,8.49
T0000260,20250059,2026-03-10,08:48:00,一食堂-风味窗口,食堂,15.35
T0000261,20220008,2026-03-13,17:02:00,二食堂-大众窗口,食堂,11.36
T0000262,20220032,2026-03-07,12:54:00,二食堂-面食窗口,食堂,11.42
T0000263,20220028,2026-03-03,18:32:00,一食堂-风味窗口,食堂,15.23
T0000264,20220028,2026-03-13,18:28:00,一食堂-风味窗口,食堂,18.34
T0000265,20250075,2026-03-04,19:04:00,咖啡店,饮品,16.64
T0000266,20220072,2026-03-11,13:51:00,二食堂-面食窗口,食堂,15.43
T0000267,20250107,2026-03-18,17:03:00,一食堂-风味窗口,食堂,14.51
T0000268,20230041,2026-03-17,08:22:00,二食堂-面食窗口,食堂,14.66
T0000269,20230109,2026-03-03,12:09:00,一食堂-大众窗口,食堂,14.71
T0000270,20220092,2026-03-08,12:39:00,一食堂-风味窗口,食堂,12.27
T0000271,20240014,2026-03-19,12:29:00,一食堂-风味窗口,食堂,18.4
T0000272,20220024,2026-03-07,18:28:00,一食堂-大众窗口,食堂,9.63
T0000273,20230037,2026-03-06,12:40:00,一食堂-大众窗口,食堂,9.54
T0000274,20230033,2026-03-11,12:12:00,一食堂-风味窗口,食堂,19.98
T0000275,20230045,2026-03-06,07:36:00,一食堂-大众窗口,食堂,9.75
T0000276,20250079,2026-03-05,08:19:00,二食堂-面食窗口,食堂,14.85
T0000277,20220096,2026-03-10,08:18:00,二食堂-面食窗口,食堂,12.16
T0000278,20230033,2026-03-05,11:04:00,一食堂-大众窗口,食堂,10.21
T0000279,20240106,2026-03-15,12:15:00,二食堂-面食窗口,食堂,16.5
T0000280,20220100,2026-03-05,18:58:00,一食堂-大众窗口,食堂,8.79
T0000281,20220100,2026-03-12,18:33:00,二食堂-大众窗口,食堂,11.12
T0000282,20230001,2026-03-04,10:56:00,便利店,超市,5.27
T0000283,20220012,2026-03-10,13:28:00,二食堂-大众窗口,食堂,14.48
T0000284,20240102,2026-03-17,12:15:00,二食堂-大众窗口,食堂,14.5
T0000285,20250071,2026-03-18,07:49:00,一食堂-风味窗口,食堂,13.61
T0000286,20250027,2026-03-16,08:30:00,二食堂-大众窗口,食堂,9.33
T0000287,20250079,2026-03-03,18:19:00,二食堂-大众窗口,食堂,10.32
T0000288,20250051,2026-03-13,13:09:00,二食堂-大众窗口,食堂,13.48
T0000289,20220048,2026-03-10,18:17:00,二食堂-面食窗口,食堂,12.44
T0000290,20250031,2026-03-05,17:03:00,一食堂-大众窗口,食堂,10.71
T0000291,20250075,2026-03-09,11:58:00,一食堂-风味窗口,食堂,20.4
T0000292,20220012,2026-03-14,18:59:00,一食堂-风味窗口,食堂,16.35
T0000293,20240050,2026-03-03,07:14:00,一食堂-风味窗口,食堂,12.54
T0000294,20230117,2026-03-07,18:01:00,二食堂-面食窗口,食堂,10.56
T0000295,20230017,2026-03-04,07:57:00,二食堂-面食窗口,食堂,17.1
T0000296,20240066,2026-03-04,11:17:00,一食堂-风味窗口,食堂,21.11
T0000297,20220092,2026-03-10,12:32:00,一食堂-风味窗口,食堂,15.0
T0000298,20230053,2026-03-16,13:36:00,二食堂-大众窗口,食堂,13.56
T0000299,20240098,2026-03-10,12:59:00,一食堂-风味窗口,食堂,18.3
T0000300,20250119,2026-03-21,12:43:00,一食堂-大众窗口,食堂,13.07
T0000301,20230081,2026-03-06,19:18:00,奶茶店,饮品,11.56
T0000302,20220040,2026-03-16,08:35:00,一食堂-大众窗口,食堂,9.83
T0000303,20220104,2026-03-12,18:36:00,一食堂-风味窗口,食堂,18.44
T0000304,20250055,2026-03-13,12:19:00,二食堂-面食窗口,食堂,14.85
T0000305,20240014,2026-03-05,08:28:00,二食堂-大众窗口,食堂,8.57
T0000306,20220052,2026-03-21,19:28:00,水果店,超市,16.15
T0000307,20240106,2026-03-03,17:15:00,二食堂-面食窗口,食堂,11.11
T0000308,20220084,2026-03-09,21:21:00,便利店,超市,18.92
T0000309,20250015,2026-03-11,11:27:00,二食堂-大众窗口,食堂,8.18
T0000310,20230053,2026-03-13,17:48:00,一食堂-风味窗口,食堂,17.91
T0000311,20220008,2026-03-11,12:10:00,一食堂-大众窗口,食堂,9.12
T0000312,20240006,2026-03-08,13:53:00,二食堂-大众窗口,食堂,12.36
T0000313,20230001,2026-03-10,15:41:00,水果店,超市,10.49
T0000314,20250015,2026-03-03,18:01:00,一食堂-大众窗口,食堂,8.32
T0000315,20240018,2026-03-04,17:12:00,一食堂-大众窗口,食堂,14.93
T0000316,20240082,2026-03-07,17:28:00,一食堂-大众窗口,食堂,9.68
T0000317,20240098,2026-03-22,17:56:00,一食堂-大众窗口,食堂,13.13
T0000318,20230069,2026-03-06,18:40:00,二食堂-面食窗口,食堂,14.49
T0000319,20220020,2026-03-11,08:24:00,二食堂-面食窗口,食堂,10.92
T0000320,20240118,2026-03-02,17:18:00,一食堂-风味窗口,食堂,13.81
T0000321,20250035,2026-03-13,19:44:00,便利店,超市,9.95
T0000322,20220072,2026-03-17,12:15:00,一食堂-风味窗口,食堂,20.46
T0000323,20240062,2026-03-09,12:42:00,二食堂-面食窗口,食堂,12.62
T0000324,20250051,2026-03-16,08:52:00,一食堂-大众窗口,食堂,11.58
T0000325,20240086,2026-03-10,11:35:00,一食堂-大众窗口,食堂,14.92
T0000326,20250039,2026-03-16,15:53:00,水果店,超市,22.68
T0000327,20240042,2026-03-17,21:56:00,咖啡店,饮品,23.68
T0000328,20250071,2026-03-16,15:34:00,咖啡店,饮品,9.95
T0000329,20240054,2026-03-06,07:33:00,一食堂-大众窗口,食堂,12.49
T0000330,20230025,2026-03-09,12:57:00,二食堂-大众窗口,食堂,14.5
T0000331,20220072,2026-03-05,12:47:00,二食堂-大众窗口,食堂,12.45
T0000332,20220060,2026-03-22,18:01:00,二食堂-大众窗口,食堂,12.74
T0000333,20230001,2026-03-14,07:02:00,一食堂-风味窗口,食堂,12.32
T0000334,20220024,2026-03-06,17:28:00,二食堂-面食窗口,食堂,15.93
T0000335,20240042,2026-03-20,12:16:00,二食堂-面食窗口,食堂,12.92
T0000336,20250111,2026-03-03,07:09:00,一食堂-风味窗口,食堂,12.77
T0000337,20250119,2026-03-04,12:30:00,二食堂-大众窗口,食堂,8.1
T0000338,20240002,2026-03-09,07:23:00,二食堂-面食窗口,食堂,15.02
T0000339,20240030,2026-03-08,18:21:00,二食堂-面食窗口,食堂,13.42
T0000340,20240098,2026-03-13,07:51:00,一食堂-风味窗口,食堂,17.37
T0000341,20230037,2026-03-13,18:25:00,二食堂-大众窗口,食堂,14.85
T0000342,20250043,2026-03-07,13:21:00,二食堂-大众窗口,食堂,14.06
T0000343,20230013,2026-03-18,08:47:00,二食堂-面食窗口,食堂,14.54
T0000344,20250059,2026-03-10,17:27:00,一食堂-大众窗口,食堂,10.11
T0000345,20230101,2026-03-17,12:54:00,二食堂-面食窗口,食堂,16.86
T0000346,20230089,2026-03-20,18:49:00,一食堂-风味窗口,食堂,20.53
T0000347,20220088,2026-03-13,07:07:00,二食堂-面食窗口,食堂,15.14
T0000348,20240094,2026-03-11,07:10:00,一食堂-大众窗口,食堂,13.61
T0000349,20230077,2026-03-08,08:46:00,一食堂-风味窗口,食堂,12.88
T0000350,20240090,2026-03-02,17:55:00,一食堂-大众窗口,食堂,9.75
T0000351,20240030,2026-03-10,08:52:00,一食堂-大众窗口,食堂,14.83
T0000352,20240074,2026-03-06,17:19:00,一食堂-大众窗口,食堂,8.68
T0000353,20240062,2026-03-04,13:05:00,一食堂-风味窗口,食堂,16.03
T0000354,20250059,2026-03-18,11:51:00,二食堂-大众窗口,食堂,13.27
T0000355,20220028,2026-03-10,11:50:00,二食堂-面食窗口,食堂,12.7
T0000356,20240038,2026-03-02,12:01:00,一食堂-大众窗口,食堂,13.65
T0000357,20230045,2026-03-14,08:21:00,二食堂-面食窗口,食堂,14.44
T0000358,20230081,2026-03-18,08:34:00,二食堂-大众窗口,食堂,12.14
T0000359,20220104,2026-03-15,19:47:00,便利店,超市,3.41
T0000360,20250087,2026-03-19,07:35:00,二食堂-面食窗口,食堂,11.71
T0000361,20230081,2026-03-03,10:31:00,便利店,超市,13.83
T0000362,20250071,2026-03-14,18:22:00,一食堂-风味窗口,食堂,19.36
T0000363,20250031,2026-03-14,12:09:00,二食堂-面食窗口,食堂,13.49
T0000364,20220060,2026-03-21,18:34:00,一食堂-风味窗口,食堂,20.37
T0000365,20250055,2026-03-06,19:12:00,奶茶店,饮品,15.26
T0000366,20240086,2026-03-18,18:51:00,二食堂-面食窗口,食堂,15.71
T0000367,20230037,2026-03-03,21:39:00,便利店,超市,11.17
T0000368,20240042,2026-03-11,17:56:00,二食堂-大众窗口,食堂,13.38
T0000369,20220100,2026-03-04,18:36:00,二食堂-面食窗口,食堂,15.6
T0000370,20230109,2026-03-07,08:19:00,二食堂-大众窗口,食堂,12.75
T0000371,20220036,2026-03-08,19:22:00,便利店,超市,12.86
T0000372,20250103,2026-03-14,17:24:00,二食堂-面食窗口,食堂,16.0
T0000373,20240070,2026-03-20,08:13:00,一食堂-风味窗口,食堂,15.16
T0000374,20250103,2026-03-03,18:15:00,二食堂-面食窗口,食堂,15.77
T0000375,20250023,2026-03-05,17:03:00,二食堂-大众窗口,食堂,9.22
T0000376,20230069,2026-03-09,17:30:00,一食堂-大众窗口,食堂,10.52
T0000377,20220104,2026-03-22,17:14:00,二食堂-面食窗口,食堂,11.43
T0000378,20230025,2026-03-03,11:37:00,一食堂-大众窗口,食堂,12.07
T0000379,20230105,2026-03-13,08:14:00,一食堂-风味窗口,食堂,19.13
T0000380,20220100,2026-03-04,07:12:00,一食堂-大众窗口,食堂,10.22
T0000381,20220004,2026-03-13,17:30:00,二食堂-面食窗口,食堂,15.6
T0000382,20250027,2026-03-13,08:35:00,一食堂-风味窗口,食堂,17.18
T0000383,20220020,2026-03-19,17:06:00,一食堂-风味窗口,食堂,13.57
T0000384,20250007,2026-03-05,17:58:00,一食堂-风味窗口,食堂,14.7
T0000385,20240006,2026-03-15,12:54:00,一食堂-大众窗口,食堂,14.91
T0000386,20240082,2026-03-17,18:21:00,二食堂-大众窗口,食堂,11.48
T0000387,20230085,2026-03-13,11:45:00,一食堂-风味窗口,食堂,16.55
T0000388,20250103,2026-03-04,07:10:00,二食堂-大众窗口,食堂,11.77
T0000389,20230117,2026-03-14,12:04:00,一食堂-大众窗口,食堂,14.46
T0000390,20250019,2026-03-04,11:00:00,一食堂-风味窗口,食堂,13.69
T0000391,20240062,2026-03-14,19:22:00,咖啡店,饮品,23.62
T0000392,20220088,2026-03-21,12:59:00,二食堂-大众窗口,食堂,9.57
T0000393,20230073,2026-03-07,18:40:00,一食堂-风味窗口,食堂,19.69
T0000394,20250067,2026-03-05,17:35:00,一食堂-大众窗口,食堂,13.41
T0000395,20230077,2026-03-06,11:35:00,二食堂-大众窗口,食堂,11.13
T0000396,20230037,2026-03-19,12:37:00,二食堂-面食窗口,食堂,15.67
T0000397,20250043,2026-03-16,17:57:00,二食堂-大众窗口,食堂,10.67
T0000398,20220080,2026-03-07,15:06:00,奶茶店,饮品,10.36
T0000399,20230101,2026-03-21,18:09:00,一食堂-大众窗口,食堂,11.88
T0000400,20250023,2026-03-09,07:20:00,一食堂-大众窗口,食堂,8.76
T0000401,20250063,2026-03-06,18:07:00,二食堂-面食窗口,食堂,10.69
T0000402,20250063,2026-03-20,12:38:00,二食堂-大众窗口,食堂,9.17
T0000403,20240042,2026-03-03,11:27:00,一食堂-大众窗口,食堂,8.39
T0000404,20240042,2026-03-15,18:55:00,二食堂-面食窗口,食堂,16.98
T0000405,20240030,2026-03-14,17:37:00,二食堂-大众窗口,食堂,10.42
T0000406,20250087,2026-03-03,12:49:00,一食堂-大众窗口,食堂,11.53
T0000407,20250067,2026-03-07,12:40:00,一食堂-风味窗口,食堂,18.63
T0000408,20240014,2026-03-22,08:37:00,二食堂-大众窗口,食堂,10.91
T0000409,20220048,2026-03-05,18:48:00,一食堂-大众窗口,食堂,13.77
T0000410,20230053,2026-03-19,07:38:00,二食堂-面食窗口,食堂,13.34
T0000411,20250103,2026-03-17,12:06:00,一食堂-风味窗口,食堂,19.67
T0000412,20250099,2026-03-09,15:24:00,超市A,超市,4.67
T0000413,20240090,2026-03-04,07:29:00,一食堂-大众窗口,食堂,14.7
T0000414,20250107,2026-03-08,17:02:00,二食堂-大众窗口,食堂,10.05
T0000415,20220120,2026-03-20,11:42:00,一食堂-风味窗口,食堂,12.48
T0000416,20220008,2026-03-17,18:58:00,一食堂-大众窗口,食堂,11.24
T0000417,20240050,2026-03-04,17:40:00,二食堂-面食窗口,食堂,16.5
T0000418,20230025,2026-03-21,13:39:00,一食堂-大众窗口,食堂,10.52
T0000419,20230061,2026-03-05,18:03:00,一食堂-风味窗口,食堂,14.61
T0000420,20230073,2026-03-14,11:51:00,一食堂-风味窗口,食堂,21.6
T0000421,20240034,2026-03-09,18:22:00,二食堂-面食窗口,食堂,12.88
T0000422,20240090,2026-03-07,17:50:00,二食堂-大众窗口,食堂,11.4
T0000423,20220004,2026-03-21,07:56:00,二食堂-面食窗口,食堂,12.75
T0000424,20250095,2026-03-17,18:39:00,一食堂-风味窗口,食堂,14.4
T0000425,20250003,2026-03-13,12:33:00,一食堂-风味窗口,食堂,21.95
T0000426,20230033,2026-03-19,07:47:00,一食堂-风味窗口,食堂,17.57
T0000427,20230053,2026-03-05,12:48:00,一食堂-风味窗口,食堂,12.59
T0000428,20250099,2026-03-16,07:08:00,二食堂-面食窗口,食堂,12.78
T0000429,20250051,2026-03-13,17:36:00,二食堂-大众窗口,食堂,11.36
T0000430,20220016,2026-03-17,07:22:00,二食堂-面食窗口,食堂,16.36
T0000431,20220104,2026-03-09,18:43:00,二食堂-面食窗口,食堂,17.86
T0000432,20230097,2026-03-06,07:55:00,二食堂-面食窗口,食堂,13.23
T0000433,20240034,2026-03-12,18:21:00,一食堂-风味窗口,食堂,21.3
T0000434,20250103,2026-03-10,07:23:00,一食堂-大众窗口,食堂,14.43
T0000435,20220112,2026-03-06,07:51:00,二食堂-大众窗口,食堂,9.24
T0000436,20240074,2026-03-10,18:38:00,一食堂-风味窗口,食堂,13.64
T0000437,20240046,2026-03-15,12:14:00,二食堂-大众窗口,食堂,13.47
T0000438,20230005,2026-03-10,11:11:00,二食堂-面食窗口,食堂,13.97
T0000439,20250083,2026-03-07,18:46:00,一食堂-大众窗口,食堂,9.09
T0000440,20240022,2026-03-11,08:59:00,一食堂-风味窗口,食堂,20.26
T0000441,20250031,2026-03-10,08:33:00,二食堂-面食窗口,食堂,17.88
T0000442,20220020,2026-03-15,17:26:00,一食堂-风味窗口,食堂,19.03
T0000443,20230105,2026-03-04,12:31:00,一食堂-风味窗口,食堂,20.08
T0000444,20250095,2026-03-13,07:33:00,一食堂-大众窗口,食堂,11.14
T0000445,20220108,2026-03-14,08:39:00,二食堂-面食窗口,食堂,16.93
T0000446,20220008,2026-03-03,07:24:00,一食堂-风味窗口,食堂,13.02
T0000447,20220020,2026-03-16,07:57:00,二食堂-大众窗口,食堂,8.13
T0000448,20250031,2026-03-12,07:54:00,一食堂-风味窗口,食堂,20.2
T0000449,20220116,2026-03-17,18:09:00,二食堂-大众窗口,食堂,14.81
T0000450,20230025,2026-03-20,17:15:00,二食堂-面食窗口,食堂,13.72
T0000451,20240042,2026-03-11,13:50:00,一食堂-大众窗口,食堂,8.86
T0000452,20220108,2026-03-13,21:54:00,奶茶店,饮品,14.86
T0000453,20220068,2026-03-22,12:01:00,二食堂-面食窗口,食堂,16.17
T0000454,20220104,2026-03-06,07:29:00,一食堂-风味窗口,食堂,21.08
T0000455,20250103,2026-03-04,12:55:00,二食堂-大众窗口,食堂,12.03
T0000456,20220076,2026-03-21,18:25:00,二食堂-面食窗口,食堂,11.46
T0000457,20240094,2026-03-07,17:29:00,一食堂-大众窗口,食堂,13.89
T0000458,20250023,2026-03-11,11:52:00,二食堂-大众窗口,食堂,8.88
T0000459,20230093,2026-03-05,17:18:00,二食堂-面食窗口,食堂,10.44
T0000460,20220104,2026-03-03,08:39:00,一食堂-大众窗口,食堂,10.73
T0000461,20230109,2026-03-03,18:21:00,二食堂-大众窗口,食堂,9.68
T0000462,20250087,2026-03-19,17:15:00,一食堂-风味窗口,食堂,15.03
T0000463,20220072,2026-03-17,18:55:00,二食堂-面食窗口,食堂,17.25
T0000464,20240002,2026-03-10,13:23:00,二食堂-面食窗口,食堂,10.83
T0000465,20220060,2026-03-02,13:54:00,一食堂-大众窗口,食堂,14.81
T0000466,20240030,2026-03-09,08:15:00,一食堂-大众窗口,食堂,10.14
T0000467,20230117,2026-03-10,19:07:00,咖啡店,饮品,19.09
T0000468,20240070,2026-03-16,17:10:00,二食堂-面食窗口,食堂,11.71
T0000469,20240062,2026-03-15,18:54:00,一食堂-大众窗口,食堂,9.57
T0000470,20250007,2026-03-16,17:38:00,一食堂-风味窗口,食堂,16.0
T0000471,20230029,2026-03-13,13:05:00,二食堂-大众窗口,食堂,8.69
T0000472,20240022,2026-03-13,12:50:00,一食堂-大众窗口,食堂,8.28
T0000473,20230089,2026-03-09,12:49:00,二食堂-面食窗口,食堂,13.94
T0000474,20220008,2026-03-16,12:32:00,二食堂-面食窗口,食堂,16.77
T0000475,20240058,2026-03-09,12:35:00,一食堂-风味窗口,食堂,19.19
T0000476,20250035,2026-03-15,18:55:00,一食堂-风味窗口,食堂,12.73
T0000477,20250019,2026-03-12,12:15:00,一食堂-风味窗口,食堂,19.6
T0000478,20230093,2026-03-21,10:53:00,奶茶店,饮品,10.18
T0000479,20230073,2026-03-15,08:36:00,二食堂-大众窗口,食堂,8.98
T0000480,20220012,2026-03-07,07:51:00,二食堂-面食窗口,食堂,17.5
T0000481,20220044,2026-03-22,17:39:00,一食堂-大众窗口,食堂,14.89
T0000482,20240078,2026-03-11,18:40:00,二食堂-面食窗口,食堂,16.33
T0000483,20240054,2026-03-11,07:45:00,二食堂-面食窗口,食堂,17.47
T0000484,20240030,2026-03-06,15:44:00,奶茶店,饮品,11.45
T0000485,20250091,2026-03-16,17:06:00,一食堂-风味窗口,食堂,21.88
T0000486,20240090,2026-03-09,11:39:00,一食堂-风味窗口,食堂,14.95
T0000487,20230069,2026-03-10,08:12:00,二食堂-大众窗口,食堂,13.08
T0000488,20220072,2026-03-18,08:13:00,二食堂-面食窗口,食堂,12.06
T0000489,20250091,2026-03-17,07:22:00,二食堂-面食窗口,食堂,10.76
T0000490,20220080,2026-03-04,17:49:00,一食堂-风味窗口,食堂,21.56
T0000491,20230077,2026-03-03,12:17:00,一食堂-大众窗口,食堂,11.5
T0000492,20250051,2026-03-17,07:25:00,一食堂-风味窗口,食堂,12.42
T0000493,20220072,2026-03-08,18:17:00,一食堂-风味窗口,食堂,12.8
T0000494,20220024,2026-03-08,18:08:00,二食堂-面食窗口,食堂,12.15
T0000495,20250079,2026-03-18,08:12:00,二食堂-面食窗口,食堂,17.14
T0000496,20250075,2026-03-04,07:42:00,二食堂-大众窗口,食堂,8.32
T0000497,20240006,2026-03-07,12:10:00,一食堂-大众窗口,食堂,12.25
T0000498,20240110,2026-03-16,17:23:00,二食堂-面食窗口,食堂,17.74
T0000499,20240010,2026-03-06,19:50:00,咖啡店,饮品,23.04
T0000500,20240026,2026-03-02,07:41:00,二食堂-面食窗口,食堂,13.48
T0000501,20230085,2026-03-18,08:34:00,一食堂-风味窗口,食堂,20.8
T0000502,20220100,2026-03-08,08:33:00,二食堂-面食窗口,食堂,17.22
T0000503,20240030,2026-03-13,12:50:00,一食堂-风味窗口,食堂,12.83
T0000504,20220120,2026-03-08,07:37:00,二食堂-大众窗口,食堂,8.49
T0000505,20240070,2026-03-09,18:29:00,二食堂-面食窗口,食堂,16.22
T0000506,20230097,2026-03-15,17:08:00,一食堂-风味窗口,食堂,14.63
T0000507,20230005,2026-03-09,11:38:00,二食堂-大众窗口,食堂,13.46
T0000508,20230045,2026-03-09,18:36:00,一食堂-大众窗口,食堂,8.57
T0000509,20250011,2026-03-02,18:32:00,二食堂-大众窗口,食堂,11.76
T0000510,20250095,2026-03-06,18:29:00,一食堂-风味窗口,食堂,18.54
T0000511,20240066,2026-03-09,17:35:00,二食堂-面食窗口,食堂,15.43
T0000512,20220064,2026-03-03,18:58:00,二食堂-面食窗口,食堂,14.78
T0000513,20250059,2026-03-09,17:24:00,一食堂-大众窗口,食堂,10.43
T0000514,20240058,2026-03-13,07:12:00,一食堂-大众窗口,食堂,12.71
T0000515,20220024,2026-03-05,12:46:00,一食堂-风味窗口,食堂,18.05
T0000516,20250003,2026-03-15,13:59:00,二食堂-面食窗口,食堂,11.68
T0000517,20230017,2026-03-07,12:51:00,二食堂-面食窗口,食堂,11.16
T0000518,20250039,2026-03-11,12:21:00,一食堂-风味窗口,食堂,19.21
T0000519,20230061,2026-03-11,07:05:00,一食堂-风味窗口,食堂,12.86
T0000520,20230021,2026-03-20,18:05:00,二食堂-面食窗口,食堂,10.7
T0000521,20240014,2026-03-17,12:01:00,一食堂-大众窗口,食堂,8.03
T0000522,20220108,2026-03-05,11:28:00,一食堂-大众窗口,食堂,14.32
T0000523,20240110,2026-03-21,18:55:00,一食堂-风味窗口,食堂,19.98
T0000524,20240038,2026-03-10,18:14:00,二食堂-大众窗口,食堂,1143.07
T0000525,20240086,2026-03-06,17:24:00,二食堂-大众窗口,食堂,14.59
T0000526,20240082,2026-03-22,18:21:00,一食堂-大众窗口,食堂,14.94
T0000527,20240014,2026-03-15,11:54:00,一食堂-风味窗口,食堂,12.7
T0000528,20240030,2026-03-22,18:47:00,二食堂-面食窗口,食堂,10.62
T0000529,20220052,2026-03-20,21:18:00,超市A,超市,9.24
T0000530,20230021,2026-03-05,07:11:00,一食堂-大众窗口,食堂,11.67
T0000531,20240046,2026-03-06,12:30:00,一食堂-大众窗口,食堂,9.15
T0000532,20220048,2026-03-14,12:56:00,二食堂-大众窗口,食堂,12.02
T0000533,20220072,2026-03-03,13:55:00,一食堂-大众窗口,食堂,11.37
T0000534,20230101,2026-03-17,08:51:00,二食堂-大众窗口,食堂,12.0
T0000535,20240042,2026-03-08,17:08:00,二食堂-面食窗口,食堂,12.8
T0000536,20250027,2026-03-21,18:31:00,一食堂-风味窗口,食堂,13.31
T0000537,20230001,2026-03-13,08:11:00,一食堂-大众窗口,食堂,11.84
T0000538,20240010,2026-03-09,08:12:00,一食堂-风味窗口,食堂,18.14
T0000539,20230041,2026-03-15,11:27:00,一食堂-大众窗口,食堂,11.16
T0000540,20220044,2026-03-06,07:34:00,一食堂-风味窗口,食堂,19.18
T0000541,20230009,2026-03-19,07:17:00,二食堂-大众窗口,食堂,13.11
T0000542,20250071,2026-03-10,18:23:00,一食堂-风味窗口,食堂,12.07
T0000543,20250003,2026-03-18,08:27:00,二食堂-面食窗口,食堂,13.06
T0000544,20240110,2026-03-22,18:56:00,二食堂-大众窗口,食堂,13.77
T0000545,20220108,2026-03-12,13:23:00,二食堂-面食窗口,食堂,14.18
T0000546,20220060,2026-03-22,13:53:00,二食堂-面食窗口,食堂,16.99
T0000547,20220008,2026-03-17,13:57:00,二食堂-面食窗口,食堂,15.31
T0000548,20240094,2026-03-02,07:27:00,一食堂-大众窗口,食堂,12.15
T0000549,20230117,2026-03-04,18:56:00,一食堂-大众窗口,食堂,8.3
T0000550,20230009,2026-03-02,17:21:00,二食堂-大众窗口,食堂,8.01
T0000551,20240074,2026-03-09,18:52:00,一食堂-风味窗口,食堂,18.54
T0000552,20220048,2026-03-21,07:23:00,二食堂-大众窗口,食堂,12.66
T0000553,20230017,2026-03-19,08:30:00,一食堂-大众窗口,食堂,12.87
T0000554,20230113,2026-03-18,08:43:00,一食堂-大众窗口,食堂,12.3
T0000555,20230073,2026-03-05,08:57:00,一食堂-大众窗口,食堂,8.84
T0000556,20220016,2026-03-16,08:45:00,二食堂-大众窗口,食堂,10.3
T0000557,20240098,2026-03-11,08:31:00,一食堂-风味窗口,食堂,16.79
T0000558,20230069,2026-03-19,07:38:00,二食堂-面食窗口,食堂,10.77
T0000559,20230117,2026-03-17,18:50:00,二食堂-面食窗口,食堂,13.7
T0000560,20220028,2026-03-18,08:39:00,二食堂-面食窗口,食堂,10.03
T0000561,20240086,2026-03-13,08:08:00,一食堂-大众窗口,食堂,13.65
T0000562,20220120,2026-03-21,17:47:00,一食堂-大众窗口,食堂,10.62
T0000563,20220044,2026-03-16,13:13:00,一食堂-大众窗口,食堂,10.97
T0000564,20250011,2026-03-04,17:38:00,二食堂-大众窗口,食堂,11.34
T0000565,20230109,2026-03-17,08:53:00,一食堂-风味窗口,食堂,21.79
T0000566,20250015,2026-03-21,11:38:00,二食堂-面食窗口,食堂,12.58
T0000567,20250035,2026-03-02,17:54:00,二食堂-大众窗口,食堂,8.54
T0000568,20220044,2026-03-21,12:46:00,一食堂-风味窗口,食堂,15.74
T0000569,20240066,2026-03-17,18:39:00,二食堂-面食窗口,食堂,15.98
T0000570,20240002,2026-03-09,18:41:00,一食堂-大众窗口,食堂,8.76
T0000571,20230097,2026-03-20,08:07:00,一食堂-大众窗口,食堂,11.44
T0000572,20230081,2026-03-08,17:28:00,一食堂-风味窗口,食堂,14.99
T0000573,20250019,2026-03-02,08:03:00,二食堂-面食窗口,食堂,15.87
T0000574,20220020,2026-03-06,18:11:00,一食堂-大众窗口,食堂,13.95
T0000575,20250071,2026-03-12,18:48:00,一食堂-风味窗口,食堂,12.25
T0000576,20240062,2026-03-02,17:25:00,一食堂-大众窗口,食堂,12.15
T0000577,20240002,2026-03-16,12:27:00,二食堂-大众窗口,食堂,9.56
T0000578,20230089,2026-03-20,13:20:00,一食堂-大众窗口,食堂,13.03
T0000579,20220064,2026-03-12,07:34:00,二食堂-面食窗口,食堂,17.82
T0000580,20220052,2026-03-15,15:48:00,超市A,超市,9.18
T0000581,20220048,2026-03-11,17:39:00,二食堂-大众窗口,食堂,11.08
T0000582,20230117,2026-03-18,18:24:00,二食堂-面食窗口,食堂,17.24
T0000583,20230085,2026-03-13,07:12:00,一食堂-风味窗口,食堂,16.51
T0000584,20220044,2026-03-22,12:34:00,二食堂-大众窗口,食堂,8.69
T0000585,20220076,2026-03-10,07:16:00,二食堂-面食窗口,食堂,13.35
T0000586,20220100,2026-03-10,08:22:00,二食堂-面食窗口,食堂,10.24
T0000587,20240002,2026-03-07,13:42:00,一食堂-风味窗口,食堂,20.45
T0000588,20220084,2026-03-14,07:15:00,二食堂-大众窗口,食堂,14.1
T0000589,20240018,2026-03-03,08:05:00,一食堂-风味窗口,食堂,20.68
T0000590,20240062,2026-03-02,08:52:00,二食堂-大众窗口,食堂,10.6
T0000591,20250083,2026-03-05,07:50:00,二食堂-大众窗口,食堂,11.76
T0000592,20240118,2026-03-09,11:34:00,一食堂-大众窗口,食堂,11.19
T0000593,20230001,2026-03-12,18:57:00,二食堂-面食窗口,食堂,17.38
T0000594,20230081,2026-03-15,17:08:00,一食堂-风味窗口,食堂,14.36
T0000595,20240010,2026-03-13,19:58:00,奶茶店,饮品,15.72
T0000596,20230005,2026-03-04,17:14:00,二食堂-面食窗口,食堂,11.56
T0000597,20220076,2026-03-18,08:41:00,一食堂-风味窗口,食堂,17.48
T0000598,20250051,2026-03-14,21:33:00,咖啡店,饮品,15.09
T0000599,20240034,2026-03-20,08:04:00,一食堂-风味窗口,食堂,14.99
T0000600,20240038,2026-03-06,18:04:00,二食堂-面食窗口,食堂,15.51
T0000601,20250063,2026-03-02,13:45:00,二食堂-大众窗口,食堂,10.72
T0000602,20250091,2026-03-15,12:31:00,二食堂-面食窗口,食堂,10.19
T0000603,20220032,2026-03-05,07:05:00,一食堂-风味窗口,食堂,14.71
T0000604,20220096,2026-03-10,12:35:00,二食堂-面食窗口,食堂,14.15
T0000605,20230069,2026-03-19,19:43:00,便利店,超市,7.52
T0000606,20220008,2026-03-17,08:02:00,二食堂-大众窗口,食堂,14.56
T0000607,20220060,2026-03-10,13:29:00,二食堂-面食窗口,食堂,10.61
T0000608,20250019,2026-03-06,12:38:00,一食堂-大众窗口,食堂,11.74
T0000609,20220028,2026-03-18,18:07:00,二食堂-大众窗口,食堂,12.12
T0000610,20250055,2026-03-05,08:02:00,二食堂-大众窗口,食堂,13.79
T0000611,20230057,2026-03-12,08:26:00,一食堂-风味窗口,食堂,17.3
T0000612,20220072,2026-03-19,12:08:00,一食堂-大众窗口,食堂,12.97
T0000613,20220116,2026-03-05,08:38:00,一食堂-风味窗口,食堂,18.83
T0000614,20230101,2026-03-05,12:44:00,一食堂-大众窗口,食堂,9.52
T0000615,20230057,2026-03-09,17:31:00,二食堂-大众窗口,食堂,11.44
T0000616,20230045,2026-03-15,17:51:00,二食堂-面食窗口,食堂,14.24
T0000617,20220040,2026-03-03,18:15:00,二食堂-面食窗口,食堂,15.95
T0000618,20230041,2026-03-12,07:09:00,一食堂-风味窗口,食堂,17.65
T0000619,20220020,2026-03-16,11:03:00,二食堂-大众窗口,食堂,12.03
T0000620,20230081,2026-03-06,17:20:00,一食堂-风味窗口,食堂,13.71
T0000621,20240074,2026-03-19,18:05:00,二食堂-大众窗口,食堂,11.2
T0000622,20240086,2026-03-11,18:19:00,二食堂-面食窗口,食堂,15.43
T0000623,20250099,2026-03-06,18:03:00,一食堂-大众窗口,食堂,11.04
T0000624,20240010,2026-03-05,07:23:00,二食堂-大众窗口,食堂,9.01
T0000625,20250007,2026-03-02,12:44:00,二食堂-大众窗口,食堂,8.29
T0000626,20250119,2026-03-12,12:27:00,一食堂-大众窗口,食堂,11.03
T0000627,20220112,2026-03-14,17:13:00,二食堂-面食窗口,食堂,11.75
T0000628,20250115,2026-03-08,17:37:00,二食堂-大众窗口,食堂,14.92
T0000629,20240090,2026-03-06,10:49:00,奶茶店,饮品,14.59
T0000630,20220092,2026-03-06,11:21:00,一食堂-大众窗口,食堂,9.23
T0000631,20250095,2026-03-11,08:55:00,二食堂-大众窗口,食堂,13.28
T0000632,20230021,2026-03-09,18:23:00,二食堂-大众窗口,食堂,11.77
T0000633,20250007,2026-03-04,08:52:00,二食堂-面食窗口,食堂,11.97
T0000634,20220080,2026-03-09,18:10:00,一食堂-风味窗口,食堂,18.35
T0000635,20240070,2026-03-10,17:53:00,一食堂-大众窗口,食堂,14.19
T0000636,20230009,2026-03-22,19:13:00,超市A,超市,3.6
T0000637,20250051,2026-03-07,18:04:00,一食堂-风味窗口,食堂,21.96
T0000638,20230033,2026-03-02,18:20:00,二食堂-大众窗口,食堂,14.88
T0000639,20230081,2026-03-21,12:09:00,二食堂-面食窗口,食堂,10.5
T0000640,20230025,2026-03-18,13:13:00,二食堂-大众窗口,食堂,14.5
T0000641,20250083,2026-03-11,07:59:00,一食堂-风味窗口,食堂,15.55
T0000642,20220028,2026-03-13,07:48:00,二食堂-大众窗口,食堂,13.46
T0000643,20220104,2026-03-06,18:15:00,一食堂-大众窗口,食堂,14.42
T0000644,20230021,2026-03-18,17:53:00,二食堂-大众窗口,食堂,10.52
T0000645,20220060,2026-03-09,11:17:00,一食堂-大众窗口,食堂,9.32
T0000646,20250015,2026-03-05,18:36:00,一食堂-大众窗口,食堂,9.69
T0000647,20240118,2026-03-22,18:31:00,二食堂-面食窗口,食堂,12.08
T0000648,20220016,2026-03-10,12:58:00,一食堂-大众窗口,食堂,14.43
T0000649,20220044,2026-03-08,18:35:00,一食堂-风味窗口,食堂,20.99
T0000650,20220092,2026-03-09,18:16:00,一食堂-风味窗口,食堂,16.34
T0000651,20230057,2026-03-22,11:01:00,二食堂-面食窗口,食堂,15.86
T0000652,20220116,2026-03-20,08:25:00,二食堂-面食窗口,食堂,14.39
T0000653,20240058,2026-03-16,17:11:00,二食堂-大众窗口,食堂,8.9
T0000654,20220076,2026-03-12,19:32:00,奶茶店,饮品,17.67
T0000655,20230017,2026-03-11,18:18:00,二食堂-大众窗口,食堂,13.37
T0000656,20220012,2026-03-16,08:36:00,二食堂-面食窗口,食堂,16.94
T0000657,20250043,2026-03-05,18:21:00,二食堂-大众窗口,食堂,9.62
T0000658,20220072,2026-03-13,17:48:00,二食堂-大众窗口,食堂,10.38
T0000659,20250035,2026-03-03,11:38:00,二食堂-面食窗口,食堂,15.46
T0000660,20240110,2026-03-09,18:40:00,一食堂-风味窗口,食堂,13.97
T0000661,20250079,2026-03-05,18:30:00,二食堂-面食窗口,食堂,13.96
T0000662,20230069,2026-03-13,08:52:00,二食堂-面食窗口,食堂,13.33
T0000663,20220100,2026-03-16,08:50:00,一食堂-风味窗口,食堂,17.03
T0000664,20240010,2026-03-22,18:26:00,二食堂-大众窗口,食堂,14.35
T0000665,20240006,2026-03-12,15:53:00,奶茶店,饮品,15.84
T0000666,20240102,2026-03-03,08:39:00,一食堂-风味窗口,食堂,18.42
T0000667,20240070,2026-03-02,11:45:00,二食堂-大众窗口,食堂,10.5
T0000668,20230017,2026-03-22,11:06:00,一食堂-大众窗口,食堂,13.42
T0000669,20220072,2026-03-03,18:23:00,一食堂-风味窗口,食堂,21.75
T0000670,20240014,2026-03-21,12:15:00,二食堂-大众窗口,食堂,10.54
T0000671,20230077,2026-03-05,18:11:00,一食堂-大众窗口,食堂,11.3
T0000672,20220112,2026-03-11,18:20:00,二食堂-大众窗口,食堂,14.0
T0000673,20250103,2026-03-18,18:33:00,二食堂-大众窗口,食堂,14.21
T0000674,20230065,2026-03-17,12:41:00,二食堂-大众窗口,食堂,8.02
T0000675,20220060,2026-03-17,07:37:00,二食堂-面食窗口,食堂,12.34
T0000676,20250003,2026-03-04,15:38:00,便利店,超市,12.44
T0000677,20230069,2026-03-14,11:18:00,二食堂-大众窗口,食堂,12.65
T0000678,20220072,2026-03-10,13:34:00,二食堂-面食窗口,食堂,13.4
T0000679,20240066,2026-03-10,12:22:00,二食堂-大众窗口,食堂,12.68
T0000680,20230097,2026-03-16,07:04:00,一食堂-风味窗口,食堂,12.56
T0000681,20230117,2026-03-20,11:47:00,一食堂-风味窗口,食堂,16.37
T0000682,20250067,2026-03-21,12:37:00,一食堂-风味窗口,食堂,18.92
T0000683,20250075,2026-03-18,18:05:00,一食堂-大众窗口,食堂,13.55
T0000684,20240026,2026-03-02,12:32:00,一食堂-风味窗口,食堂,13.35
T0000685,20250083,2026-03-19,08:18:00,一食堂-大众窗口,食堂,10.16
T0000686,20240102,2026-03-02,18:37:00,二食堂-面食窗口,食堂,14.86
T0000687,20240078,2026-03-21,13:05:00,二食堂-面食窗口,食堂,13.21
T0000688,20240090,2026-03-09,07:01:00,二食堂-大众窗口,食堂,11.98
T0000689,20250023,2026-03-07,17:59:00,一食堂-风味窗口,食堂,14.62
T0000690,20230089,2026-03-12,11:55:00,二食堂-面食窗口,食堂,11.7
T0000691,20220036,2026-03-19,18:39:00,二食堂-面食窗口,食堂,16.86
T0000692,20230033,2026-03-14,18:58:00,二食堂-面食窗口,食堂,15.41
T0000693,20250047,2026-03-10,07:25:00,二食堂-大众窗口,食堂,9.47
T0000694,20240022,2026-03-21,17:17:00,二食堂-面食窗口,食堂,13.27
T0000695,20250067,2026-03-03,08:21:00,一食堂-风味窗口,食堂,20.75
T0000696,20240078,2026-03-08,13:06:00,一食堂-风味窗口,食堂,15.63
T0000697,20220104,2026-03-08,11:07:00,一食堂-风味窗口,食堂,14.96
T0000698,20240114,2026-03-05,11:32:00,一食堂-大众窗口,食堂,8.16
T0000699,20230037,2026-03-09,12:07:00,二食堂-面食窗口,食堂,16.84
T0000700,20230029,2026-03-03,17:39:00,一食堂-风味窗口,食堂,13.72
T0000701,20230041,2026-03-17,18:33:00,二食堂-大众窗口,食堂,10.76
T0000702,20240074,2026-03-02,07:27:00,二食堂-大众窗口,食堂,8.69
T0000703,20220096,2026-03-14,17:40:00,二食堂-面食窗口,食堂,14.0
T0000704,20240062,2026-03-20,17:29:00,一食堂-大众窗口,食堂,13.24
T0000705,20230053,2026-03-08,17:13:00,一食堂-风味窗口,食堂,21.08
T0000706,20230053,2026-03-12,12:06:00,二食堂-大众窗口,食堂,12.56
T0000707,20230081,2026-03-11,18:39:00,一食堂-风味窗口,食堂,20.39
T0000708,20230009,2026-03-04,18:49:00,二食堂-面食窗口,食堂,16.95
T0000709,20230061,2026-03-09,18:16:00,二食堂-面食窗口,食堂,12.64
T0000710,20240018,2026-03-18,18:45:00,二食堂-面食窗口,食堂,11.98
T0000711,20220104,2026-03-07,15:15:00,咖啡店,饮品,15.93
T0000712,20220036,2026-03-12,18:16:00,二食堂-面食窗口,食堂,14.16
T0000713,20220116,2026-03-05,12:25:00,二食堂-大众窗口,食堂,9.59
T0000714,20220076,2026-03-20,17:35:00,二食堂-面食窗口,食堂,16.45
T0000715,20220076,2026-03-15,18:19:00,一食堂-风味窗口,食堂,15.15
T0000716,20250007,2026-03-03,07:29:00,二食堂-大众窗口,食堂,14.12
T0000717,20230073,2026-03-07,12:26:00,二食堂-大众窗口,食堂,12.71
T0000718,20250083,2026-03-21,07:20:00,一食堂-大众窗口,食堂,12.01
T0000719,20240042,2026-03-04,17:36:00,一食堂-风味窗口,食堂,20.19
T0000720,20240050,2026-03-16,12:01:00,二食堂-面食窗口,食堂,14.56
T0000721,20230085,2026-03-09,19:31:00,奶茶店,饮品,7.04
T0000722,20240022,2026-03-14,19:05:00,水果店,超市,23.36
T0000723,20220012,2026-03-05,11:24:00,二食堂-面食窗口,食堂,14.11
T0000724,20230033,2026-03-11,18:54:00,二食堂-大众窗口,食堂,12.73
T0000725,20240022,2026-03-19,13:02:00,二食堂-大众窗口,食堂,11.31
T0000726,20230041,2026-03-21,18:08:00,一食堂-大众窗口,食堂,13.28
T0000727,20240014,2026-03-03,08:18:00,一食堂-大众窗口,食堂,10.54
T0000728,20240086,2026-03-07,12:56:00,一食堂-大众窗口,食堂,14.53
T0000729,20240002,2026-03-06,07:28:00,二食堂-大众窗口,食堂,9.07
T0000730,20240034,2026-03-17,11:45:00,一食堂-大众窗口,食堂,11.79
T0000731,20250115,2026-03-16,21:24:00,水果店,超市,4.11
T0000732,20250023,2026-03-15,10:41:00,便利店,超市,6.68
T0000733,20250091,2026-03-19,11:20:00,一食堂-大众窗口,食堂,10.47
T0000734,20250047,2026-03-21,11:03:00,二食堂-大众窗口,食堂,13.15
T0000735,20250083,2026-03-20,11:17:00,二食堂-面食窗口,食堂,14.61
T0000736,20240106,2026-03-05,17:28:00,二食堂-大众窗口,食堂,9.81
T0000737,20240118,2026-03-06,17:55:00,二食堂-大众窗口,食堂,8.56
T0000738,20240042,2026-03-16,13:00:00,二食堂-大众窗口,食堂,10.25
T0000739,20250091,2026-03-21,12:46:00,二食堂-大众窗口,食堂,9.57
T0000740,20230101,2026-03-02,12:18:00,二食堂-面食窗口,食堂,13.68
T0000741,20220104,2026-03-10,18:10:00,一食堂-风味窗口,食堂,20.21
T0000742,20250015,2026-03-13,07:01:00,一食堂-风味窗口,食堂,19.08
T0000743,20220100,2026-03-13,08:31:00,一食堂-大众窗口,食堂,10.09
T0000744,20230061,2026-03-04,18:21:00,二食堂-大众窗口,食堂,13.64
T0000745,20240010,2026-03-17,08:36:00,二食堂-大众窗口,食堂,10.48
T0000746,20250011,2026-03-16,18:04:00,一食堂-大众窗口,食堂,13.88
T0000747,20250075,2026-03-21,12:31:00,二食堂-面食窗口,食堂,16.75
T0000748,20230045,2026-03-07,13:06:00,二食堂-大众窗口,食堂,12.85
T0000749,20240102,2026-03-12,18:03:00,二食堂-面食窗口,食堂,10.99
T0000750,20230029,2026-03-02,18:31:00,二食堂-大众窗口,食堂,9.49
T0000751,20220064,2026-03-19,11:18:00,二食堂-面食窗口,食堂,14.32
T0000752,20230065,2026-03-04,18:07:00,二食堂-大众窗口,食堂,8.93
T0000753,20250075,2026-03-07,21:13:00,水果店,超市,13.55
T0000754,20240098,2026-03-12,08:25:00,一食堂-大众窗口,食堂,9.63
T0000755,20220008,2026-03-02,17:54:00,二食堂-大众窗口,食堂,8.56
T0000756,20250011,2026-03-12,17:38:00,一食堂-风味窗口,食堂,18.81
T0000757,20240118,2026-03-08,17:54:00,二食堂-面食窗口,食堂,13.32
T0000758,20230009,2026-03-22,11:05:00,二食堂-大众窗口,食堂,9.85
T0000759,20230005,2026-03-05,08:00:00,二食堂-大众窗口,食堂,8.6
T0000760,20220016,2026-03-02,13:42:00,二食堂-大众窗口,食堂,11.22
T0000761,20230001,2026-03-08,18:52:00,二食堂-大众窗口,食堂,8.23
T0000762,20250027,2026-03-06,08:16:00,一食堂-风味窗口,食堂,13.15
T0000763,20240046,2026-03-22,13:26:00,二食堂-大众窗口,食堂,8.09
T0000764,,2026-03-08,08:27:00,一食堂-风味窗口,食堂,19.98
T0000765,20230057,2026-03-03,08:36:00,二食堂-大众窗口,食堂,9.39
T0000766,20220052,2026-03-20,13:17:00,二食堂-大众窗口,食堂,10.46
T0000767,20240070,2026-03-07,17:26:00,一食堂-风味窗口,食堂,21.9
T0000768,20230025,2026-03-10,18:25:00,二食堂-大众窗口,食堂,8.57
T0000769,20230085,2026-03-08,12:22:00,一食堂-风味窗口,食堂,15.8
T0000770,20220012,2026-03-12,11:53:00,二食堂-大众窗口,食堂,14.25
T0000771,20250119,2026-03-05,07:58:00,一食堂-大众窗口,食堂,13.83
T0000772,20250027,2026-03-08,15:00:00,奶茶店,饮品,7.35
T0000773,20220080,2026-03-07,08:24:00,一食堂-风味窗口,食堂,17.42
T0000774,20250111,2026-03-17,08:43:00,一食堂-风味窗口,食堂,21.54
T0000775,20230029,2026-03-15,17:30:00,一食堂-大众窗口,食堂,8.67
T0000776,20240054,2026-03-02,07:36:00,二食堂-面食窗口,食堂,10.55
T0000777,20250091,2026-03-17,17:40:00,二食堂-大众窗口,食堂,14.65
T0000778,20250079,2026-03-07,11:29:00,二食堂-大众窗口,食堂,9.52
T0000779,20240110,2026-03-20,17:07:00,一食堂-大众窗口,食堂,13.01
T0000780,20250071,2026-03-17,08:46:00,一食堂-大众窗口,食堂,14.73
T0000781,20230021,2026-03-14,12:35:00,二食堂-大众窗口,食堂,9.95
T0000782,20230085,2026-03-15,07:31:00,一食堂-风味窗口,食堂,13.99
T0000783,20230093,2026-03-15,12:41:00,二食堂-大众窗口,食堂,13.13
T0000784,20250071,2026-03-13,08:37:00,二食堂-大众窗口,食堂,12.72
T0000785,20240094,2026-03-09,12:51:00,二食堂-大众窗口,食堂,14.63
T0000786,,2026-03-15,08:03:00,二食堂-大众窗口,食堂,14.91
T0000787,20220096,2026-03-22,18:39:00,二食堂-面食窗口,食堂,13.15
T0000788,20230097,2026-03-03,11:47:00,一食堂-大众窗口,食堂,8.44
T0000789,20250107,2026-03-05,08:20:00,二食堂-大众窗口,食堂,11.73
T0000790,20220092,2026-03-11,08:27:00,一食堂-风味窗口,食堂,13.63
T0000791,20250063,2026-03-06,12:27:00,二食堂-大众窗口,食堂,8.21
T0000792,20230073,2026-03-17,18:55:00,二食堂-面食窗口,食堂,11.81
T0000793,20230045,2026-03-06,17:42:00,二食堂-面食窗口,食堂,16.06
T0000794,20220064,2026-03-11,08:40:00,一食堂-风味窗口,食堂,21.83
T0000795,20220016,2026-03-19,08:18:00,二食堂-大众窗口,食堂,12.63
T0000796,20230017,2026-03-22,15:22:00,超市A,超市,14.7
T0000797,20250087,2026-03-13,11:55:00,二食堂-面食窗口,食堂,11.63
T0000798,20250111,2026-03-17,18:49:00,二食堂-大众窗口,食堂,8.29
T0000799,20250043,2026-03-19,18:39:00,一食堂-大众窗口,食堂,10.21
T0000800,20230021,2026-03-03,18:15:00,二食堂-面食窗口,食堂,14.5
T0000801,20230025,2026-03-08,13:14:00,二食堂-大众窗口,食堂,10.69
T0000802,20220064,2026-03-20,08:30:00,一食堂-大众窗口,食堂,14.18
T0000803,20220040,2026-03-09,17:26:00,二食堂-大众窗口,食堂,13.77
T0000804,20250083,2026-03-16,12:58:00,二食堂-大众窗口,食堂,9.14
T0000805,20240114,2026-03-09,08:43:00,一食堂-大众窗口,食堂,11.69
T0000806,20250051,2026-03-07,11:16:00,一食堂-大众窗口,食堂,11.84
T0000807,20250023,2026-03-22,12:43:00,二食堂-大众窗口,食堂,12.95
T0000808,20240046,2026-03-19,18:06:00,二食堂-大众窗口,食堂,13.67
T0000809,20220044,2026-03-12,07:36:00,一食堂-大众窗口,食堂,9.4
T0000810,20230053,2026-03-12,18:31:00,一食堂-风味窗口,食堂,13.92
T0000811,20230021,2026-03-13,12:49:00,二食堂-大众窗口,食堂,8.01
T0000812,20230057,2026-03-21,17:03:00,二食堂-大众窗口,食堂,11.71
T0000813,20240030,2026-03-20,11:48:00,二食堂-大众窗口,食堂,13.84
T0000814,20220036,2026-03-20,12:16:00,一食堂-风味窗口,食堂,12.67
T0000815,20220100,2026-03-13,13:05:00,二食堂-面食窗口,食堂,14.8
T0000816,20220016,2026-03-03,17:39:00,二食堂-面食窗口,食堂,11.25
T0000817,20240094,2026-03-05,18:03:00,一食堂-大众窗口,食堂,8.66
T0000818,20250019,2026-03-06,17:00:00,一食堂-风味窗口,食堂,13.29
T0000819,20250031,2026-03-04,12:20:00,二食堂-大众窗口,食堂,14.49
T0000820,20240046,2026-03-17,08:12:00,二食堂-面食窗口,食堂,17.88
T0000821,20240074,2026-03-09,08:48:00,二食堂-大众窗口,食堂,12.76
T0000822,20230089,2026-03-15,10:23:00,便利店,超市,14.68
T0000823,20250015,2026-03-16,18:12:00,二食堂-大众窗口,食堂,9.71
T0000824,20230117,2026-03-05,18:45:00,二食堂-面食窗口,食堂,15.94
T0000825,20230105,2026-03-16,12:30:00,二食堂-面食窗口,食堂,11.28
T0000826,20250039,2026-03-22,12:22:00,二食堂-面食窗口,食堂,10.91
T0000827,20250075,2026-03-17,08:43:00,一食堂-风味窗口,食堂,21.25
T0000828,20240042,2026-03-03,18:38:00,二食堂-大众窗口,食堂,13.15
T0000829,20240014,2026-03-09,08:36:00,一食堂-风味窗口,食堂,15.74
T0000830,20230073,2026-03-06,08:24:00,一食堂-大众窗口,食堂,11.46
T0000831,20230085,2026-03-05,18:34:00,二食堂-面食窗口,食堂,17.62
T0000832,20240110,2026-03-07,11:50:00,二食堂-面食窗口,食堂,14.82
T0000833,20220028,2026-03-06,08:14:00,一食堂-风味窗口,食堂,15.81
T0000834,20240058,2026-03-10,18:35:00,一食堂-风味窗口,食堂,21.69
T0000835,20240026,2026-03-18,18:11:00,二食堂-面食窗口,食堂,16.36
T0000836,20230061,2026-03-12,13:35:00,二食堂-面食窗口,食堂,10.12
T0000837,20230117,2026-03-13,08:27:00,二食堂-面食窗口,食堂,17.82
T0000838,20250007,2026-03-16,12:55:00,一食堂-大众窗口,食堂,8.67
T0000839,20230085,2026-03-12,12:40:00,一食堂-风味窗口,食堂,19.81
T0000840,20250051,2026-03-18,18:41:00,一食堂-风味窗口,食堂,13.22
T0000841,20220096,2026-03-09,18:44:00,一食堂-风味窗口,食堂,13.86
T0000842,20240070,2026-03-04,17:14:00,二食堂-大众窗口,食堂,8.71
T0000843,20230021,2026-03-22,12:10:00,一食堂-风味窗口,食堂,21.67
T0000844,20250039,2026-03-12,07:16:00,二食堂-面食窗口,食堂,15.37
T0000845,20250059,2026-03-12,08:18:00,二食堂-面食窗口,食堂,14.7
T0000846,20240054,2026-03-16,07:44:00,二食堂-面食窗口,食堂,13.38
T0000847,20240038,2026-03-11,08:00:00,一食堂-大众窗口,食堂,10.6
T0000848,20230009,2026-03-11,07:00:00,二食堂-大众窗口,食堂,14.49
T0000849,20230005,2026-03-10,07:43:00,二食堂-大众窗口,食堂,12.78
T0000850,20240038,2026-03-05,17:58:00,一食堂-大众窗口,食堂,11.94
T0000851,20240054,2026-03-03,12:46:00,一食堂-风味窗口,食堂,16.77
T0000852,20250031,2026-03-09,17:51:00,一食堂-风味窗口,食堂,14.2
T0000853,20230009,2026-03-15,13:51:00,二食堂-面食窗口,食堂,11.72
T0000854,20250099,2026-03-20,17:30:00,二食堂-大众窗口,食堂,13.19
T0000855,20250055,2026-03-20,08:34:00,二食堂-面食窗口,食堂,16.45
T0000856,20240050,2026-03-09,15:55:00,咖啡店,饮品,21.3
T0000857,20220072,2026-03-02,11:17:00,一食堂-大众窗口,食堂,9.11
T0000858,20240062,2026-03-14,17:55:00,二食堂-大众窗口,食堂,8.73
T0000859,20220060,2026-03-14,12:47:00,二食堂-大众窗口,食堂,8.42
T0000860,20230041,2026-03-02,10:45:00,咖啡店,饮品,8.37
T0000861,20240034,2026-03-22,15:49:00,奶茶店,饮品,6.36
T0000862,20220004,2026-03-19,07:15:00,一食堂-大众窗口,食堂,10.23
T0000863,20240022,2026-03-12,18:39:00,一食堂-大众窗口,食堂,8.35
T0000864,20250043,2026-03-12,08:35:00,二食堂-大众窗口,食堂,13.49
T0000865,20230109,2026-03-18,07:50:00,二食堂-大众窗口,食堂,8.01
T0000866,20250083,2026-03-18,10:26:00,奶茶店,饮品,11.6
T0000867,20230077,2026-03-05,12:01:00,二食堂-大众窗口,食堂,11.75
T0000868,20240050,2026-03-21,11:50:00,一食堂-风味窗口,食堂,20.91
T0000869,20220068,2026-03-15,18:38:00,一食堂-大众窗口,食堂,14.18
T0000870,20230085,2026-03-04,08:36:00,二食堂-面食窗口,食堂,15.95
T0000871,20240002,2026-03-19,12:24:00,一食堂-风味窗口,食堂,16.91
T0000872,20220108,2026-03-19,18:09:00,二食堂-大众窗口,食堂,13.38
T0000873,20230105,2026-03-07,12:02:00,二食堂-大众窗口,食堂,8.83
T0000874,20230025,2026-03-03,18:54:00,二食堂-面食窗口,食堂,11.56
T0000875,20240062,2026-03-02,11:34:00,二食堂-面食窗口,食堂,13.63
T0000876,20250115,2026-03-10,21:47:00,便利店,超市,8.19
T0000877,20250027,2026-03-22,17:12:00,二食堂-大众窗口,食堂,11.47
T0000878,20240070,2026-03-13,12:46:00,一食堂-风味窗口,食堂,17.27
T0000879,20230001,2026-03-13,13:24:00,一食堂-大众窗口,食堂,12.72
T0000880,20250003,2026-03-12,15:25:00,超市A,超市,4.76
T0000881,20220052,2026-03-15,08:11:00,二食堂-面食窗口,食堂,10.12
T0000882,20220044,2026-03-20,07:07:00,一食堂-大众窗口,食堂,13.94
T0000883,20230077,2026-03-10,18:20:00,一食堂-风味窗口,食堂,15.83
T0000884,20230113,2026-03-12,12:52:00,一食堂-大众窗口,食堂,8.16
T0000885,20220072,2026-03-07,13:41:00,二食堂-面食窗口,食堂,12.4
T0000886,20250095,2026-03-14,13:46:00,一食堂-大众窗口,食堂,13.76
T0000887,20230057,2026-03-13,12:10:00,一食堂-大众窗口,食堂,8.4
T0000888,20220052,2026-03-21,12:54:00,二食堂-面食窗口,食堂,17.83
T0000889,20240066,2026-03-04,18:06:00,二食堂-大众窗口,食堂,14.77
T0000890,20230005,2026-03-16,17:51:00,二食堂-大众窗口,食堂,9.02
T0000891,20250099,2026-03-21,17:42:00,一食堂-风味窗口,食堂,21.47
T0000892,20230017,2026-03-19,17:13:00,一食堂-风味窗口,食堂,14.38
T0000893,20230029,2026-03-18,18:00:00,二食堂-大众窗口,食堂,10.68
T0000894,20220052,2026-03-11,07:32:00,二食堂-大众窗口,食堂,9.48
T0000895,20250119,2026-03-14,18:43:00,二食堂-大众窗口,食堂,10.95
T0000896,20230093,2026-03-11,15:33:00,咖啡店,饮品,12.89
T0000897,20220052,2026-03-06,07:05:00,一食堂-风味窗口,食堂,18.26
T0000898,20250035,2026-03-17,18:13:00,二食堂-大众窗口,食堂,11.89
T0000899,20220084,2026-03-07,17:59:00,二食堂-面食窗口,食堂,11.25
T0000900,20250107,2026-03-06,12:36:00,一食堂-大众窗口,食堂,11.62
T0000901,20220108,2026-03-10,12:58:00,二食堂-大众窗口,食堂,9.76
T0000902,20240094,2026-03-03,17:59:00,二食堂-面食窗口,食堂,17.59
T0000903,20250087,2026-03-04,08:44:00,二食堂-大众窗口,食堂,11.01
T0000904,20250103,2026-03-11,17:15:00,一食堂-大众窗口,食堂,12.79
T0000905,20250087,2026-03-21,13:26:00,二食堂-面食窗口,食堂,13.76
T0000906,20240082,2026-03-19,12:47:00,一食堂-大众窗口,食堂,8.61
T0000907,20230037,2026-03-05,07:50:00,一食堂-风味窗口,食堂,15.82
T0000908,20250019,2026-03-19,12:35:00,二食堂-面食窗口,食堂,16.28
T0000909,20220112,2026-03-20,18:08:00,二食堂-面食窗口,食堂,14.8
T0000910,20240010,2026-03-05,17:36:00,一食堂-风味窗口,食堂,14.36
T0000911,20220112,2026-03-12,12:51:00,二食堂-大众窗口,食堂,8.75
T0000912,20240078,2026-03-20,07:48:00,一食堂-风味窗口,食堂,20.68
T0000913,20240010,2026-03-21,12:27:00,二食堂-面食窗口,食堂,15.96
T0000914,20240034,2026-03-05,07:53:00,二食堂-面食窗口,食堂,13.62
T0000915,20230025,2026-03-05,13:11:00,一食堂-风味窗口,食堂,19.74
T0000916,20230081,2026-03-15,12:14:00,一食堂-大众窗口,食堂,13.02
T0000917,20250003,2026-03-22,17:42:00,二食堂-面食窗口,食堂,13.38
T0000918,20240014,2026-03-12,12:12:00,二食堂-大众窗口,食堂,10.46
T0000919,20220052,2026-03-17,11:00:00,二食堂-大众窗口,食堂,13.37
T0000920,20230045,2026-03-21,12:56:00,一食堂-风味窗口,食堂,15.05
T0000921,20240118,2026-03-18,08:05:00,二食堂-大众窗口,食堂,9.98
T0000922,20220060,2026-03-16,17:36:00,二食堂-面食窗口,食堂,16.04
T0000923,20250007,2026-03-13,18:43:00,二食堂-大众窗口,食堂,10.25
T0000924,20240014,2026-03-07,17:10:00,二食堂-面食窗口,食堂,17.72
T0000925,20240094,2026-03-02,19:04:00,水果店,超市,19.51
T0000926,20220112,2026-03-04,08:26:00,一食堂-风味窗口,食堂,21.21
T0000927,20220096,2026-03-13,18:35:00,二食堂-大众窗口,食堂,9.38
T0000928,20240014,2026-03-05,18:17:00,二食堂-大众窗口,食堂,9.02
T0000929,20230001,2026-03-04,17:26:00,一食堂-大众窗口,食堂,12.71
T0000930,20220036,2026-03-15,13:55:00,一食堂-大众窗口,食堂,10.69
T0000931,20230073,2026-03-18,18:41:00,二食堂-大众窗口,食堂,12.61
T0000932,20220016,2026-03-09,11:03:00,一食堂-风味窗口,食堂,13.98
T0000933,20240050,2026-03-17,17:47:00,二食堂-大众窗口,食堂,10.35
T0000934,20220092,2026-03-17,13:27:00,二食堂-面食窗口,食堂,13.14
T0000935,20250071,2026-03-13,12:01:00,二食堂-面食窗口,食堂,11.28
T0000936,20240082,2026-03-13,19:01:00,奶茶店,饮品,12.68
T0000937,20220100,2026-03-20,18:26:00,二食堂-大众窗口,食堂,8.2
T0000938,20250087,2026-03-17,17:25:00,二食堂-大众窗口,食堂,11.34
T0000939,20240018,2026-03-06,17:59:00,一食堂-风味窗口,食堂,15.41
T0000940,20250103,2026-03-10,18:32:00,一食堂-大众窗口,食堂,13.3
T0000941,20250011,2026-03-12,13:41:00,二食堂-大众窗口,食堂,8.03
T0000942,20240014,2026-03-14,18:55:00,一食堂-大众窗口,食堂,9.14
T0000943,20250067,2026-03-04,08:10:00,一食堂-大众窗口,食堂,9.58
T0000944,20220104,2026-03-18,17:43:00,二食堂-大众窗口,食堂,8.94
T0000945,20230057,2026-03-06,08:41:00,二食堂-大众窗口,食堂,14.01
T0000946,20230069,2026-03-14,17:37:00,一食堂-大众窗口,食堂,11.78
T0000947,20240002,2026-03-22,11:03:00,二食堂-大众窗口,食堂,14.23
T0000948,20220028,2026-03-19,18:49:00,一食堂-大众窗口,食堂,11.76
T0000949,20240082,2026-03-03,07:25:00,一食堂-风味窗口,食堂,19.82
T0000950,20220004,2026-03-22,11:09:00,二食堂-面食窗口,食堂,15.83
T0000951,20240082,2026-03-05,12:28:00,一食堂-大众窗口,食堂,13.41
T0000952,20220096,2026-03-17,07:42:00,一食堂-大众窗口,食堂,12.76
T0000953,20220016,2026-03-19,15:53:00,水果店,超市,19.1
T0000954,20250115,2026-03-13,12:11:00,一食堂-大众窗口,食堂,11.56
T0000955,20220088,2026-03-16,17:24:00,二食堂-大众窗口,食堂,11.88
T0000956,20220068,2026-03-14,17:24:00,二食堂-面食窗口,食堂,13.98
T0000957,20250115,2026-03-11,18:08:00,一食堂-风味窗口,食堂,21.88
T0000958,20220064,2026-03-03,07:17:00,二食堂-面食窗口,食堂,14.32
T0000959,20250079,2026-03-12,18:58:00,一食堂-风味窗口,食堂,13.66
T0000960,20240086,2026-03-16,12:36:00,一食堂-大众窗口,食堂,14.45
T0000961,20220120,2026-03-09,08:13:00,一食堂-风味窗口,食堂,19.15
T0000962,20220020,2026-03-17,18:11:00,一食堂-风味窗口,食堂,13.11
T0000963,20250011,2026-03-14,18:24:00,一食堂-风味窗口,食堂,17.98
T0000964,20220040,2026-03-06,08:13:00,一食堂-风味窗口,食堂,12.16
T0000965,20230081,2026-03-05,11:57:00,一食堂-风味窗口,食堂,15.64
T0000966,20250051,2026-03-16,19:42:00,奶茶店,饮品,16.28
T0000967,20220020,2026-03-16,19:15:00,便利店,超市,6.8
T0000968,20230109,2026-03-14,18:04:00,一食堂-风味窗口,食堂,20.17
T0000969,20230061,2026-03-17,12:27:00,二食堂-大众窗口,食堂,14.94
T0000970,20230097,2026-03-19,12:23:00,二食堂-面食窗口,食堂,12.33
T0000971,20230109,2026-03-11,12:51:00,二食堂-面食窗口,食堂,11.73
T0000972,20250067,2026-03-21,07:22:00,二食堂-面食窗口,食堂,12.46
T0000973,20230029,2026-03-04,18:44:00,一食堂-大众窗口,食堂,14.44
T0000974,20250107,2026-03-08,12:52:00,二食堂-大众窗口,食堂,12.72
T0000975,20230085,2026-03-09,07:26:00,二食堂-面食窗口,食堂,13.72
T0000976,20240094,2026-03-17,11:49:00,二食堂-面食窗口,食堂,17.65
T0000977,20220116,2026-03-04,17:54:00,一食堂-大众窗口,食堂,9.98
T0000978,20220020,2026-03-20,18:51:00,一食堂-大众窗口,食堂,10.22
T0000979,20230101,2026-03-14,07:09:00,一食堂-大众窗口,食堂,11.69
T0000980,20240022,2026-03-05,13:13:00,一食堂-风味窗口,食堂,12.09
T0000981,20240106,2026-03-17,11:59:00,二食堂-大众窗口,食堂,9.24
T0000982,20230105,2026-03-11,07:41:00,一食堂-风味窗口,食堂,12.61
T0000983,20220084,2026-03-09,17:13:00,二食堂-面食窗口,食堂,14.63
T0000984,20250063,2026-03-20,07:21:00,二食堂-大众窗口,食堂,10.8
T0000985,20240094,2026-03-17,19:38:00,超市A,超市,13.68
T0000986,20220080,2026-03-13,18:59:00,一食堂-风味窗口,食堂,13.8
T0000987,20220036,2026-03-18,17:34:00,一食堂-风味窗口,食堂,19.44
T0000988,20230093,2026-03-15,18:14:00,一食堂-风味窗口,食堂,14.25
T0000989,20220004,2026-03-07,17:23:00,一食堂-大众窗口,食堂,13.51
T0000990,20250107,2026-03-21,18:17:00,一食堂-风味窗口,食堂,13.12
T0000991,20220020,2026-03-14,12:29:00,二食堂-面食窗口,食堂,12.31
T0000992,20220016,2026-03-07,15:29:00,咖啡店,饮品,23.37
T0000993,20250055,2026-03-16,12:51:00,二食堂-大众窗口,食堂,12.63
T0000994,20250087,2026-03-06,17:54:00,二食堂-面食窗口,食堂,15.57
T0000995,20240102,2026-03-09,18:17:00,一食堂-风味窗口,食堂,13.95
T0000996,,2026-03-21,12:21:00,二食堂-大众窗口,食堂,9.33
T0000997,20240054,2026-03-17,12:21:00,二食堂-面食窗口,食堂,15.21
T0000998,20220072,2026-03-20,13:27:00,一食堂-风味窗口,食堂,18.81
T0000999,20250063,2026-03-22,17:37:00,一食堂-风味窗口,食堂,13.34
T0001000,20240118,2026-03-19,10:49:00,水果店,超市,16.01
T0001001,20220008,2026-03-19,11:49:00,一食堂-大众窗口,食堂,14.11
T0001002,20240106,2026-03-09,17:41:00,二食堂-大众窗口,食堂,14.83
T0001003,20220044,2026-03-10,07:20:00,二食堂-大众窗口,食堂,14.96
T0001004,20250111,2026-03-20,17:33:00,二食堂-大众窗口,食堂,9.98
T0001005,20220060,2026-03-18,19:24:00,奶茶店,饮品,12.21
T0001006,20230065,2026-03-03,17:08:00,二食堂-大众窗口,食堂,14.21
T0001007,20240094,2026-03-12,18:39:00,一食堂-风味窗口,食堂,16.01
T0001008,20220096,2026-03-12,17:10:00,二食堂-大众窗口,食堂,14.69
T0001009,20250083,2026-03-03,12:57:00,一食堂-风味窗口,食堂,17.71
T0001010,20240098,2026-03-06,08:28:00,二食堂-大众窗口,食堂,8.09
T0001011,20230049,2026-03-08,13:52:00,二食堂-大众窗口,食堂,14.86
T0001012,20220004,2026-03-05,17:09:00,一食堂-大众窗口,食堂,8.48
T0001013,20220088,2026-03-19,07:42:00,一食堂-大众窗口,食堂,8.51
T0001014,20220044,2026-03-15,11:27:00,二食堂-大众窗口,食堂,12.2
T0001015,20230045,2026-03-19,08:39:00,一食堂-大众窗口,食堂,8.3
T0001016,20230065,2026-03-18,19:56:00,便利店,超市,6.59
T0001017,20240086,2026-03-20,11:37:00,二食堂-大众窗口,食堂,14.69
T0001018,20240086,2026-03-09,18:00:00,一食堂-大众窗口,食堂,10.87
T0001019,20240090,2026-03-10,12:04:00,二食堂-面食窗口,食堂,14.09
T0001020,20230085,2026-03-20,11:37:00,一食堂-风味窗口,食堂,18.63
T0001021,20230073,2026-03-11,18:32:00,一食堂-风味窗口,食堂,19.6
T0001022,20230077,2026-03-12,12:47:00,二食堂-面食窗口,食堂,11.05
T0001023,20240086,2026-03-13,12:05:00,二食堂-面食窗口,食堂,12.72
T0001024,20220036,2026-03-12,12:35:00,二食堂-大众窗口,食堂,8.86
T0001025,20250027,2026-03-17,08:39:00,二食堂-面食窗口,食堂,15.31
T0001026,20220076,2026-03-03,11:18:00,二食堂-大众窗口,食堂,8.41
T0001027,20220116,2026-03-02,08:20:00,一食堂-风味窗口,食堂,14.81
T0001028,20220020,2026-03-02,18:41:00,二食堂-面食窗口,食堂,14.85
T0001029,20220020,2026-03-05,17:13:00,一食堂-风味窗口,食堂,20.09
T0001030,20220088,2026-03-04,18:59:00,二食堂-面食窗口,食堂,15.96
T0001031,20220116,2026-03-19,12:48:00,一食堂-风味窗口,食堂,21.35
T0001032,20220012,2026-03-18,07:18:00,一食堂-大众窗口,食堂,8.42
T0001033,20230105,2026-03-05,11:45:00,一食堂-风味窗口,食堂,19.24
T0001034,20230097,2026-03-02,12:57:00,一食堂-大众窗口,食堂,14.99
T0001035,20250043,2026-03-06,11:28:00,一食堂-大众窗口,食堂,10.12
T0001036,20230057,2026-03-06,12:01:00,二食堂-面食窗口,食堂,12.42
T0001037,20240014,2026-03-07,12:49:00,二食堂-面食窗口,食堂,10.7
T0001038,20230077,2026-03-11,11:56:00,二食堂-大众窗口,食堂,11.14
T0001039,20220080,2026-03-06,12:50:00,一食堂-风味窗口,食堂,18.51
T0001040,20230105,2026-03-15,10:11:00,便利店,超市,6.94
T0001041,20250007,2026-03-05,07:28:00,二食堂-大众窗口,食堂,11.73
T0001042,20230105,2026-03-09,07:31:00,一食堂-风味窗口,食堂,12.78
T0001043,20240078,2026-03-10,17:49:00,二食堂-面食窗口,食堂,10.22
T0001044,20230077,2026-03-17,08:06:00,二食堂-面食窗口,食堂,16.04
T0001045,20230073,2026-03-06,12:12:00,一食堂-风味窗口,食堂,20.54
T0001046,20230077,2026-03-10,12:50:00,一食堂-风味窗口,食堂,15.07
T0001047,20240038,2026-03-21,15:59:00,超市A,超市,10.34
T0001048,20240062,2026-03-18,10:52:00,水果店,超市,11.91
T0001049,20230117,2026-03-03,12:27:00,二食堂-面食窗口,食堂,17.79
T0001050,20250051,2026-03-14,11:32:00,一食堂-风味窗口,食堂,13.39
T0001051,20230041,2026-03-22,12:39:00,二食堂-大众窗口,食堂,9.61
T0001052,20250027,2026-03-09,12:18:00,一食堂-大众窗口,食堂,12.39
T0001053,20220052,2026-03-05,08:54:00,二食堂-大众窗口,食堂,10.71
T0001054,20230113,2026-03-17,21:22:00,奶茶店,饮品,10.17
T0001055,20230025,2026-03-11,08:41:00,一食堂-风味窗口,食堂,16.59
T0001056,20240070,2026-03-03,07:22:00,一食堂-风味窗口,食堂,16.53
T0001057,20220036,2026-03-04,18:01:00,二食堂-大众窗口,食堂,8.34
T0001058,20220016,2026-03-13,11:03:00,一食堂-风味窗口,食堂,12.71
T0001059,20240018,2026-03-16,08:28:00,一食堂-大众窗口,食堂,8.28
T0001060,20250015,2026-03-05,12:50:00,一食堂-风味窗口,食堂,12.55
T0001061,20250011,2026-03-05,13:45:00,二食堂-大众窗口,食堂,12.67
T0001062,20230061,2026-03-15,18:20:00,一食堂-大众窗口,食堂,13.93
T0001063,20230053,2026-03-04,19:55:00,咖啡店,饮品,19.81
T0001064,20250015,2026-03-06,13:45:00,二食堂-面食窗口,食堂,12.4
T0001065,20230037,2026-03-09,18:03:00,二食堂-面食窗口,食堂,15.57
T0001066,20230073,2026-03-02,07:10:00,二食堂-大众窗口,食堂,8.97
T0001067,20240002,2026-03-14,18:37:00,二食堂-面食窗口,食堂,13.44
T0001068,20230097,2026-03-06,17:00:00,一食堂-大众窗口,食堂,9.38
T0001069,20240090,2026-03-09,18:39:00,一食堂-风味窗口,食堂,19.02
T0001070,20230073,2026-03-04,12:15:00,二食堂-大众窗口,食堂,10.01
T0001071,20250031,2026-03-13,15:35:00,便利店,超市,12.79
T0001072,20230057,2026-03-15,18:00:00,二食堂-面食窗口,食堂,14.94
T0001073,20220068,2026-03-03,08:18:00,二食堂-大众窗口,食堂,14.17
T0001074,20220100,2026-03-08,18:01:00,二食堂-面食窗口,食堂,15.53
T0001075,20250071,2026-03-06,12:50:00,一食堂-大众窗口,食堂,11.01
T0001076,20220028,2026-03-20,17:48:00,二食堂-面食窗口,食堂,16.14
T0001077,20240082,2026-03-09,18:48:00,一食堂-大众窗口,食堂,13.35
T0001078,20250087,2026-03-14,11:25:00,一食堂-大众窗口,食堂,12.78
T0001079,20250039,2026-03-11,08:16:00,一食堂-风味窗口,食堂,21.01
T0001080,20220020,2026-03-16,18:49:00,一食堂-风味窗口,食堂,13.44
T0001081,20220088,2026-03-12,12:35:00,二食堂-面食窗口,食堂,10.42
T0001082,20220084,2026-03-06,18:06:00,二食堂-大众窗口,食堂,14.9
T0001083,20230033,2026-03-16,17:57:00,二食堂-大众窗口,食堂,11.09
T0001084,20240086,2026-03-14,12:10:00,二食堂-大众窗口,食堂,9.77
T0001085,20250051,2026-03-12,13:07:00,一食堂-风味窗口,食堂,12.6
T0001086,20250087,2026-03-21,18:51:00,二食堂-面食窗口,食堂,10.41
T0001087,20230101,2026-03-13,12:28:00,二食堂-大众窗口,食堂,9.07
T0001088,20220036,2026-03-19,12:39:00,二食堂-面食窗口,食堂,17.47
T0001089,20230045,2026-03-10,17:57:00,二食堂-大众窗口,食堂,14.15
T0001090,20230105,2026-03-21,11:24:00,二食堂-大众窗口,食堂,13.76
T0001091,20230093,2026-03-14,18:51:00,二食堂-大众窗口,食堂,10.43
T0001092,20240046,2026-03-07,13:11:00,一食堂-大众窗口,食堂,10.26
T0001093,20230045,2026-03-04,12:13:00,一食堂-风味窗口,食堂,12.13
T0001094,20230093,2026-03-08,18:01:00,一食堂-风味窗口,食堂,16.79
T0001095,20230041,2026-03-08,18:55:00,一食堂-大众窗口,食堂,12.8
T0001096,20250087,2026-03-14,18:17:00,一食堂-风味窗口,食堂,14.93
T0001097,20220120,2026-03-04,12:50:00,二食堂-大众窗口,食堂,9.17
T0001098,20240094,2026-03-13,12:55:00,二食堂-大众窗口,食堂,13.03
T0001099,20250091,2026-03-06,13:34:00,一食堂-风味窗口,食堂,20.53
T0001100,20250099,2026-03-22,08:29:00,二食堂-大众窗口,食堂,13.21
T0001101,20230017,2026-03-13,12:12:00,一食堂-风味窗口,食堂,18.48
T0001102,20220060,2026-03-14,17:38:00,二食堂-面食窗口,食堂,16.74
T0001103,20230101,2026-03-16,12:46:00,一食堂-风味窗口,食堂,19.95
T0001104,20220088,2026-03-15,18:48:00,一食堂-风味窗口,食堂,13.31
T0001105,20220048,2026-03-13,07:10:00,二食堂-大众窗口,食堂,12.12
T0001106,20240058,2026-03-10,08:35:00,二食堂-面食窗口,食堂,11.6
T0001107,20230105,2026-03-09,11:08:00,二食堂-面食窗口,食堂,12.38
T0001108,20240078,2026-03-07,12:58:00,一食堂-风味窗口,食堂,13.31
T0001109,20240102,2026-03-18,07:01:00,一食堂-风味窗口,食堂,15.06
T0001110,20230037,2026-03-06,18:57:00,一食堂-风味窗口,食堂,15.64
T0001111,20240114,2026-03-13,12:10:00,二食堂-大众窗口,食堂,10.71
T0001112,20240090,2026-03-12,21:36:00,便利店,超市,3.1
T0001113,20230081,2026-03-02,13:10:00,二食堂-面食窗口,食堂,13.21
T0001114,20240114,2026-03-06,18:40:00,二食堂-大众窗口,食堂,13.62
T0001115,20220112,2026-03-16,12:39:00,二食堂-面食窗口,食堂,11.48
T0001116,20220016,2026-03-04,07:03:00,二食堂-大众窗口,食堂,14.6
T0001117,20240038,2026-03-15,12:42:00,一食堂-风味窗口,食堂,13.24
T0001118,20220116,2026-03-06,08:48:00,二食堂-大众窗口,食堂,11.66
T0001119,20220056,2026-03-18,12:57:00,一食堂-大众窗口,食堂,9.26
T0001120,20230033,2026-03-08,18:03:00,一食堂-大众窗口,食堂,11.61
T0001121,20250099,2026-03-17,07:12:00,一食堂-大众窗口,食堂,8.8
T0001122,20220024,2026-03-13,18:46:00,一食堂-大众窗口,食堂,8.98
T0001123,20230081,2026-03-16,08:45:00,一食堂-风味窗口,食堂,17.38
T0001124,20230065,2026-03-07,17:04:00,二食堂-大众窗口,食堂,14.95
T0001125,20240066,2026-03-20,21:41:00,水果店,超市,13.24
T0001126,20220092,2026-03-09,13:22:00,一食堂-大众窗口,食堂,11.56
T0001127,20230045,2026-03-22,12:23:00,二食堂-面食窗口,食堂,16.52
T0001128,20240050,2026-03-10,12:23:00,一食堂-风味窗口,食堂,16.37
T0001129,20250047,2026-03-03,21:24:00,便利店,超市,8.48
T0001130,20250059,2026-03-22,07:04:00,一食堂-风味窗口,食堂,17.95
T0001131,20250007,2026-03-09,17:21:00,一食堂-大众窗口,食堂,9.03
T0001132,20250115,2026-03-05,13:16:00,二食堂-大众窗口,食堂,8.28
T0001133,20220120,2026-03-08,17:54:00,一食堂-风味窗口,食堂,16.56
T0001134,20230033,2026-03-07,15:27:00,超市A,超市,2.36
T0001135,20240046,2026-03-20,07:48:00,一食堂-风味窗口,食堂,19.63
T0001136,20250083,2026-03-06,08:34:00,一食堂-风味窗口,食堂,16.7
T0001137,20250019,2026-03-11,07:38:00,二食堂-大众窗口,食堂,14.13
T0001138,20250103,2026-03-18,07:57:00,二食堂-面食窗口,食堂,11.53
T0001139,20240074,2026-03-17,08:02:00,二食堂-大众窗口,食堂,12.36
T0001140,20220020,2026-03-09,12:08:00,二食堂-面食窗口,食堂,13.09
T0001141,20250047,2026-03-19,11:34:00,二食堂-面食窗口,食堂,14.85
T0001142,20220088,2026-03-10,07:16:00,一食堂-大众窗口,食堂,9.44
T0001143,20250035,2026-03-14,18:59:00,一食堂-风味窗口,食堂,21.92
T0001144,20250067,2026-03-12,13:14:00,二食堂-大众窗口,食堂,14.56
T0001145,20230009,2026-03-02,12:10:00,一食堂-大众窗口,食堂,8.97
T0001146,20250107,2026-03-02,08:58:00,二食堂-大众窗口,食堂,12.36
T0001147,20250011,2026-03-19,17:03:00,一食堂-大众窗口,食堂,9.76
T0001148,20240046,2026-03-12,18:27:00,二食堂-面食窗口,食堂,17.29
T0001149,20250083,2026-03-06,18:17:00,二食堂-大众窗口,食堂,11.32
T0001150,20240038,2026-03-13,18:35:00,一食堂-风味窗口,食堂,12.2
T0001151,20230049,2026-03-13,12:14:00,二食堂-大众窗口,食堂,11.65
T0001152,20230001,2026-03-20,13:28:00,一食堂-大众窗口,食堂,8.94
T0001153,20240078,2026-03-16,12:42:00,一食堂-大众窗口,食堂,13.08
T0001154,20240050,2026-03-11,12:30:00,二食堂-大众窗口,食堂,8.84
T0001155,20220004,2026-03-18,08:32:00,一食堂-风味窗口,食堂,18.35
T0001156,20230105,2026-03-06,10:11:00,咖啡店,饮品,10.7
T0001157,20250019,2026-03-21,11:30:00,二食堂-大众窗口,食堂,14.09
T0001158,20220080,2026-03-11,18:16:00,二食堂-面食窗口,食堂,17.48
T0001159,20230029,2026-03-08,18:36:00,二食堂-大众窗口,食堂,13.65
T0001160,20220016,2026-03-06,17:21:00,一食堂-风味窗口,食堂,20.97
T0001161,20220044,2026-03-14,18:19:00,一食堂-风味窗口,食堂,16.62
T0001162,20250087,2026-03-19,07:35:00,二食堂-面食窗口,食堂,11.71
T0001163,20240006,2026-03-10,12:53:00,二食堂-大众窗口,食堂,13.52
T0001164,20230065,2026-03-03,07:40:00,一食堂-大众窗口,食堂,10.02
T0001165,20230029,2026-03-11,07:20:00,一食堂-大众窗口,食堂,10.95
T0001166,20220008,2026-03-19,18:26:00,二食堂-面食窗口,食堂,13.16
T0001167,20230033,2026-03-18,12:34:00,二食堂-大众窗口,食堂,14.79
T0001168,20250107,2026-03-19,17:08:00,二食堂-面食窗口,食堂,16.58
T0001169,20250115,2026-03-02,18:58:00,一食堂-风味窗口,食堂,17.72
T0001170,20250111,2026-03-13,07:12:00,二食堂-面食窗口,食堂,14.47
T0001171,20240078,2026-03-18,12:09:00,二食堂-面食窗口,食堂,15.95
T0001172,20220028,2026-03-06,17:15:00,一食堂-风味窗口,食堂,13.47
T0001173,20230057,2026-03-09,07:21:00,二食堂-面食窗口,食堂,15.76
T0001174,20220028,2026-03-03,08:07:00,二食堂-面食窗口,食堂,13.94
T0001175,20220036,2026-03-06,17:38:00,一食堂-大众窗口,食堂,14.1
T0001176,20220068,2026-03-10,13:02:00,一食堂-大众窗口,食堂,13.01
T0001177,20220108,2026-03-11,17:12:00,二食堂-大众窗口,食堂,13.47
T0001178,20230037,2026-03-12,17:43:00,一食堂-风味窗口,食堂,14.58
T0001179,20220116,2026-03-20,13:05:00,二食堂-大众窗口,食堂,13.53
T0001180,20240114,2026-03-15,12:44:00,一食堂-风味窗口,食堂,13.59
T0001181,20240094,2026-03-21,13:36:00,二食堂-面食窗口,食堂,14.41
T0001182,20250099,2026-03-13,07:08:00,一食堂-风味窗口,食堂,14.31
T0001183,20230093,2026-03-09,08:14:00,二食堂-大众窗口,食堂,11.27
T0001184,20240078,2026-03-03,07:40:00,二食堂-面食窗口,食堂,12.56
T0001185,20250011,2026-03-04,08:56:00,一食堂-大众窗口,食堂,14.73
T0001186,20220064,2026-03-18,08:09:00,一食堂-风味窗口,食堂,15.11
T0001187,20240082,2026-03-19,15:10:00,便利店,超市,9.28
T0001188,20220076,2026-03-10,11:39:00,二食堂-面食窗口,食堂,10.41
T0001189,20230117,2026-03-02,11:14:00,一食堂-大众窗口,食堂,9.46
T0001190,20220012,2026-03-07,13:02:00,二食堂-大众窗口,食堂,9.02
T0001191,20240010,2026-03-12,07:18:00,二食堂-大众窗口,食堂,8.28
T0001192,20220048,2026-03-21,13:08:00,一食堂-风味窗口,食堂,19.55
T0001193,20230069,2026-03-15,17:47:00,一食堂-大众窗口,食堂,12.47
T0001194,20230037,2026-03-09,07:15:00,一食堂-风味窗口,食堂,12.77
T0001195,20230013,2026-03-05,08:37:00,二食堂-面食窗口,食堂,11.88
T0001196,20240066,2026-03-15,18:14:00,二食堂-面食窗口,食堂,11.64
T0001197,20250007,2026-03-14,18:43:00,二食堂-大众窗口,食堂,10.19
T0001198,20220044,2026-03-09,18:43:00,二食堂-面食窗口,食堂,13.23
T0001199,20250019,2026-03-09,18:32:00,一食堂-风味窗口,食堂,17.11
T0001200,20230069,2026-03-05,11:07:00,一食堂-风味窗口,食堂,18.46
T0001201,20230057,2026-03-09,13:39:00,二食堂-面食窗口,食堂,14.45
T0001202,20250115,2026-03-07,11:46:00,一食堂-风味窗口,食堂,19.28
T0001203,20240018,2026-03-10,13:04:00,二食堂-面食窗口,食堂,13.99
T0001204,20250075,2026-03-10,12:28:00,一食堂-风味窗口,食堂,20.88
T0001205,20220008,2026-03-06,18:17:00,二食堂-面食窗口,食堂,13.92
T0001206,20220068,2026-03-04,18:35:00,一食堂-大众窗口,食堂,9.24
T0001207,20250011,2026-03-09,17:31:00,一食堂-大众窗口,食堂,9.33
T0001208,20240006,2026-03-05,08:11:00,二食堂-面食窗口,食堂,11.06
T0001209,20220060,2026-03-02,18:29:00,二食堂-大众窗口,食堂,11.62
T0001210,20250055,2026-03-06,18:44:00,一食堂-风味窗口,食堂,13.21
T0001211,20220108,2026-03-08,18:42:00,二食堂-面食窗口,食堂,15.26
T0001212,20240118,2026-03-10,08:30:00,二食堂-大众窗口,食堂,9.74
T0001213,20240010,2026-03-08,15:41:00,水果店,超市,17.08
T0001214,20240066,2026-03-18,12:19:00,二食堂-大众窗口,食堂,8.53
T0001215,20220116,2026-03-15,08:24:00,一食堂-大众窗口,食堂,12.8
T0001216,20240018,2026-03-07,13:11:00,一食堂-大众窗口,食堂,9.66
T0001217,20240002,2026-03-02,18:04:00,二食堂-面食窗口,食堂,15.46
T0001218,20250107,2026-03-17,08:11:00,一食堂-风味窗口,食堂,13.94
T0001219,20240046,2026-03-03,18:26:00,二食堂-大众窗口,食堂,8.15
T0001220,20230101,2026-03-19,08:55:00,二食堂-大众窗口,食堂,13.15
T0001221,20240062,2026-03-06,07:36:00,二食堂-面食窗口,食堂,16.38
T0001222,20220112,2026-03-09,17:35:00,二食堂-大众窗口,食堂,13.5
T0001223,20220048,2026-03-18,13:59:00,二食堂-面食窗口,食堂,12.18
T0001224,20240058,2026-03-09,08:11:00,二食堂-面食窗口,食堂,11.44
T0001225,20240114,2026-03-11,12:06:00,一食堂-大众窗口,食堂,9.87
T0001226,20230113,2026-03-03,08:12:00,一食堂-大众窗口,食堂,14.14
T0001227,20250079,2026-03-03,08:57:00,一食堂-风味窗口,食堂,16.31
T0001228,20220040,2026-03-05,17:19:00,二食堂-大众窗口,食堂,10.79
T0001229,20240046,2026-03-06,18:42:00,一食堂-风味窗口,食堂,17.97
T0001230,20220024,2026-03-21,13:15:00,一食堂-风味窗口,食堂,20.29
T0001231,20240010,2026-03-03,11:02:00,二食堂-大众窗口,食堂,9.16
T0001232,20220032,2026-03-09,18:45:00,一食堂-风味窗口,食堂,19.21
T0001233,20220012,2026-03-17,11:34:00,一食堂-风味窗口,食堂,19.33
T0001234,20220036,2026-03-03,12:13:00,二食堂-面食窗口,食堂,13.59
T0001235,20240078,2026-03-16,07:21:00,一食堂-风味窗口,食堂,20.47
T0001236,20250003,2026-03-03,12:40:00,二食堂-面食窗口,食堂,14.19
T0001237,20250063,2026-03-10,07:48:00,一食堂-大众窗口,食堂,9.25
T0001238,20240098,2026-03-03,07:36:00,二食堂-大众窗口,食堂,12.75
T0001239,20220020,2026-03-18,12:02:00,二食堂-面食窗口,食堂,17.03
T0001240,20250051,2026-03-03,08:03:00,二食堂-面食窗口,食堂,17.23
T0001241,20250071,2026-03-20,13:57:00,一食堂-风味窗口,食堂,13.91
T0001242,20240002,2026-03-17,08:06:00,一食堂-大众窗口,食堂,11.88
T0001243,20240022,2026-03-04,18:14:00,一食堂-风味窗口,食堂,12.25
T0001244,20220108,2026-03-05,17:01:00,二食堂-大众窗口,食堂,11.02
T0001245,20250023,2026-03-12,18:34:00,一食堂-大众窗口,食堂,11.63
T0001246,20250003,2026-03-02,11:42:00,一食堂-风味窗口,食堂,13.8
T0001247,20250067,2026-03-18,08:29:00,一食堂-风味窗口,食堂,20.25
T0001248,20230001,2026-03-21,13:33:00,一食堂-大众窗口,食堂,13.22
T0001249,20240042,2026-03-04,15:42:00,咖啡店,饮品,11.55
T0001250,20220008,2026-03-07,18:19:00,二食堂-大众窗口,食堂,14.29
T0001251,20220096,2026-03-10,18:59:00,一食堂-大众窗口,食堂,11.66
T0001252,20250015,2026-03-17,07:52:00,一食堂-风味窗口,食堂,15.78
T0001253,20230013,2026-03-14,17:34:00,二食堂-面食窗口,食堂,10.87
T0001254,20220092,2026-03-07,11:18:00,一食堂-大众窗口,食堂,13.44
T0001255,20220040,2026-03-06,11:51:00,二食堂-大众窗口,食堂,12.17
T0001256,20220116,2026-03-10,08:26:00,二食堂-面食窗口,食堂,16.9
T0001257,20220012,2026-03-14,15:47:00,便利店,超市,7.52
T0001258,20220068,2026-03-20,17:49:00,二食堂-面食窗口,食堂,12.69
T0001259,20230061,2026-03-06,18:11:00,二食堂-大众窗口,食堂,9.65
T0001260,20220044,2026-03-20,18:58:00,一食堂-大众窗口,食堂,8.14
T0001261,20220020,2026-03-13,08:34:00,一食堂-风味窗口,食堂,13.1
T0001262,,2026-03-14,18:53:00,二食堂-面食窗口,食堂,11.45
T0001263,20250043,2026-03-21,13:06:00,一食堂-风味窗口,食堂,21.44
T0001264,20240106,2026-03-20,12:36:00,二食堂-面食窗口,食堂,13.84
T0001265,20240058,2026-03-20,17:49:00,二食堂-面食窗口,食堂,15.07
T0001266,20240094,2026-03-04,12:48:00,二食堂-面食窗口,食堂,12.26
T0001267,20250047,2026-03-16,17:17:00,一食堂-风味窗口,食堂,16.09
T0001268,20230069,2026-03-02,18:23:00,二食堂-面食窗口,食堂,10.5
T0001269,20220012,2026-03-06,18:19:00,二食堂-大众窗口,食堂,9.93
T0001270,20250083,2026-03-14,11:43:00,二食堂-面食窗口,食堂,16.19
T0001271,20240102,2026-03-15,11:13:00,二食堂-面食窗口,食堂,12.54
T0001272,20230049,2026-03-04,10:47:00,水果店,超市,18.27
T0001273,20250083,2026-03-02,18:17:00,二食堂-大众窗口,食堂,10.49
T0001274,20230049,2026-03-05,12:24:00,一食堂-大众窗口,食堂,11.3
T0001275,20240014,2026-03-15,18:37:00,一食堂-风味窗口,食堂,15.08
T0001276,20220092,2026-03-11,17:43:00,一食堂-大众窗口,食堂,9.18
T0001277,20240106,2026-03-19,07:52:00,一食堂-大众窗口,食堂,10.02
T0001278,20250031,2026-03-15,18:02:00,二食堂-面食窗口,食堂,15.28
T0001279,20240026,2026-03-19,07:28:00,一食堂-大众窗口,食堂,14.59
T0001280,20220072,2026-03-04,18:49:00,二食堂-大众窗口,食堂,13.98
T0001281,20230109,2026-03-20,07:55:00,一食堂-大众窗口,食堂,8.7
T0001282,20230093,2026-03-11,08:10:00,二食堂-面食窗口,食堂,12.63
T0001283,20230077,2026-03-22,18:40:00,一食堂-风味窗口,食堂,16.41
T0001284,20220048,2026-03-03,13:42:00,一食堂-风味窗口,食堂,15.88
T0001285,20250107,2026-03-18,12:49:00,一食堂-大众窗口,食堂,11.3
T0001286,20220012,2026-03-19,18:05:00,一食堂-大众窗口,食堂,8.04
T0001287,20240062,2026-03-18,12:25:00,二食堂-大众窗口,食堂,8.49
T0001288,20250015,2026-03-12,12:45:00,二食堂-面食窗口,食堂,16.8
T0001289,20240018,2026-03-08,18:03:00,一食堂-风味窗口,食堂,14.48
T0001290,20220100,2026-03-16,18:27:00,一食堂-风味窗口,食堂,12.28
T0001291,20250019,2026-03-03,12:15:00,一食堂-大众窗口,食堂,8.43
T0001292,20230097,2026-03-10,12:07:00,二食堂-面食窗口,食堂,16.25
T0001293,20250059,2026-03-09,11:02:00,二食堂-面食窗口,食堂,16.99
T0001294,20220048,2026-03-13,13:56:00,一食堂-大众窗口,食堂,14.49
T0001295,20220096,2026-03-02,18:48:00,二食堂-面食窗口,食堂,16.29
T0001296,20250043,2026-03-06,18:47:00,一食堂-大众窗口,食堂,13.04
T0001297,20250067,2026-03-14,18:23:00,二食堂-面食窗口,食堂,16.67
T0001298,20250115,2026-03-06,07:39:00,二食堂-大众窗口,食堂,14.2
T0001299,20250047,2026-03-03,08:13:00,二食堂-面食窗口,食堂,16.52
T0001300,20220092,2026-03-18,12:41:00,一食堂-大众窗口,食堂,13.0
T0001301,20230017,2026-03-12,12:57:00,二食堂-面食窗口,食堂,16.39
T0001302,20240030,2026-03-15,11:01:00,二食堂-大众窗口,食堂,9.69
T0001303,20240090,2026-03-17,18:43:00,一食堂-风味窗口,食堂,17.72
T0001304,20230009,2026-03-17,18:21:00,一食堂-风味窗口,食堂,17.07
T0001305,20240022,2026-03-18,17:35:00,二食堂-面食窗口,食堂,13.04
T0001306,20230033,2026-03-12,08:54:00,一食堂-风味窗口,食堂,14.9
T0001307,20230013,2026-03-07,11:56:00,二食堂-大众窗口,食堂,12.48
T0001308,20250119,2026-03-18,13:05:00,一食堂-风味窗口,食堂,16.93
T0001309,20220084,2026-03-10,19:37:00,水果店,超市,24.68
T0001310,20240022,2026-03-09,07:01:00,一食堂-风味窗口,食堂,21.54
T0001311,20250111,2026-03-07,11:23:00,一食堂-大众窗口,食堂,14.85
T0001312,20240018,2026-03-22,17:39:00,一食堂-风味窗口,食堂,18.48
T0001313,20250107,2026-03-19,08:36:00,一食堂-风味窗口,食堂,17.29
T0001314,20240110,2026-03-11,18:05:00,二食堂-大众窗口,食堂,10.01
T0001315,20240010,2026-03-15,15:19:00,奶茶店,饮品,7.23
T0001316,20230065,2026-03-20,12:13:00,一食堂-大众窗口,食堂,8.44
T0001317,20250027,2026-03-17,17:13:00,一食堂-大众窗口,食堂,11.77
T0001318,20230021,2026-03-12,12:24:00,二食堂-面食窗口,食堂,12.93
T0001319,20230009,2026-03-18,18:13:00,一食堂-大众窗口,食堂,11.88
T0001320,20230053,2026-03-19,18:28:00,二食堂-面食窗口,食堂,15.65
T0001321,20240102,2026-03-09,19:23:00,便利店,超市,17.63
T0001322,20240098,2026-03-09,13:55:00,一食堂-大众窗口,食堂,14.87
T0001323,20220040,2026-03-20,18:02:00,一食堂-风味窗口,食堂,21.63
T0001324,20240002,2026-03-04,18:35:00,一食堂-风味窗口,食堂,15.77
T0001325,20250051,2026-03-02,07:23:00,二食堂-大众窗口,食堂,11.14
T0001326,20220088,2026-03-10,11:15:00,二食堂-大众窗口,食堂,11.37
T0001327,20230109,2026-03-10,07:58:00,一食堂-大众窗口,食堂,11.91
T0001328,20220028,2026-03-04,12:53:00,二食堂-面食窗口,食堂,10.75
T0001329,20250115,2026-03-02,12:47:00,一食堂-大众窗口,食堂,11.19
T0001330,20230065,2026-03-05,18:22:00,二食堂-大众窗口,食堂,11.63
T0001331,20250007,2026-03-16,08:35:00,二食堂-面食窗口,食堂,12.95
T0001332,20250051,2026-03-10,12:15:00,二食堂-面食窗口,食堂,15.41
T0001333,20240054,2026-03-02,12:25:00,二食堂-大众窗口,食堂,13.72
T0001334,20240026,2026-03-07,11:10:00,二食堂-大众窗口,食堂,11.27
T0001335,20240074,2026-03-21,13:29:00,一食堂-风味窗口,食堂,15.77
T0001336,20220064,2026-03-10,17:47:00,一食堂-风味窗口,食堂,21.47
T0001337,20230061,2026-03-11,13:26:00,一食堂-风味窗口,食堂,19.79
T0001338,20250075,2026-03-16,17:19:00,二食堂-面食窗口,食堂,10.07
T0001339,20220064,2026-03-17,07:40:00,二食堂-大众窗口,食堂,11.63
T0001340,20240042,2026-03-15,07:53:00,一食堂-风味窗口,食堂,14.47
T0001341,20220028,2026-03-16,07:12:00,二食堂-大众窗口,食堂,8.16
T0001342,20250019,2026-03-11,18:43:00,一食堂-风味窗口,食堂,20.87
T0001343,20240066,2026-03-04,08:32:00,二食堂-大众窗口,食堂,12.02
T0001344,20220112,2026-03-10,12:48:00,二食堂-面食窗口,食堂,17.85
T0001345,20240058,2026-03-05,17:22:00,二食堂-大众窗口,食堂,8.13
T0001346,20250063,2026-03-07,12:38:00,二食堂-大众窗口,食堂,14.8
T0001347,20230001,2026-03-03,10:21:00,水果店,超市,21.66
T0001348,20220036,2026-03-12,07:48:00,一食堂-风味窗口,食堂,15.25
T0001349,20250095,2026-03-08,11:59:00,二食堂-面食窗口,食堂,17.56
T0001350,20230065,2026-03-06,12:00:00,一食堂-风味窗口,食堂,16.33
T0001351,20230081,2026-03-12,11:48:00,二食堂-面食窗口,食堂,17.97
T0001352,20220044,2026-03-04,12:54:00,二食堂-面食窗口,食堂,12.85
T0001353,20230037,2026-03-15,17:29:00,一食堂-风味窗口,食堂,20.65
T0001354,20250019,2026-03-17,18:24:00,一食堂-风味窗口,食堂,14.29
T0001355,20240106,2026-03-04,13:41:00,二食堂-大众窗口,食堂,8.29
T0001356,20230065,2026-03-12,18:12:00,一食堂-大众窗口,食堂,12.43
T0001357,20250103,2026-03-11,08:32:00,一食堂-风味窗口,食堂,15.17
T0001358,20230073,2026-03-16,18:35:00,一食堂-大众窗口,食堂,12.92
T0001359,20220104,2026-03-10,12:13:00,二食堂-面食窗口,食堂,15.94
T0001360,20250015,2026-03-14,12:42:00,一食堂-大众窗口,食堂,9.23
T0001361,20250011,2026-03-09,08:12:00,一食堂-风味窗口,食堂,12.62
T0001362,20220080,2026-03-04,07:21:00,一食堂-风味窗口,食堂,20.18
T0001363,20240038,2026-03-11,18:09:00,二食堂-面食窗口,食堂,10.75
T0001364,20240102,2026-03-04,21:27:00,水果店,超市,28.9
T0001365,20240114,2026-03-17,07:55:00,一食堂-风味窗口,食堂,19.02
T0001366,20230065,2026-03-17,18:04:00,二食堂-大众窗口,食堂,13.14
T0001367,20220120,2026-03-09,10:17:00,水果店,超市,9.02
T0001368,20240002,2026-03-18,11:11:00,二食堂-面食窗口,食堂,12.91
T0001369,20250111,2026-03-13,18:15:00,二食堂-面食窗口,食堂,10.72
T0001370,20230073,2026-03-10,18:27:00,二食堂-大众窗口,食堂,9.36
T0001371,20240018,2026-03-04,12:59:00,二食堂-面食窗口,食堂,10.27
T0001372,20240078,2026-03-14,18:28:00,二食堂-面食窗口,食堂,14.5
T0001373,20230057,2026-03-08,18:32:00,一食堂-大众窗口,食堂,13.45
T0001374,20240050,2026-03-06,13:29:00,二食堂-面食窗口,食堂,15.5
T0001375,20230117,2026-03-09,18:15:00,一食堂-大众窗口,食堂,11.94
T0001376,20220036,2026-03-02,13:28:00,一食堂-风味窗口,食堂,14.09
T0001377,20220028,2026-03-20,12:12:00,一食堂-大众窗口,食堂,12.3
T0001378,20220040,2026-03-19,21:16:00,水果店,超市,26.34
T0001379,20220008,2026-03-12,18:52:00,一食堂-风味窗口,食堂,13.35
T0001380,20230033,2026-03-14,12:36:00,二食堂-大众窗口,食堂,11.54
T0001381,20230045,2026-03-19,12:59:00,二食堂-面食窗口,食堂,10.73
T0001382,20230057,2026-03-07,18:55:00,二食堂-面食窗口,食堂,12.02
T0001383,20230105,2026-03-22,12:43:00,一食堂-风味窗口,食堂,21.42
T0001384,20230041,2026-03-13,07:00:00,一食堂-大众窗口,食堂,12.71
T0001385,20250035,2026-03-18,13:57:00,一食堂-大众窗口,食堂,10.86
T0001386,20240118,2026-03-09,18:20:00,一食堂-风味窗口,食堂,17.28
T0001387,20220088,2026-03-09,08:30:00,一食堂-风味窗口,食堂,13.95
T0001388,20230081,2026-03-14,11:16:00,一食堂-大众窗口,食堂,9.26
T0001389,20220024,2026-03-20,12:35:00,二食堂-大众窗口,食堂,11.14
T0001390,20250031,2026-03-19,11:06:00,一食堂-风味窗口,食堂,12.96
T0001391,20240094,2026-03-16,17:27:00,二食堂-大众窗口,食堂,10.88
T0001392,20220120,2026-03-02,07:56:00,二食堂-面食窗口,食堂,17.03
T0001393,20230033,2026-03-07,11:47:00,一食堂-大众窗口,食堂,12.36
T0001394,20230041,2026-03-18,11:40:00,二食堂-面食窗口,食堂,10.33
T0001395,20250011,2026-03-06,15:14:00,水果店,超市,16.46
T0001396,20230077,2026-03-07,17:27:00,二食堂-面食窗口,食堂,10.29
T0001397,20240110,2026-03-05,10:30:00,奶茶店,饮品,9.71
T0001398,20230041,2026-03-10,08:55:00,二食堂-大众窗口,食堂,8.21
T0001399,20240082,2026-03-15,17:56:00,一食堂-大众窗口,食堂,9.74
T0001400,20220060,2026-03-06,12:32:00,二食堂-面食窗口,食堂,13.65
T0001401,20220060,2026-03-05,08:18:00,一食堂-大众窗口,食堂,8.05
T0001402,20250011,2026-03-22,12:48:00,一食堂-大众窗口,食堂,8.77
T0001403,20250079,2026-03-09,12:53:00,一食堂-大众窗口,食堂,14.44
T0001404,20230077,2026-03-12,17:22:00,二食堂-大众窗口,食堂,12.34
T0001405,20250003,2026-03-12,07:34:00,二食堂-大众窗口,食堂,14.67
T0001406,20220112,2026-03-18,12:56:00,二食堂-大众窗口,食堂,11.86
T0001407,20250043,2026-03-20,11:17:00,二食堂-大众窗口,食堂,10.4
T0001408,20230041,2026-03-03,08:17:00,二食堂-大众窗口,食堂,14.16
T0001409,20250039,2026-03-14,17:50:00,二食堂-面食窗口,食堂,17.26
T0001410,20220068,2026-03-20,15:44:00,便利店,超市,17.45
T0001411,20220056,2026-03-13,12:22:00,一食堂-大众窗口,食堂,12.5
T0001412,20240014,2026-03-04,19:04:00,水果店,超市,4.01
T0001413,20230085,2026-03-11,07:38:00,一食堂-风味窗口,食堂,20.8
T0001414,20240042,2026-03-16,08:17:00,二食堂-面食窗口,食堂,15.8
T0001415,20230077,2026-03-18,12:39:00,一食堂-风味窗口,食堂,13.87
T0001416,20230013,2026-03-22,11:20:00,一食堂-大众窗口,食堂,13.33
T0001417,20220092,2026-03-15,07:10:00,一食堂-大众窗口,食堂,9.91
T0001418,20240034,2026-03-02,07:00:00,一食堂-大众窗口,食堂,8.71
T0001419,20250059,2026-03-08,12:10:00,二食堂-大众窗口,食堂,12.74
T0001420,20230117,2026-03-20,10:12:00,水果店,超市,19.37
T0001421,20250071,2026-03-11,12:50:00,一食堂-风味窗口,食堂,18.16
T0001422,20220016,2026-03-13,07:32:00,一食堂-风味窗口,食堂,12.84
T0001423,20220024,2026-03-05,18:45:00,二食堂-面食窗口,食堂,17.13
T0001424,20240050,2026-03-07,17:23:00,一食堂-风味窗口,食堂,15.54
T0001425,20230057,2026-03-13,08:18:00,一食堂-风味窗口,食堂,21.7
T0001426,20240114,2026-03-08,13:22:00,二食堂-面食窗口,食堂,10.28
T0001427,20230097,2026-03-02,07:49:00,二食堂-大众窗口,食堂,9.51
T0001428,20230025,2026-03-04,18:53:00,一食堂-大众窗口,食堂,8.52
T0001429,20240062,2026-03-06,12:20:00,二食堂-面食窗口,食堂,15.39
T0001430,20250099,2026-03-09,07:32:00,一食堂-风味窗口,食堂,16.22
T0001431,20240070,2026-03-03,12:27:00,二食堂-面食窗口,食堂,15.06
T0001432,20250007,2026-03-06,12:04:00,一食堂-风味窗口,食堂,18.28
T0001433,20220112,2026-03-18,07:33:00,二食堂-面食窗口,食堂,14.47
T0001434,20250055,2026-03-10,08:01:00,二食堂-大众窗口,食堂,12.07
T0001435,20240042,2026-03-18,13:50:00,一食堂-风味窗口,食堂,19.01
T0001436,20240090,2026-03-16,17:15:00,一食堂-大众窗口,食堂,8.75
T0001437,20250119,2026-03-20,12:30:00,二食堂-面食窗口,食堂,13.14
T0001438,20240114,2026-03-19,18:41:00,一食堂-风味窗口,食堂,14.33
T0001439,20230037,2026-03-18,11:21:00,二食堂-大众窗口,食堂,8.31
T0001440,20220052,2026-03-18,11:42:00,一食堂-风味窗口,食堂,18.9
T0001441,20240102,2026-03-03,18:09:00,一食堂-风味窗口,食堂,20.62
T0001442,20230001,2026-03-11,18:25:00,二食堂-面食窗口,食堂,11.08
T0001443,20220056,2026-03-21,12:49:00,一食堂-大众窗口,食堂,9.63
T0001444,20230097,2026-03-04,18:20:00,一食堂-风味窗口,食堂,17.12
T0001445,20240010,2026-03-10,12:17:00,二食堂-面食窗口,食堂,14.18
T0001446,20250035,2026-03-04,18:14:00,一食堂-风味窗口,食堂,14.91
T0001447,20220028,2026-03-05,17:23:00,一食堂-风味窗口,食堂,14.47
T0001448,20220052,2026-03-04,12:03:00,二食堂-面食窗口,食堂,12.71
T0001449,20230005,2026-03-16,15:42:00,咖啡店,饮品,8.41
T0001450,20240018,2026-03-18,08:08:00,一食堂-风味窗口,食堂,16.09
T0001451,20250111,2026-03-14,13:23:00,一食堂-风味窗口,食堂,13.96
T0001452,20240066,2026-03-21,11:18:00,二食堂-面食窗口,食堂,17.06
T0001453,20240066,2026-03-07,12:17:00,二食堂-大众窗口,食堂,14.22
T0001454,20220120,2026-03-20,07:10:00,一食堂-风味窗口,食堂,20.73
T0001455,20230077,2026-03-09,12:25:00,一食堂-风味窗口,食堂,15.87
T0001456,20230057,2026-03-13,17:52:00,二食堂-大众窗口,食堂,10.27
T0001457,20220036,2026-03-05,08:05:00,一食堂-大众窗口,食堂,14.43
T0001458,20220008,2026-03-16,08:05:00,二食堂-大众窗口,食堂,8.67
T0001459,20220052,2026-03-13,07:02:00,一食堂-大众窗口,食堂,8.55
T0001460,20250079,2026-03-22,07:13:00,一食堂-风味窗口,食堂,14.0
T0001461,20220024,2026-03-05,08:05:00,一食堂-风味窗口,食堂,13.63
T0001462,20240082,2026-03-02,18:14:00,一食堂-大众窗口,食堂,11.64
T0001463,20220012,2026-03-05,17:19:00,二食堂-大众窗口,食堂,9.01
T0001464,20250067,2026-03-04,12:17:00,二食堂-面食窗口,食堂,14.99
T0001465,20220008,2026-03-09,18:58:00,一食堂-风味窗口,食堂,15.67
T0001466,20250063,2026-03-16,12:51:00,一食堂-大众窗口,食堂,11.64
T0001467,20220080,2026-03-02,12:41:00,一食堂-大众窗口,食堂,8.52
T0001468,20220036,2026-03-07,18:11:00,二食堂-大众窗口,食堂,12.15
T0001469,20250067,2026-03-16,18:51:00,一食堂-风味窗口,食堂,18.43
T0001470,20240090,2026-03-19,11:56:00,一食堂-大众窗口,食堂,11.63
T0001471,20230105,2026-03-20,07:47:00,二食堂-面食窗口,食堂,16.58
T0001472,20240062,2026-03-10,07:46:00,一食堂-风味窗口,食堂,15.31
T0001473,20220008,2026-03-07,07:59:00,一食堂-风味窗口,食堂,12.1
T0001474,20250039,2026-03-10,08:10:00,一食堂-大众窗口,食堂,9.02
T0001475,20250119,2026-03-11,18:46:00,二食堂-面食窗口,食堂,15.74
T0001476,20220116,2026-03-10,11:27:00,一食堂-大众窗口,食堂,11.46
T0001477,20240110,2026-03-06,17:02:00,一食堂-风味窗口,食堂,16.25
T0001478,20240030,2026-03-10,11:17:00,二食堂-大众窗口,食堂,12.13
T0001479,20220120,2026-03-18,18:32:00,二食堂-面食窗口,食堂,15.59
T0001480,20240094,2026-03-19,12:33:00,二食堂-面食窗口,食堂,11.47
T0001481,20250095,2026-03-12,18:02:00,一食堂-大众窗口,食堂,11.93
T0001482,20250055,2026-03-03,12:58:00,二食堂-面食窗口,食堂,16.23
T0001483,20240118,2026-03-15,12:09:00,二食堂-面食窗口,食堂,16.24
T0001484,20250055,2026-03-15,12:04:00,二食堂-面食窗口,食堂,17.38
T0001485,20240018,2026-03-19,17:20:00,二食堂-大众窗口,食堂,13.77
T0001486,20220116,2026-03-18,13:51:00,一食堂-大众窗口,食堂,13.25
T0001487,20250051,2026-03-02,11:10:00,二食堂-面食窗口,食堂,13.25
T0001488,20240026,2026-03-07,18:36:00,二食堂-大众窗口,食堂,11.71
T0001489,20240030,2026-03-05,11:30:00,一食堂-风味窗口,食堂,12.9
T0001490,20220116,2026-03-03,18:08:00,二食堂-面食窗口,食堂,16.21
T0001491,20250019,2026-03-04,18:10:00,二食堂-大众窗口,食堂,10.73
T0001492,20240070,2026-03-06,17:54:00,一食堂-大众窗口,食堂,8.6
T0001493,20220120,2026-03-06,18:38:00,一食堂-风味窗口,食堂,21.18
T0001494,20230041,2026-03-06,19:32:00,奶茶店,饮品,13.46
T0001495,20240054,2026-03-18,08:44:00,一食堂-风味窗口,食堂,19.27
T0001496,20250019,2026-03-08,11:29:00,一食堂-风味窗口,食堂,14.36
T0001497,20250059,2026-03-05,12:43:00,二食堂-面食窗口,食堂,17.49
T0001498,20220112,2026-03-21,11:29:00,二食堂-面食窗口,食堂,12.58
T0001499,20250015,2026-03-03,19:22:00,水果店,超市,16.85
T0001500,20250003,2026-03-10,17:34:00,二食堂-大众窗口,食堂,14.33
T0001501,20240030,2026-03-15,17:29:00,一食堂-大众窗口,食堂,12.78
T0001502,20250043,2026-03-11,11:56:00,二食堂-大众窗口,食堂,11.92
T0001503,20250079,2026-03-11,11:46:00,一食堂-大众窗口,食堂,14.01
T0001504,20240050,2026-03-12,18:56:00,一食堂-风味窗口,食堂,18.95
T0001505,20220088,2026-03-05,17:42:00,二食堂-大众窗口,食堂,8.06
T0001506,20230041,2026-03-03,11:24:00,一食堂-大众窗口,食堂,13.03
T0001507,20240094,2026-03-06,08:43:00,二食堂-面食窗口,食堂,11.59
T0001508,20250067,2026-03-22,18:11:00,二食堂-面食窗口,食堂,17.43
T0001509,20220120,2026-03-14,18:18:00,二食堂-大众窗口,食堂,11.13
T0001510,20250083,2026-03-13,12:51:00,一食堂-大众窗口,食堂,10.93
T0001511,20220048,2026-03-04,18:01:00,二食堂-大众窗口,食堂,10.68
T0001512,20250011,2026-03-09,12:42:00,二食堂-大众窗口,食堂,11.01
T0001513,20250067,2026-03-06,13:10:00,一食堂-风味窗口,食堂,12.45
T0001514,20230109,2026-03-07,12:42:00,一食堂-风味窗口,食堂,17.1
T0001515,20230061,2026-03-17,07:35:00,二食堂-大众窗口,食堂,13.0
T0001516,20250003,2026-03-17,18:00:00,一食堂-风味窗口,食堂,15.49
T0001517,20220076,2026-03-15,12:20:00,二食堂-大众窗口,食堂,12.72
T0001518,20240110,2026-03-22,12:21:00,一食堂-风味窗口,食堂,13.74
T0001519,20220092,2026-03-17,07:04:00,一食堂-风味窗口,食堂,17.77
T0001520,20220056,2026-03-20,12:00:00,二食堂-大众窗口,食堂,12.82
T0001521,20220040,2026-03-20,12:34:00,一食堂-风味窗口,食堂,15.03
T0001522,20230081,2026-03-22,12:22:00,一食堂-大众窗口,食堂,12.73
T0001523,20220004,2026-03-11,08:36:00,一食堂-风味窗口,食堂,19.31
T0001524,20240102,2026-03-21,17:37:00,二食堂-面食窗口,食堂,12.54
T0001525,20250023,2026-03-02,08:21:00,二食堂-大众窗口,食堂,11.57
T0001526,20220076,2026-03-05,11:32:00,二食堂-大众窗口,食堂,8.59
T0001527,20240062,2026-03-16,19:05:00,便利店,超市,19.64
T0001528,20250087,2026-03-15,13:32:00,二食堂-大众窗口,食堂,14.81
T0001529,20240006,2026-03-21,17:12:00,一食堂-大众窗口,食堂,13.15
T0001530,20250095,2026-03-08,18:38:00,一食堂-风味窗口,食堂,14.8
T0001531,20220108,2026-03-16,19:22:00,水果店,超市,8.5
T0001532,20220116,2026-03-16,17:22:00,一食堂-大众窗口,食堂,14.17
T0001533,20220068,2026-03-08,18:29:00,一食堂-风味窗口,食堂,12.87
T0001534,20230041,2026-03-17,12:15:00,一食堂-大众窗口,食堂,10.91
T0001535,20230073,2026-03-04,17:58:00,二食堂-大众窗口,食堂,13.26
T0001536,20240074,2026-03-22,10:06:00,便利店,超市,12.69
T0001537,20230057,2026-03-08,08:42:00,二食堂-面食窗口,食堂,12.33
T0001538,20220032,2026-03-12,19:54:00,便利店,超市,13.95
T0001539,20240090,2026-03-10,18:04:00,一食堂-大众窗口,食堂,14.92
T0001540,20240094,2026-03-11,17:08:00,二食堂-面食窗口,食堂,12.34
T0001541,20220056,2026-03-02,12:21:00,二食堂-大众窗口,食堂,9.32
T0001542,20240094,2026-03-04,07:28:00,二食堂-面食窗口,食堂,15.35
T0001543,20230077,2026-03-15,19:56:00,便利店,超市,9.45
T0001544,20240086,2026-03-17,17:21:00,二食堂-大众窗口,食堂,11.97
T0001545,20240058,2026-03-08,11:27:00,二食堂-面食窗口,食堂,13.94
T0001546,20230081,2026-03-11,07:03:00,一食堂-大众窗口,食堂,8.35
T0001547,20230105,2026-03-02,12:36:00,二食堂-大众窗口,食堂,8.78
T0001548,20250019,2026-03-22,12:24:00,一食堂-风味窗口,食堂,21.0
T0001549,20230005,2026-03-05,12:48:00,一食堂-风味窗口,食堂,18.8
T0001550,20250027,2026-03-14,17:47:00,一食堂-风味窗口,食堂,17.75
T0001551,20250059,2026-03-19,12:03:00,二食堂-大众窗口,食堂,12.37
T0001552,20240058,2026-03-17,15:16:00,超市A,超市,13.62
T0001553,20220100,2026-03-21,12:31:00,二食堂-面食窗口,食堂,14.79
T0001554,20220044,2026-03-05,18:20:00,一食堂-大众窗口,食堂,12.06
T0001555,20240046,2026-03-07,18:00:00,二食堂-大众窗口,食堂,14.8
T0001556,20250115,2026-03-11,07:25:00,一食堂-大众窗口,食堂,12.88
T0001557,20240006,2026-03-12,17:46:00,二食堂-面食窗口,食堂,13.29
T0001558,20240010,2026-03-16,12:34:00,一食堂-风味窗口,食堂,16.41
T0001559,20240002,2026-03-03,07:58:00,一食堂-风味窗口,食堂,19.95
T0001560,20220100,2026-03-12,12:36:00,二食堂-面食窗口,食堂,10.53
T0001561,20230105,2026-03-13,18:41:00,一食堂-风味窗口,食堂,12.47
T0001562,20240066,2026-03-14,19:12:00,水果店,超市,25.66
T0001563,20230025,2026-03-12,07:13:00,二食堂-面食窗口,食堂,11.43
T0001564,20230061,2026-03-09,10:54:00,咖啡店,饮品,13.47
T0001565,20220040,2026-03-09,12:02:00,二食堂-面食窗口,食堂,12.96
T0001566,20240102,2026-03-19,18:42:00,二食堂-大众窗口,食堂,8.83
T0001567,20220096,2026-03-11,12:25:00,一食堂-大众窗口,食堂,10.47
T0001568,20230085,2026-03-10,11:19:00,二食堂-大众窗口,食堂,8.46
T0001569,20230057,2026-03-06,08:41:00,二食堂-大众窗口,食堂,14.01
T0001570,20240042,2026-03-15,12:34:00,二食堂-面食窗口,食堂,10.9
T0001571,20230077,2026-03-19,08:38:00,二食堂-面食窗口,食堂,16.46
T0001572,20230117,2026-03-16,11:33:00,一食堂-风味窗口,食堂,16.0
T0001573,20240014,2026-03-08,18:02:00,一食堂-大众窗口,食堂,10.3
T0001574,20250027,2026-03-15,18:05:00,一食堂-风味窗口,食堂,21.22
T0001575,20230041,2026-03-05,12:59:00,二食堂-面食窗口,食堂,17.48
T0001576,20240078,2026-03-13,17:34:00,一食堂-大众窗口,食堂,14.18
T0001577,20230005,2026-03-08,11:28:00,一食堂-大众窗口,食堂,8.16
T0001578,20250075,2026-03-19,07:08:00,一食堂-风味窗口,食堂,20.88
T0001579,20240030,2026-03-04,07:41:00,一食堂-大众窗口,食堂,13.21
T0001580,20220080,2026-03-19,19:58:00,奶茶店,饮品,9.88
T0001581,20230093,2026-03-20,08:47:00,二食堂-面食窗口,食堂,16.08
T0001582,20250075,2026-03-11,17:29:00,一食堂-风味窗口,食堂,19.19
T0001583,20240118,2026-03-04,17:39:00,一食堂-风味窗口,食堂,14.8
T0001584,20240002,2026-03-11,08:02:00,二食堂-面食窗口,食堂,14.11
T0001585,20220104,2026-03-13,13:30:00,二食堂-大众窗口,食堂,11.3
T0001586,20250055,2026-03-19,07:06:00,二食堂-面食窗口,食堂,13.47
T0001587,20240038,2026-03-19,17:27:00,二食堂-面食窗口,食堂,12.56
T0001588,20220072,2026-03-14,11:50:00,二食堂-大众窗口,食堂,10.03
T0001589,20230041,2026-03-04,12:02:00,二食堂-面食窗口,食堂,12.98
T0001590,20240034,2026-03-13,07:47:00,二食堂-面食窗口,食堂,11.91
T0001591,20240114,2026-03-04,08:23:00,一食堂-风味窗口,食堂,15.64
T0001592,20240038,2026-03-16,18:33:00,二食堂-大众窗口,食堂,10.14
T0001593,20240082,2026-03-06,08:29:00,一食堂-风味窗口,食堂,19.58
T0001594,20240114,2026-03-13,18:03:00,二食堂-大众窗口,食堂,9.72
T0001595,20250079,2026-03-13,21:51:00,超市A,超市,6.05
T0001596,20230045,2026-03-21,18:40:00,一食堂-大众窗口,食堂,9.76
T0001597,20230057,2026-03-17,17:02:00,二食堂-大众窗口,食堂,8.55
T0001598,20230025,2026-03-06,17:46:00,一食堂-风味窗口,食堂,14.9
T0001599,20230021,2026-03-11,07:22:00,二食堂-大众窗口,食堂,13.81
T0001600,20250019,2026-03-19,18:49:00,一食堂-大众窗口,食堂,10.37
T0001601,20240058,2026-03-18,13:14:00,一食堂-风味窗口,食堂,16.88
T0001602,20250087,2026-03-08,18:17:00,二食堂-面食窗口,食堂,10.65
T0001603,20240030,2026-03-19,18:39:00,二食堂-面食窗口,食堂,15.6
T0001604,20220100,2026-03-11,07:59:00,一食堂-大众窗口,食堂,9.0
T0001605,20220048,2026-03-17,18:09:00,二食堂-大众窗口,食堂,8.83
T0001606,20240030,2026-03-17,12:49:00,二食堂-大众窗口,食堂,10.51
T0001607,20220064,2026-03-17,13:59:00,一食堂-风味窗口,食堂,15.08
T0001608,20220096,2026-03-12,19:49:00,超市A,超市,7.59
T0001609,20250027,2026-03-06,17:23:00,一食堂-大众窗口,食堂,12.22
T0001610,20250015,2026-03-10,18:19:00,二食堂-面食窗口,食堂,14.75
T0001611,20220112,2026-03-17,12:37:00,二食堂-大众窗口,食堂,11.46
T0001612,20240118,2026-03-18,12:22:00,二食堂-面食窗口,食堂,12.55
T0001613,20240106,2026-03-02,18:54:00,二食堂-大众窗口,食堂,12.19
T0001614,20250015,2026-03-21,18:34:00,一食堂-风味窗口,食堂,19.39
T0001615,20230053,2026-03-14,13:07:00,一食堂-大众窗口,食堂,9.5
T0001616,20220100,2026-03-12,08:11:00,一食堂-风味窗口,食堂,17.71
T0001617,20250063,2026-03-04,18:19:00,二食堂-大众窗口,食堂,10.01
T0001618,20220040,2026-03-22,18:21:00,一食堂-风味窗口,食堂,21.89
T0001619,20220104,2026-03-22,07:34:00,一食堂-风味窗口,食堂,21.34
T0001620,20240102,2026-03-04,11:36:00,一食堂-大众窗口,食堂,11.88
T0001621,20240094,2026-03-18,18:24:00,一食堂-风味窗口,食堂,13.32
T0001622,20250039,2026-03-07,17:49:00,二食堂-大众窗口,食堂,9.88
T0001623,20250103,2026-03-10,12:40:00,一食堂-大众窗口,食堂,9.39
T0001624,20240054,2026-03-09,17:03:00,二食堂-大众窗口,食堂,11.91
T0001625,20220100,2026-03-20,12:33:00,二食堂-面食窗口,食堂,12.56
T0001626,20240014,2026-03-06,12:44:00,一食堂-风味窗口,食堂,14.06
T0001627,20230077,2026-03-20,12:16:00,一食堂-大众窗口,食堂,11.92
T0001628,20250043,2026-03-07,18:50:00,二食堂-大众窗口,食堂,13.85
T0001629,20250031,2026-03-12,18:33:00,二食堂-大众窗口,食堂,13.62
T0001630,20250099,2026-03-04,08:14:00,一食堂-大众窗口,食堂,13.29
T0001631,20220012,2026-03-04,11:44:00,一食堂-大众窗口,食堂,12.17
T0001632,20240102,2026-03-22,12:03:00,一食堂-风味窗口,食堂,17.34
T0001633,20250039,2026-03-02,17:07:00,二食堂-大众窗口,食堂,12.75
T0001634,20220068,2026-03-20,07:42:00,二食堂-大众窗口,食堂,13.45
T0001635,20220100,2026-03-04,12:50:00,一食堂-风味窗口,食堂,17.72
T0001636,20230117,2026-03-05,12:28:00,一食堂-风味窗口,食堂,14.47
T0001637,20240074,2026-03-05,12:38:00,二食堂-面食窗口,食堂,11.15
T0001638,20220048,2026-03-18,18:27:00,二食堂-大众窗口,食堂,12.09
T0001639,20230033,2026-03-06,11:25:00,一食堂-风味窗口,食堂,12.24
T0001640,20220108,2026-03-06,13:38:00,二食堂-大众窗口,食堂,9.38
T0001641,20230117,2026-03-04,12:35:00,一食堂-风味窗口,食堂,13.64
T0001642,20230009,2026-03-10,08:59:00,一食堂-大众窗口,食堂,11.27
T0001643,20230053,2026-03-18,11:54:00,二食堂-大众窗口,食堂,13.34
T0001644,20240022,2026-03-06,18:07:00,二食堂-面食窗口,食堂,15.13
T0001645,20250023,2026-03-20,18:14:00,一食堂-风味窗口,食堂,19.3
T0001646,20250023,2026-03-02,12:48:00,二食堂-大众窗口,食堂,10.24
T0001647,20240090,2026-03-03,18:24:00,二食堂-大众窗口,食堂,8.51
T0001648,20250051,2026-03-04,07:09:00,二食堂-面食窗口,食堂,16.89
T0001649,20230017,2026-03-12,07:32:00,一食堂-大众窗口,食堂,8.68
T0001650,20240030,2026-03-06,12:56:00,一食堂-大众窗口,食堂,13.2
T0001651,20230097,2026-03-17,13:16:00,一食堂-大众窗口,食堂,10.5
T0001652,20230073,2026-03-02,11:03:00,一食堂-风味窗口,食堂,13.56
T0001653,20250075,2026-03-16,08:41:00,一食堂-大众窗口,食堂,9.74
T0001654,20240046,2026-03-14,11:09:00,二食堂-面食窗口,食堂,12.26
T0001655,20220108,2026-03-12,08:57:00,二食堂-面食窗口,食堂,15.86
T0001656,20230025,2026-03-21,17:01:00,二食堂-大众窗口,食堂,8.26
T0001657,20240026,2026-03-15,21:10:00,水果店,超市,12.3
T0001658,20220056,2026-03-07,18:21:00,一食堂-风味窗口,食堂,14.34
T0001659,20240110,2026-03-11,12:41:00,二食堂-大众窗口,食堂,11.09
T0001660,20250115,2026-03-22,18:58:00,二食堂-大众窗口,食堂,12.36
T0001661,20240086,2026-03-17,13:43:00,二食堂-面食窗口,食堂,10.63
T0001662,20240042,2026-03-14,17:11:00,一食堂-大众窗口,食堂,11.84
T0001663,20220032,2026-03-12,11:03:00,一食堂-大众窗口,食堂,10.77
T0001664,20250107,2026-03-14,08:52:00,一食堂-大众窗口,食堂,11.28
T0001665,20250103,2026-03-07,12:41:00,二食堂-面食窗口,食堂,15.31
T0001666,20220052,2026-03-10,07:13:00,一食堂-风味窗口,食堂,19.09
T0001667,20230113,2026-03-19,13:01:00,二食堂-大众窗口,食堂,9.92
T0001668,20250075,2026-03-09,07:11:00,二食堂-面食窗口,食堂,15.64
T0001669,20240014,2026-03-22,11:50:00,二食堂-面食窗口,食堂,15.5
T0001670,20240062,2026-03-19,08:04:00,一食堂-风味窗口,食堂,21.63
T0001671,20250079,2026-03-11,07:04:00,二食堂-面食窗口,食堂,11.0
T0001672,20220024,2026-03-19,12:32:00,二食堂-大众窗口,食堂,12.92
T0001673,20230093,2026-03-18,08:12:00,一食堂-风味窗口,食堂,18.03
T0001674,20250051,2026-03-02,18:35:00,二食堂-面食窗口,食堂,16.71
T0001675,20240082,2026-03-20,07:03:00,二食堂-面食窗口,食堂,14.03
T0001676,20250031,2026-03-21,13:24:00,一食堂-大众窗口,食堂,9.43
T0001677,20230109,2026-03-19,13:50:00,二食堂-大众窗口,食堂,14.9
T0001678,20220080,2026-03-16,11:23:00,二食堂-大众窗口,食堂,11.38
T0001679,20230077,2026-03-14,17:41:00,一食堂-风味窗口,食堂,12.65
T0001680,20220040,2026-03-18,07:04:00,一食堂-大众窗口,食堂,9.12
T0001681,20220056,2026-03-17,12:53:00,一食堂-风味窗口,食堂,20.27
T0001682,20220012,2026-03-19,12:55:00,二食堂-面食窗口,食堂,12.12
T0001683,20230085,2026-03-02,11:28:00,一食堂-风味窗口,食堂,14.3
T0001684,20220036,2026-03-02,07:16:00,二食堂-面食窗口,食堂,17.3
T0001685,20230105,2026-03-17,12:22:00,一食堂-风味窗口,食堂,15.77
T0001686,20220020,2026-03-20,07:06:00,二食堂-面食窗口,食堂,10.41
T0001687,20250015,2026-03-15,17:42:00,一食堂-大众窗口,食堂,12.88
T0001688,20220068,2026-03-21,12:29:00,一食堂-大众窗口,食堂,12.47
T0001689,20220052,2026-03-02,12:17:00,二食堂-面食窗口,食堂,12.79
T0001690,20230025,2026-03-12,18:10:00,一食堂-大众窗口,食堂,9.13
T0001691,20240110,2026-03-11,07:17:00,一食堂-大众窗口,食堂,11.36
T0001692,20220080,2026-03-05,13:44:00,二食堂-大众窗口,食堂,9.58
T0001693,20220064,2026-03-09,07:15:00,二食堂-面食窗口,食堂,10.58
T0001694,20250103,2026-03-09,11:02:00,二食堂-大众窗口,食堂,13.41
T0001695,20230069,2026-03-09,12:53:00,一食堂-大众窗口,食堂,11.76
T0001696,20240070,2026-03-21,12:16:00,二食堂-大众窗口,食堂,9.63
T0001697,20220112,2026-03-10,17:39:00,一食堂-风味窗口,食堂,12.62
T0001698,20250083,2026-03-19,15:20:00,便利店,超市,3.37
T0001699,20220016,2026-03-07,18:23:00,二食堂-大众窗口,食堂,9.54
T0001700,20230081,2026-03-14,17:53:00,二食堂-面食窗口,食堂,11.98
T0001701,20250035,2026-03-02,12:40:00,二食堂-面食窗口,食堂,11.74
T0001702,20230037,2026-03-19,08:11:00,二食堂-面食窗口,食堂,17.54
T0001703,20220032,2026-03-10,12:58:00,二食堂-面食窗口,食堂,11.0
T0001704,20240046,2026-03-19,08:17:00,一食堂-大众窗口,食堂,9.63
T0001705,20230089,2026-03-02,17:46:00,一食堂-风味窗口,食堂,21.13
T0001706,20240046,2026-03-14,18:48:00,一食堂-风味窗口,食堂,20.04
T0001707,20240118,2026-03-03,18:23:00,二食堂-大众窗口,食堂,11.86
T0001708,20220012,2026-03-11,17:42:00,二食堂-大众窗口,食堂,10.01
T0001709,20250043,2026-03-02,11:09:00,二食堂-面食窗口,食堂,12.22
T0001710,20220116,2026-03-16,11:19:00,二食堂-面食窗口,食堂,17.08
T0001711,20220104,2026-03-13,07:02:00,二食堂-面食窗口,食堂,17.3
T0001712,20250019,2026-03-14,11:45:00,一食堂-风味窗口,食堂,18.13
T0001713,20220112,2026-03-10,08:15:00,二食堂-面食窗口,食堂,15.08
T0001714,20230105,2026-03-17,08:46:00,一食堂-大众窗口,食堂,13.84
T0001715,20240058,2026-03-16,13:56:00,二食堂-面食窗口,食堂,15.19
T0001716,20230013,2026-03-09,10:44:00,超市A,超市,6.51
T0001717,20220012,2026-03-18,18:24:00,一食堂-大众窗口,食堂,11.79
T0001718,20230069,2026-03-04,19:45:00,奶茶店,饮品,15.07
T0001719,20240066,2026-03-03,13:36:00,一食堂-大众窗口,食堂,14.92
T0001720,20240102,2026-03-06,12:05:00,二食堂-面食窗口,食堂,12.57
T0001721,20220012,2026-03-21,12:32:00,二食堂-大众窗口,食堂,9.39
T0001722,20230097,2026-03-12,08:11:00,二食堂-面食窗口,食堂,15.5
T0001723,20240002,2026-03-07,18:14:00,二食堂-大众窗口,食堂,0.0
T0001724,,2026-03-19,11:10:00,二食堂-大众窗口,食堂,8.84
T0001725,20250115,2026-03-19,18:59:00,一食堂-风味窗口,食堂,16.14
T0001726,20230001,2026-03-10,12:05:00,一食堂-风味窗口,食堂,13.93
T0001727,20250111,2026-03-18,18:10:00,二食堂-大众窗口,食堂,13.28
T0001728,20250043,2026-03-10,12:34:00,一食堂-大众窗口,食堂,10.33
T0001729,20230053,2026-03-21,18:05:00,一食堂-风味窗口,食堂,12.21
T0001730,20230045,2026-03-14,12:20:00,二食堂-面食窗口,食堂,10.57
T0001731,20220052,2026-03-02,18:45:00,二食堂-大众窗口,食堂,11.54
T0001732,20240054,2026-03-20,08:36:00,一食堂-大众窗口,食堂,9.08
T0001733,20250091,2026-03-14,12:29:00,一食堂-大众窗口,食堂,14.87
T0001734,20230077,2026-03-14,12:03:00,二食堂-面食窗口,食堂,16.35
T0001735,20220100,2026-03-18,19:40:00,水果店,超市,23.86
T0001736,20220016,2026-03-12,12:28:00,二食堂-大众窗口,食堂,12.82
T0001737,20250059,2026-03-18,17:14:00,一食堂-风味窗口,食堂,14.81
T0001738,20240090,2026-03-16,13:35:00,二食堂-大众窗口,食堂,13.99
T0001739,20230113,2026-03-07,18:36:00,二食堂-大众窗口,食堂,14.73
T0001740,20220096,2026-03-21,18:59:00,一食堂-风味窗口,食堂,19.98
T0001741,20240054,2026-03-22,18:06:00,二食堂-面食窗口,食堂,10.93
T0001742,20230005,2026-03-16,11:29:00,二食堂-大众窗口,食堂,11.5
T0001743,20220056,2026-03-04,21:42:00,咖啡店,饮品,21.4
T0001744,20250099,2026-03-07,11:19:00,二食堂-面食窗口,食堂,12.85
T0001745,20230005,2026-03-03,12:12:00,一食堂-风味窗口,食堂,12.19
T0001746,20220024,2026-03-14,18:44:00,二食堂-大众窗口,食堂,12.75
T0001747,20220072,2026-03-16,18:58:00,一食堂-大众窗口,食堂,14.77
T0001748,20230093,2026-03-17,11:46:00,二食堂-面食窗口,食堂,17.03
T0001749,20250023,2026-03-19,19:31:00,水果店,超市,23.25
T0001750,20250059,2026-03-07,12:02:00,一食堂-大众窗口,食堂,13.22
T0001751,20230077,2026-03-22,19:47:00,奶茶店,饮品,14.41
T0001752,20240082,2026-03-17,12:42:00,一食堂-大众窗口,食堂,13.18
T0001753,20240018,2026-03-10,07:27:00,一食堂-风味窗口,食堂,15.38
T0001754,20240090,2026-03-22,18:06:00,二食堂-面食窗口,食堂,12.06
T0001755,20230085,2026-03-18,19:22:00,超市A,超市,9.22
T0001756,20250107,2026-03-21,12:36:00,二食堂-面食窗口,食堂,10.29
T0001757,20220020,2026-03-04,17:38:00,一食堂-大众窗口,食堂,9.38
T0001758,20250027,2026-03-05,12:15:00,一食堂-风味窗口,食堂,12.66
T0001759,20230117,2026-03-09,08:58:00,二食堂-大众窗口,食堂,8.55
T0001760,20230009,2026-03-07,13:13:00,一食堂-风味窗口,食堂,19.59
T0001761,20230013,2026-03-12,18:35:00,二食堂-面食窗口,食堂,16.27
T0001762,20240010,2026-03-20,08:06:00,二食堂-大众窗口,食堂,11.01
T0001763,20220080,2026-03-14,08:14:00,二食堂-大众窗口,食堂,11.26
T0001764,20250019,2026-03-13,08:56:00,二食堂-面食窗口,食堂,15.38
T0001765,20230009,2026-03-05,10:14:00,水果店,超市,10.97
T0001766,20220060,2026-03-06,07:03:00,二食堂-大众窗口,食堂,12.77
T0001767,20220084,2026-03-11,18:19:00,二食堂-大众窗口,食堂,10.49
T0001768,20240006,2026-03-04,18:57:00,二食堂-大众窗口,食堂,8.17
T0001769,20220108,2026-03-19,08:58:00,二食堂-大众窗口,食堂,14.58
T0001770,20220080,2026-03-21,12:12:00,一食堂-风味窗口,食堂,18.79
T0001771,20220020,2026-03-14,17:30:00,一食堂-大众窗口,食堂,12.75
T0001772,20240098,2026-03-07,10:29:00,超市A,超市,11.86
T0001773,20250115,2026-03-08,11:34:00,一食堂-大众窗口,食堂,14.25
T0001774,20240094,2026-03-07,13:19:00,二食堂-大众窗口,食堂,9.22
T0001775,20230009,2026-03-13,17:55:00,一食堂-大众窗口,食堂,11.8
T0001776,20250075,2026-03-20,08:24:00,一食堂-大众窗口,食堂,9.63
T0001777,20220040,2026-03-17,13:33:00,一食堂-大众窗口,食堂,10.19
T0001778,20230033,2026-03-09,07:32:00,一食堂-风味窗口,食堂,21.27
T0001779,20220080,2026-03-21,17:48:00,一食堂-大众窗口,食堂,11.9
T0001780,20230081,2026-03-07,11:33:00,一食堂-风味窗口,食堂,16.23
T0001781,20220088,2026-03-15,11:29:00,二食堂-大众窗口,食堂,11.05
T0001782,20250119,2026-03-10,12:43:00,二食堂-大众窗口,食堂,12.95
T0001783,20230009,2026-03-16,11:49:00,二食堂-面食窗口,食堂,16.55
T0001784,20250107,2026-03-10,12:10:00,二食堂-大众窗口,食堂,14.73
T0001785,20230109,2026-03-16,12:21:00,二食堂-大众窗口,食堂,14.65
T0001786,20230105,2026-03-15,17:22:00,二食堂-面食窗口,食堂,12.54
T0001787,20230057,2026-03-15,12:26:00,一食堂-风味窗口,食堂,12.83
T0001788,20220016,2026-03-17,11:14:00,一食堂-大众窗口,食堂,11.07
T0001789,20230045,2026-03-18,18:02:00,二食堂-面食窗口,食堂,12.02
T0001790,20230109,2026-03-18,11:30:00,一食堂-大众窗口,食堂,12.36
T0001791,20250011,2026-03-17,07:15:00,一食堂-大众窗口,食堂,12.04
T0001792,20240078,2026-03-13,12:02:00,一食堂-大众窗口,食堂,14.21
T0001793,20250095,2026-03-10,08:10:00,二食堂-大众窗口,食堂,8.26
T0001794,20220080,2026-03-02,17:48:00,二食堂-面食窗口,食堂,16.78
T0001795,20240082,2026-03-03,18:05:00,二食堂-大众窗口,食堂,13.51
T0001796,20240086,2026-03-10,18:43:00,二食堂-大众窗口,食堂,11.53
T0001797,20250083,2026-03-22,10:24:00,超市A,超市,8.36
T0001798,20240050,2026-03-08,07:37:00,二食堂-面食窗口,食堂,16.31
T0001799,20250091,2026-03-02,12:57:00,二食堂-大众窗口,食堂,14.67
T0001800,20250007,2026-03-05,13:33:00,二食堂-面食窗口,食堂,12.34
T0001801,20240090,2026-03-21,11:01:00,二食堂-大众窗口,食堂,8.52
T0001802,20220044,2026-03-11,13:46:00,一食堂-大众窗口,食堂,8.44
T0001803,20250087,2026-03-22,17:09:00,一食堂-大众窗口,食堂,10.52
T0001804,20250103,2026-03-04,10:45:00,水果店,超市,23.93
T0001805,20220052,2026-03-17,18:54:00,二食堂-面食窗口,食堂,13.0
T0001806,20250119,2026-03-04,08:04:00,二食堂-大众窗口,食堂,11.65
T0001807,20240018,2026-03-04,08:36:00,二食堂-大众窗口,食堂,8.88
T0001808,20250067,2026-03-15,07:01:00,二食堂-面食窗口,食堂,16.42
T0001809,20220080,2026-03-07,18:01:00,一食堂-大众窗口,食堂,14.54
T0001810,20240038,2026-03-16,12:47:00,二食堂-大众窗口,食堂,13.66
T0001811,20250107,2026-03-11,17:36:00,二食堂-大众窗口,食堂,8.98
T0001812,20230085,2026-03-06,08:21:00,二食堂-大众窗口,食堂,8.7
T0001813,20230097,2026-03-11,17:11:00,二食堂-面食窗口,食堂,17.3
T0001814,20220064,2026-03-12,12:35:00,一食堂-风味窗口,食堂,17.81
T0001815,20250043,2026-03-18,11:56:00,二食堂-大众窗口,食堂,13.65
T0001816,20230037,2026-03-04,08:12:00,一食堂-风味窗口,食堂,21.91
T0001817,20230001,2026-03-10,08:38:00,二食堂-面食窗口,食堂,16.74
T0001818,20240102,2026-03-07,12:36:00,一食堂-大众窗口,食堂,10.36
T0001819,20230009,2026-03-19,18:30:00,二食堂-面食窗口,食堂,16.62
T0001820,20230025,2026-03-22,12:10:00,二食堂-面食窗口,食堂,12.7
T0001821,20230057,2026-03-19,07:02:00,一食堂-风味窗口,食堂,15.08
T0001822,20250003,2026-03-02,17:14:00,一食堂-风味窗口,食堂,21.03
T0001823,20230073,2026-03-17,08:25:00,一食堂-风味窗口,食堂,15.08
T0001824,20250059,2026-03-03,11:39:00,二食堂-面食窗口,食堂,18.0
T0001825,20220032,2026-03-15,18:40:00,二食堂-大众窗口,食堂,14.37
T0001826,20230101,2026-03-10,11:09:00,一食堂-风味窗口,食堂,19.52
T0001827,20220076,2026-03-13,13:11:00,二食堂-面食窗口,食堂,16.95
T0001828,20220044,2026-03-09,13:58:00,一食堂-大众窗口,食堂,8.23
T0001829,20240118,2026-03-05,19:18:00,水果店,超市,6.85
T0001830,20230089,2026-03-21,13:17:00,二食堂-大众窗口,食堂,9.8
T0001831,20250007,2026-03-13,13:23:00,一食堂-风味窗口,食堂,15.39
T0001832,20230057,2026-03-22,19:40:00,水果店,超市,7.91
T0001833,20220100,2026-03-02,08:25:00,二食堂-面食窗口,食堂,17.15
T0001834,20230049,2026-03-14,12:24:00,二食堂-大众窗口,食堂,12.39
T0001835,20240110,2026-03-20,08:56:00,一食堂-大众窗口,食堂,12.86
T0001836,20250103,2026-03-08,21:23:00,超市A,超市,2.23
T0001837,20250011,2026-03-13,08:08:00,一食堂-风味窗口,食堂,21.89
T0001838,20240002,2026-03-15,11:55:00,一食堂-风味窗口,食堂,18.49
T0001839,20220060,2026-03-07,13:06:00,一食堂-大众窗口,食堂,8.62
T0001840,20220108,2026-03-14,12:23:00,一食堂-大众窗口,食堂,10.39
T0001841,20240114,2026-03-18,07:49:00,二食堂-大众窗口,食堂,10.69
T0001842,20230073,2026-03-09,07:30:00,一食堂-风味窗口,食堂,14.52
T0001843,20250111,2026-03-02,08:06:00,一食堂-风味窗口,食堂,18.47
T0001844,20230009,2026-03-16,08:11:00,二食堂-面食窗口,食堂,16.5
T0001845,20250019,2026-03-02,12:29:00,一食堂-大众窗口,食堂,12.34
T0001846,20250047,2026-03-08,08:49:00,一食堂-大众窗口,食堂,13.64
T0001847,20220016,2026-03-12,17:35:00,一食堂-风味窗口,食堂,17.93
T0001848,20220032,2026-03-10,18:44:00,二食堂-面食窗口,食堂,13.34
T0001849,20250063,2026-03-05,18:29:00,二食堂-大众窗口,食堂,10.77
T0001850,20240114,2026-03-05,10:23:00,超市A,超市,3.49
T0001851,20240086,2026-03-09,12:57:00,二食堂-面食窗口,食堂,17.57
T0001852,20220108,2026-03-09,19:02:00,超市A,超市,3.01
T0001853,20220084,2026-03-22,10:31:00,咖啡店,饮品,11.34
T0001854,20220076,2026-03-02,12:46:00,二食堂-面食窗口,食堂,16.41
T0001855,20220020,2026-03-18,17:07:00,二食堂-大众窗口,食堂,11.78
T0001856,20240078,2026-03-06,11:40:00,二食堂-大众窗口,食堂,9.86
T0001857,20250111,2026-03-22,11:24:00,一食堂-大众窗口,食堂,14.24
T0001858,20240058,2026-03-12,13:37:00,二食堂-大众窗口,食堂,12.56
T0001859,20240070,2026-03-08,18:04:00,二食堂-大众窗口,食堂,11.57
T0001860,20220056,2026-03-12,08:56:00,一食堂-大众窗口,食堂,9.63
T0001861,20230045,2026-03-04,08:09:00,二食堂-面食窗口,食堂,10.79
T0001862,20220024,2026-03-06,08:05:00,二食堂-面食窗口,食堂,11.37
T0001863,20220028,2026-03-04,17:29:00,二食堂-大众窗口,食堂,14.0
T0001864,20240022,2026-03-22,12:45:00,一食堂-大众窗口,食堂,13.18
T0001865,20220068,2026-03-13,07:00:00,一食堂-风味窗口,食堂,20.04
T0001866,20250027,2026-03-20,08:43:00,二食堂-大众窗口,食堂,11.21
T0001867,20240086,2026-03-04,18:34:00,二食堂-面食窗口,食堂,12.92
T0001868,20250079,2026-03-13,12:22:00,二食堂-大众窗口,食堂,9.71
T0001869,20240078,2026-03-07,19:09:00,便利店,超市,13.42
T0001870,20220108,2026-03-10,17:38:00,二食堂-面食窗口,食堂,14.68
T0001871,20240050,2026-03-05,18:02:00,二食堂-面食窗口,食堂,17.7
T0001872,20220112,2026-03-07,12:32:00,一食堂-风味窗口,食堂,13.48
T0001873,20250051,2026-03-11,13:40:00,二食堂-面食窗口,食堂,17.97
T0001874,20230065,2026-03-22,12:47:00,二食堂-面食窗口,食堂,10.7
T0001875,20240098,2026-03-19,11:08:00,二食堂-大众窗口,食堂,12.14
T0001876,20220032,2026-03-03,17:20:00,一食堂-大众窗口,食堂,8.46
T0001877,20220104,2026-03-03,12:14:00,二食堂-大众窗口,食堂,8.82
T0001878,20230045,2026-03-10,12:54:00,一食堂-风味窗口,食堂,13.77
T0001879,20230021,2026-03-21,11:26:00,二食堂-面食窗口,食堂,16.26
T0001880,20230093,2026-03-18,12:58:00,一食堂-大众窗口,食堂,11.19
T0001881,20240038,2026-03-08,17:22:00,一食堂-大众窗口,食堂,9.78
T0001882,20240090,2026-03-19,17:10:00,二食堂-大众窗口,食堂,14.17
T0001883,20220064,2026-03-20,15:47:00,超市A,超市,10.41
T0001884,20250071,2026-03-07,18:40:00,二食堂-大众窗口,食堂,10.12
T0001885,20250063,2026-03-21,12:25:00,一食堂-大众窗口,食堂,12.7
T0001886,20250079,2026-03-20,07:00:00,一食堂-风味窗口,食堂,20.77
T0001887,20220008,2026-03-04,17:44:00,一食堂-大众窗口,食堂,14.49
T0001888,20250023,2026-03-15,11:34:00,二食堂-大众窗口,食堂,14.08
T0001889,20230029,2026-03-21,13:32:00,一食堂-风味窗口,食堂,12.02
T0001890,20230081,2026-03-03,07:17:00,一食堂-风味窗口,食堂,16.02
T0001891,20220116,2026-03-07,11:46:00,一食堂-大众窗口,食堂,9.1
T0001892,20250011,2026-03-11,17:13:00,二食堂-大众窗口,食堂,8.77
T0001893,20240062,2026-03-16,19:05:00,便利店,超市,19.64
T0001894,20220116,2026-03-13,07:56:00,一食堂-风味窗口,食堂,12.39
T0001895,20230049,2026-03-13,19:05:00,咖啡店,饮品,12.89
T0001896,20230009,2026-03-14,11:25:00,二食堂-大众窗口,食堂,10.28
T0001897,20250099,2026-03-14,17:32:00,二食堂-面食窗口,食堂,15.84
T0001898,20230005,2026-03-12,12:04:00,一食堂-风味窗口,食堂,16.02
T0001899,20250031,2026-03-02,07:00:00,二食堂-面食窗口,食堂,17.91
T0001900,20230105,2026-03-20,13:42:00,二食堂-面食窗口,食堂,16.96
T0001901,20250095,2026-03-04,10:05:00,超市A,超市,12.51
T0001902,20230041,2026-03-19,13:44:00,一食堂-风味窗口,食堂,21.34
T0001903,20240090,2026-03-02,08:58:00,二食堂-大众窗口,食堂,12.4
T0001904,20240034,2026-03-15,17:12:00,二食堂-大众窗口,食堂,9.59
T0001905,20220088,2026-03-10,18:51:00,二食堂-大众窗口,食堂,8.54
T0001906,20240082,2026-03-22,11:42:00,一食堂-大众窗口,食堂,11.14
T0001907,20250071,2026-03-09,07:46:00,二食堂-面食窗口,食堂,10.72
T0001908,20220052,2026-03-04,17:15:00,一食堂-风味窗口,食堂,21.63
T0001909,20220116,2026-03-03,11:43:00,二食堂-面食窗口,食堂,12.68
T0001910,20250015,2026-03-13,13:05:00,二食堂-大众窗口,食堂,11.65
T0001911,20250095,2026-03-15,17:57:00,二食堂-面食窗口,食堂,13.98
T0001912,20240014,2026-03-16,12:40:00,二食堂-大众窗口,食堂,12.32
T0001913,20250051,2026-03-13,07:42:00,一食堂-风味窗口,食堂,17.6
T0001914,20220056,2026-03-03,07:45:00,一食堂-风味窗口,食堂,20.44
T0001915,20230069,2026-03-19,18:29:00,一食堂-风味窗口,食堂,12.71
T0001916,20230049,2026-03-11,08:20:00,二食堂-大众窗口,食堂,12.57
T0001917,20250067,2026-03-10,08:46:00,二食堂-大众窗口,食堂,12.93
T0001918,20240026,2026-03-05,17:18:00,二食堂-面食窗口,食堂,11.96
T0001919,20220008,2026-03-05,08:11:00,一食堂-风味窗口,食堂,13.91
T0001920,20240114,2026-03-11,17:16:00,一食堂-大众窗口,食堂,9.39
T0001921,20250071,2026-03-16,18:55:00,二食堂-面食窗口,食堂,16.37
T0001922,20250063,2026-03-16,18:38:00,一食堂-大众窗口,食堂,14.65
T0001923,20230073,2026-03-05,12:47:00,一食堂-风味窗口,食堂,14.69
T0001924,20250047,2026-03-03,18:26:00,一食堂-大众窗口,食堂,13.52
T0001925,20220076,2026-03-04,07:19:00,一食堂-大众窗口,食堂,10.3
T0001926,20250015,2026-03-08,12:54:00,二食堂-大众窗口,食堂,8.48
T0001927,20240106,2026-03-10,07:28:00,一食堂-风味窗口,食堂,901.66
T0001928,20240054,2026-03-05,11:10:00,一食堂-大众窗口,食堂,8.5
T0001929,20250103,2026-03-16,08:35:00,二食堂-大众窗口,食堂,10.72
T0001930,20250067,2026-03-06,08:48:00,一食堂-风味窗口,食堂,19.33
T0001931,20230065,2026-03-08,12:25:00,二食堂-大众窗口,食堂,13.66
T0001932,20220060,2026-03-04,08:09:00,一食堂-大众窗口,食堂,10.06
T0001933,20250023,2026-03-14,12:38:00,二食堂-大众窗口,食堂,13.55
T0001934,20220072,2026-03-15,15:00:00,便利店,超市,5.73
T0001935,20250059,2026-03-18,07:37:00,二食堂-大众窗口,食堂,10.79
T0001936,20240034,2026-03-04,18:52:00,一食堂-大众窗口,食堂,12.93
T0001937,20250015,2026-03-11,08:08:00,一食堂-大众窗口,食堂,10.23
T0001938,20220032,2026-03-17,17:58:00,二食堂-大众窗口,食堂,12.04
T0001939,20250119,2026-03-15,10:09:00,咖啡店,饮品,14.28
T0001940,20220028,2026-03-04,19:08:00,水果店,超市,18.84
T0001941,20220084,2026-03-20,19:53:00,咖啡店,饮品,19.78
T0001942,20220060,2026-03-18,18:18:00,二食堂-面食窗口,食堂,12.98
T0001943,20240106,2026-03-03,13:49:00,二食堂-大众窗口,食堂,9.14
T0001944,20240026,2026-03-17,12:30:00,二食堂-面食窗口,食堂,12.31
T0001945,20220084,2026-03-04,08:34:00,二食堂-大众窗口,食堂,10.96
T0001946,20250059,2026-03-04,13:12:00,一食堂-风味窗口,食堂,13.66
T0001947,20220060,2026-03-19,11:26:00,一食堂-风味窗口,食堂,16.68
T0001948,20220088,2026-03-14,19:22:00,便利店,超市,5.24
T0001949,20240102,2026-03-15,07:36:00,二食堂-大众窗口,食堂,11.21
T0001950,20250119,2026-03-22,13:20:00,一食堂-大众窗口,食堂,13.15
T0001951,20240046,2026-03-09,18:31:00,一食堂-风味窗口,食堂,18.01
T0001952,20230069,2026-03-04,12:13:00,一食堂-大众窗口,食堂,11.6
T0001953,20220036,2026-03-08,08:53:00,一食堂-大众窗口,食堂,14.57
T0001954,20240090,2026-03-11,12:45:00,二食堂-面食窗口,食堂,13.59
T0001955,20250003,2026-03-03,08:23:00,二食堂-面食窗口,食堂,15.46
T0001956,20220068,2026-03-14,08:47:00,二食堂-大众窗口,食堂,9.63
T0001957,20230073,2026-03-08,17:13:00,二食堂-面食窗口,食堂,17.5
T0001958,20220104,2026-03-15,18:42:00,一食堂-大众窗口,食堂,9.99
T0001959,20240026,2026-03-21,18:11:00,二食堂-面食窗口,食堂,13.11
T0001960,20220036,2026-03-08,11:47:00,一食堂-大众窗口,食堂,10.67
T0001961,20220104,2026-03-08,08:15:00,一食堂-风味窗口,食堂,19.69
T0001962,20220092,2026-03-22,18:03:00,一食堂-风味窗口,食堂,12.72
T0001963,20240114,2026-03-22,12:04:00,一食堂-风味窗口,食堂,13.79
T0001964,20240026,2026-03-11,12:15:00,一食堂-大众窗口,食堂,14.2
T0001965,20230017,2026-03-06,13:56:00,二食堂-面食窗口,食堂,11.28
T0001966,20220008,2026-03-22,12:49:00,一食堂-大众窗口,食堂,8.53
T0001967,20230001,2026-03-17,13:54:00,二食堂-面食窗口,食堂,14.08
T0001968,20230001,2026-03-03,07:17:00,二食堂-面食窗口,食堂,10.66
T0001969,20250107,2026-03-19,11:14:00,一食堂-风味窗口,食堂,12.11
T0001970,20240090,2026-03-05,17:02:00,一食堂-大众窗口,食堂,14.58
T0001971,20240078,2026-03-20,18:21:00,一食堂-大众窗口,食堂,9.59
T0001972,20230081,2026-03-09,08:28:00,一食堂-风味窗口,食堂,21.04
T0001973,20250095,2026-03-03,18:42:00,二食堂-面食窗口,食堂,17.5
T0001974,20250019,2026-03-09,11:36:00,二食堂-面食窗口,食堂,16.34
T0001975,20240118,2026-03-22,11:44:00,一食堂-大众窗口,食堂,13.13
T0001976,20250019,2026-03-07,13:21:00,二食堂-大众窗口,食堂,10.85
T0001977,20240034,2026-03-03,10:25:00,水果店,超市,27.57
T0001978,20240006,2026-03-20,17:29:00,二食堂-面食窗口,食堂,13.74
T0001979,20250087,2026-03-15,18:41:00,二食堂-大众窗口,食堂,10.43
T0001980,20240114,2026-03-20,08:50:00,二食堂-大众窗口,食堂,11.57
T0001981,20250039,2026-03-06,11:42:00,一食堂-风味窗口,食堂,20.1
T0001982,20230109,2026-03-10,18:39:00,一食堂-大众窗口,食堂,10.0
T0001983,20250111,2026-03-09,17:32:00,二食堂-面食窗口,食堂,14.31
T0001984,20250043,2026-03-03,12:27:00,二食堂-大众窗口,食堂,14.27
T0001985,20250083,2026-03-11,18:21:00,二食堂-面食窗口,食堂,16.66
T0001986,20250067,2026-03-08,11:41:00,一食堂-风味窗口,食堂,14.44
T0001987,20240002,2026-03-20,12:30:00,二食堂-大众窗口,食堂,9.84
T0001988,20230109,2026-03-09,12:42:00,二食堂-大众窗口,食堂,12.21
T0001989,20220108,2026-03-05,15:16:00,咖啡店,饮品,24.92
T0001990,20240058,2026-03-05,07:39:00,二食堂-大众窗口,食堂,10.46
T0001991,20220076,2026-03-05,18:21:00,二食堂-大众窗口,食堂,11.44
T0001992,20240070,2026-03-22,18:16:00,二食堂-面食窗口,食堂,10.62
T0001993,20250039,2026-03-02,12:29:00,一食堂-大众窗口,食堂,14.64
T0001994,20230089,2026-03-09,15:05:00,奶茶店,饮品,8.36
T0001995,20250003,2026-03-07,11:54:00,二食堂-面食窗口,食堂,14.79
T0001996,20230081,2026-03-17,12:33:00,二食堂-面食窗口,食堂,11.4
T0001997,20230009,2026-03-06,17:43:00,二食堂-面食窗口,食堂,15.44
T0001998,20230037,2026-03-15,10:48:00,便利店,超市,5.32
T0001999,20250099,2026-03-06,18:03:00,一食堂-大众窗口,食堂,11.04
T0002000,20230081,2026-03-17,17:06:00,二食堂-面食窗口,食堂,14.27
T0002001,20220016,2026-03-19,12:12:00,一食堂-大众窗口,食堂,10.37
T0002002,20240038,2026-03-05,10:58:00,奶茶店,饮品,11.14
T0002003,20240006,2026-03-03,08:55:00,一食堂-大众窗口,食堂,8.12
T0002004,20240078,2026-03-13,07:43:00,一食堂-大众窗口,食堂,14.84
T0002005,20230045,2026-03-05,11:40:00,一食堂-大众窗口,食堂,9.17
T0002006,20220032,2026-03-17,08:41:00,一食堂-大众窗口,食堂,12.38
T0002007,20240034,2026-03-18,18:48:00,二食堂-面食窗口,食堂,10.3
T0002008,20250087,2026-03-02,18:44:00,二食堂-面食窗口,食堂,11.03
T0002009,20250095,2026-03-02,07:31:00,一食堂-大众窗口,食堂,13.44
T0002010,20230077,2026-03-17,18:55:00,二食堂-面食窗口,食堂,12.09
T0002011,20230061,2026-03-18,13:59:00,一食堂-风味窗口,食堂,21.79
T0002012,20240034,2026-03-12,12:47:00,一食堂-风味窗口,食堂,14.2
T0002013,20230053,2026-03-07,13:31:00,二食堂-面食窗口,食堂,17.67
T0002014,20250115,2026-03-21,08:29:00,二食堂-大众窗口,食堂,8.28
T0002015,20240070,2026-03-10,07:26:00,一食堂-大众窗口,食堂,14.01
T0002016,20220068,2026-03-11,08:18:00,二食堂-大众窗口,食堂,9.48
T0002017,20230081,2026-03-15,15:19:00,便利店,超市,6.1
T0002018,20250079,2026-03-18,12:51:00,二食堂-面食窗口,食堂,14.21
T0002019,20220024,2026-03-11,17:00:00,一食堂-风味窗口,食堂,21.49
T0002020,20250047,2026-03-17,18:14:00,一食堂-大众窗口,食堂,10.92
T0002021,20230029,2026-03-13,17:22:00,一食堂-风味窗口,食堂,14.53
T0002022,20220076,2026-03-02,07:17:00,二食堂-面食窗口,食堂,13.0
T0002023,20230113,2026-03-11,12:18:00,二食堂-大众窗口,食堂,12.33
T0002024,20230085,2026-03-16,18:28:00,一食堂-风味窗口,食堂,12.64
T0002025,20250015,2026-03-12,19:13:00,奶茶店,饮品,14.81
T0002026,20250007,2026-03-12,08:12:00,二食堂-面食窗口,食堂,10.03
T0002027,20240002,2026-03-13,13:49:00,一食堂-风味窗口,食堂,16.53
T0002028,20230045,2026-03-21,15:48:00,超市A,超市,5.69
T0002029,20240082,2026-03-07,15:31:00,便利店,超市,4.73
T0002030,20240030,2026-03-13,07:51:00,二食堂-大众窗口,食堂,10.4
T0002031,20220080,2026-03-07,11:56:00,二食堂-大众窗口,食堂,12.75
T0002032,20250031,2026-03-06,12:51:00,一食堂-大众窗口,食堂,8.5
T0002033,20220072,2026-03-05,08:59:00,一食堂-大众窗口,食堂,10.07
T0002034,20220088,2026-03-11,17:53:00,一食堂-大众窗口,食堂,11.02
T0002035,20230053,2026-03-10,10:21:00,超市A,超市,4.13
T0002036,20220064,2026-03-10,13:11:00,一食堂-风味窗口,食堂,14.04
T0002037,20220080,2026-03-09,07:04:00,二食堂-大众窗口,食堂,8.61
T0002038,20220112,2026-03-08,18:31:00,一食堂-风味窗口,食堂,19.84
T0002039,20250079,2026-03-15,08:05:00,二食堂-面食窗口,食堂,15.86
T0002040,20250071,2026-03-08,17:51:00,一食堂-风味窗口,食堂,14.53
T0002041,20220052,2026-03-19,07:30:00,二食堂-面食窗口,食堂,10.08
T0002042,20220072,2026-03-09,08:03:00,一食堂-风味窗口,食堂,18.18
T0002043,20220084,2026-03-15,13:53:00,一食堂-风味窗口,食堂,13.25
T0002044,20220084,2026-03-21,11:29:00,一食堂-大众窗口,食堂,10.44
T0002045,20220012,2026-03-09,08:26:00,一食堂-大众窗口,食堂,8.85
T0002046,20220004,2026-03-04,07:54:00,二食堂-大众窗口,食堂,14.56
T0002047,20240106,2026-03-10,17:40:00,二食堂-面食窗口,食堂,17.72
T0002048,20250063,2026-03-11,17:02:00,一食堂-大众窗口,食堂,12.36
T0002049,20240006,2026-03-05,18:23:00,二食堂-大众窗口,食堂,10.83
T0002050,20240094,2026-03-06,17:52:00,二食堂-大众窗口,食堂,10.17
T0002051,20230101,2026-03-14,18:25:00,一食堂-大众窗口,食堂,12.92
T0002052,20250119,2026-03-03,07:17:00,一食堂-大众窗口,食堂,10.92
T0002053,20240014,2026-03-04,08:36:00,二食堂-面食窗口,食堂,12.0
T0002054,20220076,2026-03-12,11:46:00,一食堂-大众窗口,食堂,11.68
T0002055,20250055,2026-03-11,07:15:00,二食堂-大众窗口,食堂,8.54
T0002056,20250047,2026-03-07,18:04:00,一食堂-大众窗口,食堂,11.89
T0002057,20250031,2026-03-21,17:20:00,一食堂-风味窗口,食堂,21.11
T0002058,20230013,2026-03-20,08:55:00,二食堂-面食窗口,食堂,15.69
T0002059,20240118,2026-03-16,13:33:00,二食堂-面食窗口,食堂,10.02
T0002060,20240006,2026-03-17,10:47:00,便利店,超市,15.59
T0002061,20220060,2026-03-20,19:58:00,奶茶店,饮品,9.64
T0002062,20240058,2026-03-04,18:16:00,一食堂-风味窗口,食堂,19.93
T0002063,20230057,2026-03-11,07:15:00,二食堂-面食窗口,食堂,17.82
T0002064,20220016,2026-03-21,13:05:00,一食堂-大众窗口,食堂,8.11
T0002065,20250031,2026-03-11,11:01:00,二食堂-大众窗口,食堂,13.61
T0002066,20230077,2026-03-06,07:38:00,一食堂-大众窗口,食堂,11.19
T0002067,20220024,2026-03-09,12:21:00,二食堂-大众窗口,食堂,14.45
T0002068,20240026,2026-03-10,13:14:00,一食堂-风味窗口,食堂,14.28
T0002069,20240022,2026-03-09,21:45:00,水果店,超市,4.68
T0002070,20250091,2026-03-09,12:08:00,一食堂-大众窗口,食堂,13.24
T0002071,20230001,2026-03-05,18:19:00,一食堂-大众窗口,食堂,13.71
T0002072,20250091,2026-03-09,08:59:00,一食堂-大众窗口,食堂,12.27
T0002073,20250067,2026-03-16,07:06:00,一食堂-大众窗口,食堂,9.11
T0002074,20240118,2026-03-11,18:58:00,一食堂-大众窗口,食堂,14.35
T0002075,20230021,2026-03-02,12:34:00,一食堂-大众窗口,食堂,9.79
T0002076,20220120,2026-03-03,12:31:00,二食堂-大众窗口,食堂,12.24
T0002077,20230097,2026-03-20,17:55:00,二食堂-大众窗口,食堂,10.82
T0002078,20240006,2026-03-14,12:56:00,二食堂-面食窗口,食堂,16.44
T0002079,20240042,2026-03-15,10:26:00,咖啡店,饮品,24.05
T0002080,20220024,2026-03-16,11:58:00,一食堂-大众窗口,食堂,13.6
T0002081,20230009,2026-03-03,11:54:00,一食堂-大众窗口,食堂,12.24
T0002082,20220104,2026-03-05,12:36:00,一食堂-风味窗口,食堂,21.79
T0002083,20250059,2026-03-21,17:23:00,二食堂-大众窗口,食堂,8.7
T0002084,20240038,2026-03-12,07:01:00,二食堂-面食窗口,食堂,12.17
T0002085,20240050,2026-03-04,11:36:00,一食堂-大众窗口,食堂,13.61
T0002086,20220052,2026-03-22,11:22:00,二食堂-大众窗口,食堂,13.08
T0002087,20220108,2026-03-18,18:33:00,二食堂-大众窗口,食堂,11.26
T0002088,20220108,2026-03-03,12:07:00,一食堂-风味窗口,食堂,16.36
T0002089,20220100,2026-03-18,18:02:00,二食堂-大众窗口,食堂,9.42
T0002090,20230025,2026-03-14,18:02:00,二食堂-面食窗口,食堂,14.96
T0002091,20230117,2026-03-13,11:12:00,二食堂-面食窗口,食堂,13.07
T0002092,20250095,2026-03-21,18:54:00,二食堂-大众窗口,食堂,10.3
T0002093,20240006,2026-03-09,18:44:00,一食堂-风味窗口,食堂,13.64
T0002094,20230077,2026-03-09,17:44:00,一食堂-风味窗口,食堂,19.46
T0002095,20250011,2026-03-08,11:33:00,二食堂-大众窗口,食堂,8.85
T0002096,20230113,2026-03-20,17:28:00,一食堂-风味窗口,食堂,14.98
T0002097,20250111,2026-03-03,15:20:00,咖啡店,饮品,20.25
T0002098,20240054,2026-03-03,17:49:00,二食堂-大众窗口,食堂,8.1
T0002099,20220020,2026-03-13,12:54:00,二食堂-大众窗口,食堂,14.78
T0002100,20230041,2026-03-06,18:44:00,二食堂-大众窗口,食堂,8.16
T0002101,20220080,2026-03-17,17:43:00,一食堂-大众窗口,食堂,14.71
T0002102,20220104,2026-03-02,11:48:00,一食堂-大众窗口,食堂,11.73
T0002103,20240090,2026-03-14,12:18:00,二食堂-大众窗口,食堂,11.93
T0002104,20250043,2026-03-04,18:43:00,一食堂-大众窗口,食堂,14.93
T0002105,20250015,2026-03-07,12:43:00,一食堂-风味窗口,食堂,16.32
T0002106,20230109,2026-03-13,17:36:00,二食堂-大众窗口,食堂,8.47
T0002107,20240022,2026-03-04,11:01:00,二食堂-面食窗口,食堂,10.88
T0002108,20220080,2026-03-16,07:35:00,一食堂-风味窗口,食堂,14.8
T0002109,20220068,2026-03-05,18:58:00,一食堂-风味窗口,食堂,20.08
T0002110,20240018,2026-03-14,19:12:00,便利店,超市,13.16
T0002111,20240038,2026-03-06,13:50:00,二食堂-面食窗口,食堂,17.3
T0002112,20250119,2026-03-13,12:22:00,一食堂-风味窗口,食堂,14.71
T0002113,20220012,2026-03-07,18:41:00,二食堂-面食窗口,食堂,12.11
T0002114,20230077,2026-03-08,12:48:00,一食堂-风味窗口,食堂,13.96
T0002115,20240102,2026-03-17,18:50:00,二食堂-面食窗口,食堂,10.96
T0002116,20220028,2026-03-04,07:16:00,二食堂-大众窗口,食堂,12.64
T0002117,20230069,2026-03-03,11:28:00,一食堂-风味窗口,食堂,13.21
T0002118,20230049,2026-03-09,12:33:00,二食堂-面食窗口,食堂,15.36
T0002119,20250007,2026-03-07,12:29:00,二食堂-大众窗口,食堂,14.85
T0002120,20250051,2026-03-14,18:32:00,二食堂-面食窗口,食堂,10.0
T0002121,20220116,2026-03-13,12:48:00,一食堂-大众窗口,食堂,8.15
T0002122,20220088,2026-03-07,12:00:00,二食堂-面食窗口,食堂,16.79
T0002123,20220096,2026-03-15,08:12:00,二食堂-面食窗口,食堂,12.52
T0002124,20220044,2026-03-15,18:58:00,二食堂-面食窗口,食堂,14.89
T0002125,20220056,2026-03-04,18:27:00,一食堂-大众窗口,食堂,12.08
T0002126,20250031,2026-03-22,21:01:00,咖啡店,饮品,19.08
T0002127,20240070,2026-03-11,07:35:00,二食堂-面食窗口,食堂,12.19
T0002128,20220100,2026-03-14,17:18:00,一食堂-大众窗口,食堂,9.98
T0002129,20240038,2026-03-15,07:53:00,二食堂-面食窗口,食堂,17.37
T0002130,20220100,2026-03-19,12:40:00,一食堂-大众窗口,食堂,12.49
T0002131,20240030,2026-03-06,18:02:00,二食堂-面食窗口,食堂,12.81
T0002132,20240050,2026-03-20,12:23:00,二食堂-面食窗口,食堂,16.58
T0002133,20240078,2026-03-12,17:05:00,一食堂-风味窗口,食堂,14.9
T0002134,20240022,2026-03-19,08:42:00,一食堂-风味窗口,食堂,12.47
T0002135,20240026,2026-03-21,13:42:00,二食堂-面食窗口,食堂,17.91
T0002136,20240030,2026-03-13,18:43:00,二食堂-大众窗口,食堂,13.5
T0002137,20240010,2026-03-08,12:29:00,一食堂-风味窗口,食堂,18.98
T0002138,20230041,2026-03-11,19:54:00,水果店,超市,10.54
T0002139,20240110,2026-03-05,18:41:00,一食堂-风味窗口,食堂,13.43
T0002140,20240098,2026-03-08,18:02:00,二食堂-面食窗口,食堂,12.67
T0002141,20220048,2026-03-17,15:07:00,水果店,超市,15.01
T0002142,20240030,2026-03-09,10:14:00,超市A,超市,6.39
T0002143,20240026,2026-03-08,08:43:00,一食堂-大众窗口,食堂,12.52
T0002144,20250019,2026-03-08,18:28:00,一食堂-大众窗口,食堂,14.62
T0002145,20230017,2026-03-10,12:19:00,一食堂-大众窗口,食堂,10.59
T0002146,20250027,2026-03-05,17:02:00,一食堂-大众窗口,食堂,13.23
T0002147,20250003,2026-03-02,07:20:00,一食堂-大众窗口,食堂,12.96
T0002148,20250059,2026-03-06,08:20:00,一食堂-风味窗口,食堂,13.63
T0002149,20250107,2026-03-13,11:29:00,一食堂-大众窗口,食堂,14.18
T0002150,20220024,2026-03-22,12:54:00,一食堂-大众窗口,食堂,11.04
T0002151,20250003,2026-03-05,17:13:00,一食堂-大众窗口,食堂,12.41
T0002152,20240098,2026-03-21,18:55:00,二食堂-面食窗口,食堂,12.01
T0002153,20220076,2026-03-12,18:48:00,二食堂-大众窗口,食堂,12.1
T0002154,20220052,2026-03-03,17:21:00,二食堂-面食窗口,食堂,15.17
T0002155,20230033,2026-03-04,18:18:00,二食堂-面食窗口,食堂,13.88
T0002156,20220084,2026-03-10,12:27:00,二食堂-大众窗口,食堂,11.49
T0002157,20220056,2026-03-06,12:39:00,二食堂-面食窗口,食堂,11.68
T0002158,20240010,2026-03-20,12:01:00,二食堂-大众窗口,食堂,11.81
T0002159,20240042,2026-03-04,11:41:00,一食堂-风味窗口,食堂,13.54
T0002160,20250051,2026-03-09,18:04:00,一食堂-风味窗口,食堂,18.51
T0002161,20230017,2026-03-17,08:06:00,二食堂-大众窗口,食堂,9.32
T0002162,20240058,2026-03-07,17:28:00,二食堂-大众窗口,食堂,11.7
T0002163,20250075,2026-03-10,18:59:00,一食堂-大众窗口,食堂,8.76
T0002164,20240002,2026-03-20,08:12:00,一食堂-风味窗口,食堂,18.94
T0002165,20220032,2026-03-11,15:36:00,超市A,超市,11.76
T0002166,20220044,2026-03-05,12:59:00,一食堂-风味窗口,食堂,20.94
T0002167,20220004,2026-03-17,17:06:00,二食堂-大众窗口,食堂,13.17
T0002168,20240042,2026-03-22,08:21:00,一食堂-风味窗口,食堂,17.98
T0002169,20250091,2026-03-10,13:46:00,二食堂-面食窗口,食堂,12.63
T0002170,20240114,2026-03-07,07:28:00,一食堂-风味窗口,食堂,21.86
T0002171,20230069,2026-03-15,08:57:00,一食堂-大众窗口,食堂,13.63
T0002172,20240010,2026-03-18,13:15:00,一食堂-风味窗口,食堂,13.68
T0002173,20250035,2026-03-06,12:59:00,一食堂-风味窗口,食堂,16.76
T0002174,20240082,2026-03-20,12:12:00,一食堂-大众窗口,食堂,13.99
T0002175,20220096,2026-03-06,08:55:00,一食堂-大众窗口,食堂,13.31
T0002176,20250111,2026-03-19,18:25:00,一食堂-大众窗口,食堂,10.41
T0002177,20220060,2026-03-13,08:34:00,二食堂-面食窗口,食堂,12.27
T0002178,20250099,2026-03-05,18:05:00,二食堂-大众窗口,食堂,14.98
T0002179,20220028,2026-03-19,11:57:00,一食堂-风味窗口,食堂,20.54
T0002180,20230017,2026-03-03,13:20:00,一食堂-大众窗口,食堂,8.57
T0002181,20250111,2026-03-05,17:28:00,二食堂-大众窗口,食堂,10.25
T0002182,20230037,2026-03-08,12:16:00,一食堂-大众窗口,食堂,10.17
T0002183,20240014,2026-03-21,18:45:00,一食堂-风味窗口,食堂,15.47
T0002184,20220032,2026-03-06,08:44:00,二食堂-面食窗口,食堂,12.98
T0002185,20230029,2026-03-16,07:48:00,二食堂-面食窗口,食堂,13.12
T0002186,20250075,2026-03-13,18:34:00,一食堂-大众窗口,食堂,14.62
T0002187,20250083,2026-03-10,12:31:00,一食堂-风味窗口,食堂,13.72
T0002188,20250003,2026-03-21,18:09:00,二食堂-面食窗口,食堂,10.74
T0002189,20240050,2026-03-13,12:19:00,一食堂-风味窗口,食堂,21.79
T0002190,20240106,2026-03-22,11:29:00,二食堂-大众窗口,食堂,11.13
T0002191,20220024,2026-03-17,17:51:00,一食堂-风味窗口,食堂,21.69
T0002192,20230081,2026-03-20,08:36:00,二食堂-大众窗口,食堂,8.62
T0002193,20240094,2026-03-12,13:54:00,一食堂-大众窗口,食堂,8.16
T0002194,20220024,2026-03-18,18:13:00,一食堂-风味窗口,食堂,18.22
T0002195,20240098,2026-03-09,07:58:00,一食堂-风味窗口,食堂,17.89
T0002196,20220008,2026-03-13,07:46:00,二食堂-面食窗口,食堂,12.32
T0002197,20240014,2026-03-20,15:04:00,咖啡店,饮品,11.25
T0002198,20220024,2026-03-10,07:22:00,一食堂-风味窗口,食堂,19.27
T0002199,20220040,2026-03-21,17:31:00,一食堂-风味窗口,食堂,13.63
T0002200,20250075,2026-03-17,12:15:00,一食堂-大众窗口,食堂,9.55
T0002201,20250023,2026-03-04,18:32:00,二食堂-大众窗口,食堂,13.74
T0002202,20240090,2026-03-11,07:06:00,二食堂-面食窗口,食堂,10.05
T0002203,20230113,2026-03-14,18:14:00,一食堂-大众窗口,食堂,11.7
T0002204,20230073,2026-03-06,17:43:00,一食堂-大众窗口,食堂,8.39
T0002205,20230117,2026-03-06,17:54:00,二食堂-大众窗口,食堂,12.36
T0002206,20240086,2026-03-11,13:17:00,一食堂-大众窗口,食堂,10.03
T0002207,20230021,2026-03-21,10:50:00,超市A,超市,5.51
T0002208,20220076,2026-03-05,08:38:00,二食堂-面食窗口,食堂,10.43
T0002209,20250047,2026-03-08,17:01:00,二食堂-大众窗口,食堂,13.05
T0002210,20220032,2026-03-03,12:00:00,一食堂-风味窗口,食堂,18.06
T0002211,20220100,2026-03-08,12:34:00,二食堂-大众窗口,食堂,12.87
T0002212,20240050,2026-03-11,18:25:00,一食堂-风味窗口,食堂,16.66
T0002213,20250119,2026-03-15,18:26:00,二食堂-大众窗口,食堂,12.35
T0002214,20230113,2026-03-13,12:52:00,二食堂-大众窗口,食堂,8.61
T0002215,20230053,2026-03-02,13:51:00,一食堂-大众窗口,食堂,14.95
T0002216,20240114,2026-03-13,21:50:00,咖啡店,饮品,24.26
T0002217,20220096,2026-03-09,12:06:00,一食堂-大众窗口,食堂,8.54
T0002218,20230073,2026-03-21,18:09:00,二食堂-大众窗口,食堂,10.78
T0002219,20220076,2026-03-09,12:17:00,一食堂-大众窗口,食堂,14.59
T0002220,20220056,2026-03-10,12:23:00,二食堂-面食窗口,食堂,17.58
T0002221,20230029,2026-03-05,18:40:00,一食堂-风味窗口,食堂,13.75
T0002222,20220120,2026-03-13,08:52:00,一食堂-风味窗口,食堂,21.56
T0002223,20230077,2026-03-18,18:58:00,一食堂-大众窗口,食堂,12.56
T0002224,20230081,2026-03-21,15:48:00,咖啡店,饮品,21.05
T0002225,20240102,2026-03-11,11:33:00,一食堂-大众窗口,食堂,13.89
T0002226,20230049,2026-03-05,18:40:00,一食堂-风味窗口,食堂,20.23
T0002227,20220088,2026-03-20,17:06:00,二食堂-大众窗口,食堂,11.81
T0002228,20230013,2026-03-20,18:16:00,二食堂-面食窗口,食堂,17.9
T0002229,20240114,2026-03-06,13:16:00,一食堂-风味窗口,食堂,12.73
T0002230,20250099,2026-03-13,11:29:00,一食堂-大众窗口,食堂,11.2
T0002231,20220036,2026-03-10,17:40:00,一食堂-风味窗口,食堂,15.08
T0002232,20250027,2026-03-16,15:03:00,超市A,超市,7.14
T0002233,20230097,2026-03-13,18:25:00,一食堂-风味窗口,食堂,17.8
T0002234,20220048,2026-03-16,12:55:00,一食堂-大众窗口,食堂,8.38
T0002235,20230041,2026-03-09,11:48:00,二食堂-大众窗口,食堂,14.95
T0002236,20240110,2026-03-16,08:54:00,二食堂-大众窗口,食堂,9.0
T0002237,20220104,2026-03-20,18:47:00,一食堂-大众窗口,食堂,11.01
T0002238,20220020,2026-03-10,12:15:00,一食堂-风味窗口,食堂,13.45
T0002239,20220004,2026-03-19,12:02:00,一食堂-风味窗口,食堂,12.55
T0002240,20220064,2026-03-18,18:20:00,一食堂-风味窗口,食堂,19.75
T0002241,20220084,2026-03-03,07:23:00,一食堂-风味窗口,食堂,12.69
T0002242,20220076,2026-03-17,08:13:00,二食堂-面食窗口,食堂,10.18
T0002243,20240006,2026-03-05,11:38:00,一食堂-大众窗口,食堂,12.61
T0002244,20230009,2026-03-19,12:38:00,二食堂-大众窗口,食堂,14.21
T0002245,20250011,2026-03-02,11:41:00,二食堂-大众窗口,食堂,14.0
T0002246,20220012,2026-03-13,12:30:00,一食堂-风味窗口,食堂,15.13
T0002247,20240066,2026-03-13,11:07:00,二食堂-大众窗口,食堂,10.17
T0002248,20250011,2026-03-11,11:23:00,二食堂-面食窗口,食堂,13.09
T0002249,20250043,2026-03-20,17:52:00,一食堂-风味窗口,食堂,17.69
T0002250,20220004,2026-03-16,07:26:00,一食堂-风味窗口,食堂,16.76
T0002251,20220092,2026-03-11,13:37:00,二食堂-面食窗口,食堂,13.59
T0002252,20240050,2026-03-16,07:57:00,二食堂-面食窗口,食堂,12.61
T0002253,20250027,2026-03-07,12:27:00,一食堂-大众窗口,食堂,9.24
T0002254,20220100,2026-03-06,08:26:00,一食堂-大众窗口,食堂,13.11
T0002255,20220064,2026-03-02,07:43:00,一食堂-风味窗口,食堂,13.06
T0002256,20220016,2026-03-02,18:36:00,二食堂-大众窗口,食堂,11.01
T0002257,20240054,2026-03-13,18:50:00,一食堂-风味窗口,食堂,13.71
T0002258,20220008,2026-03-05,17:16:00,二食堂-面食窗口,食堂,16.65
T0002259,20240046,2026-03-09,08:21:00,一食堂-大众窗口,食堂,10.4
T0002260,20240038,2026-03-21,13:12:00,二食堂-大众窗口,食堂,13.12
T0002261,20250051,2026-03-17,12:05:00,二食堂-面食窗口,食堂,17.93
T0002262,20240062,2026-03-03,08:44:00,一食堂-风味窗口,食堂,13.6
T0002263,20240010,2026-03-08,18:42:00,二食堂-面食窗口,食堂,15.98
T0002264,20220116,2026-03-19,08:39:00,一食堂-大众窗口,食堂,11.88
T0002265,20240094,2026-03-20,12:34:00,一食堂-风味窗口,食堂,18.61
T0002266,20250107,2026-03-18,07:00:00,一食堂-大众窗口,食堂,14.89
T0002267,20240062,2026-03-03,17:43:00,一食堂-大众窗口,食堂,13.98
T0002268,20230065,2026-03-21,17:28:00,二食堂-面食窗口,食堂,15.15
T0002269,20230021,2026-03-20,13:27:00,二食堂-面食窗口,食堂,13.12
T0002270,20220108,2026-03-07,13:35:00,一食堂-风味窗口,食堂,21.36
T0002271,20230073,2026-03-12,18:42:00,二食堂-大众窗口,食堂,11.16
T0002272,20240078,2026-03-12,15:00:00,便利店,超市,18.84
T0002273,20230113,2026-03-18,17:15:00,一食堂-大众窗口,食堂,10.43
T0002274,20240098,2026-03-14,12:57:00,一食堂-大众窗口,食堂,10.18
T0002275,20220076,2026-03-19,08:25:00,二食堂-面食窗口,食堂,15.01
T0002276,20230009,2026-03-05,18:07:00,一食堂-大众窗口,食堂,9.31
T0002277,20220012,2026-03-13,17:00:00,二食堂-大众窗口,食堂,10.57
T0002278,20230117,2026-03-12,07:46:00,二食堂-大众窗口,食堂,12.54
T0002279,20230101,2026-03-05,18:48:00,一食堂-大众窗口,食堂,14.17
T0002280,20240030,2026-03-02,07:37:00,一食堂-风味窗口,食堂,13.36
T0002281,20250067,2026-03-22,12:06:00,二食堂-面食窗口,食堂,10.45
T0002282,20250075,2026-03-11,12:27:00,一食堂-风味窗口,食堂,20.1
T0002283,20240090,2026-03-14,18:41:00,一食堂-大众窗口,食堂,11.07
T0002284,20240082,2026-03-07,12:43:00,一食堂-大众窗口,食堂,12.6
T0002285,20220048,2026-03-12,12:28:00,一食堂-风味窗口,食堂,12.21
T0002286,20230013,2026-03-14,08:10:00,一食堂-风味窗口,食堂,20.0
T0002287,20220064,2026-03-03,19:25:00,便利店,超市,9.41
T0002288,20250027,2026-03-21,11:02:00,一食堂-大众窗口,食堂,11.6
T0002289,20240102,2026-03-08,17:05:00,一食堂-大众窗口,食堂,11.64
T0002290,20220028,2026-03-03,12:06:00,二食堂-大众窗口,食堂,13.98
T0002291,20220064,2026-03-14,17:37:00,一食堂-风味窗口,食堂,21.39
T0002292,20250015,2026-03-19,13:08:00,一食堂-大众窗口,食堂,13.73
T0002293,20230001,2026-03-21,18:34:00,一食堂-大众窗口,食堂,10.95
T0002294,20250011,2026-03-11,08:18:00,二食堂-面食窗口,食堂,12.56
T0002295,20240074,2026-03-02,18:53:00,一食堂-大众窗口,食堂,10.41
T0002296,20250015,2026-03-03,12:48:00,二食堂-面食窗口,食堂,11.13
T0002297,20250027,2026-03-05,08:27:00,一食堂-风味窗口,食堂,19.55
T0002298,20250119,2026-03-06,18:40:00,二食堂-面食窗口,食堂,12.08
T0002299,20240090,2026-03-22,13:16:00,一食堂-风味窗口,食堂,16.42
T0002300,20240026,2026-03-17,17:23:00,一食堂-大众窗口,食堂,14.08
T0002301,20250003,2026-03-16,11:54:00,二食堂-面食窗口,食堂,10.79
T0002302,20250099,2026-03-19,12:23:00,二食堂-大众窗口,食堂,8.32
T0002303,20230065,2026-03-15,12:59:00,二食堂-大众窗口,食堂,10.65
T0002304,20220056,2026-03-16,07:48:00,二食堂-面食窗口,食堂,11.54
T0002305,20250059,2026-03-05,18:52:00,一食堂-大众窗口,食堂,8.19
T0002306,20230037,2026-03-10,13:39:00,二食堂-大众窗口,食堂,8.58
T0002307,20230041,2026-03-07,12:38:00,二食堂-大众窗口,食堂,13.81
T0002308,20250079,2026-03-15,18:45:00,二食堂-面食窗口,食堂,10.31
T0002309,20220068,2026-03-21,08:29:00,一食堂-大众窗口,食堂,10.37
T0002310,20230009,2026-03-11,12:12:00,一食堂-大众窗口,食堂,11.18
T0002311,20240078,2026-03-02,12:11:00,二食堂-大众窗口,食堂,8.75
T0002312,20240118,2026-03-15,08:38:00,二食堂-大众窗口,食堂,13.34
T0002313,20230061,2026-03-16,17:28:00,一食堂-风味窗口,食堂,21.61
T0002314,20240114,2026-03-22,18:28:00,一食堂-大众窗口,食堂,10.9
T0002315,20250063,2026-03-17,19:59:00,水果店,超市,26.31
T0002316,20250063,2026-03-14,18:07:00,一食堂-风味窗口,食堂,18.4
T0002317,20250051,2026-03-16,13:32:00,一食堂-大众窗口,食堂,11.98
T0002318,20230041,2026-03-12,17:15:00,一食堂-风味窗口,食堂,18.2
T0002319,20220100,2026-03-17,18:24:00,二食堂-大众窗口,食堂,10.85
T0002320,20250095,2026-03-13,13:12:00,二食堂-大众窗口,食堂,8.89
T0002321,20220028,2026-03-08,13:35:00,一食堂-大众窗口,食堂,13.84
T0002322,20250007,2026-03-10,12:05:00,一食堂-风味窗口,食堂,12.55
T0002323,20240110,2026-03-12,08:36:00,二食堂-面食窗口,食堂,12.95
T0002324,20240046,2026-03-13,17:40:00,二食堂-大众窗口,食堂,9.11
T0002325,20250031,2026-03-08,17:57:00,二食堂-面食窗口,食堂,13.43
T0002326,20220008,2026-03-08,12:32:00,一食堂-风味窗口,食堂,18.06
T0002327,20220072,2026-03-12,08:43:00,二食堂-大众窗口,食堂,12.6
T0002328,20220120,2026-03-10,17:05:00,二食堂-面食窗口,食堂,10.69
T0002329,20250111,2026-03-08,18:44:00,二食堂-面食窗口,食堂,14.5
T0002330,20250111,2026-03-10,07:48:00,二食堂-面食窗口,食堂,15.59
T0002331,20250039,2026-03-15,18:20:00,一食堂-大众窗口,食堂,12.7
T0002332,20220088,2026-03-08,11:42:00,一食堂-大众窗口,食堂,14.88
T0002333,20230073,2026-03-03,08:57:00,一食堂-大众窗口,食堂,13.38
T0002334,20240062,2026-03-09,07:51:00,二食堂-面食窗口,食堂,12.74
T0002335,20220100,2026-03-06,19:20:00,咖啡店,饮品,15.66
T0002336,20220112,2026-03-02,08:23:00,二食堂-大众窗口,食堂,10.89
T0002337,20240118,2026-03-16,18:24:00,二食堂-大众窗口,食堂,14.96
T0002338,20250003,2026-03-06,07:55:00,二食堂-大众窗口,食堂,8.6
T0002339,20240086,2026-03-18,07:15:00,二食堂-大众窗口,食堂,14.98
T0002340,20250079,2026-03-15,12:54:00,二食堂-面食窗口,食堂,10.07
T0002341,20250055,2026-03-02,17:05:00,二食堂-大众窗口,食堂,9.44
T0002342,20250059,2026-03-06,12:38:00,二食堂-面食窗口,食堂,12.44
T0002343,20240070,2026-03-15,12:31:00,二食堂-大众窗口,食堂,11.1
T0002344,20250003,2026-03-08,07:52:00,一食堂-大众窗口,食堂,14.83
T0002345,20250083,2026-03-05,11:09:00,一食堂-大众窗口,食堂,14.82
T0002346,20220080,2026-03-03,08:53:00,一食堂-大众窗口,食堂,8.13
T0002347,20230025,2026-03-10,12:01:00,二食堂-大众窗口,食堂,8.64
T0002348,20250039,2026-03-21,08:03:00,一食堂-风味窗口,食堂,21.74
T0002349,20220064,2026-03-16,07:53:00,二食堂-面食窗口,食堂,17.35
T0002350,20230089,2026-03-10,08:42:00,一食堂-风味窗口,食堂,20.8
T0002351,20220040,2026-03-07,11:33:00,二食堂-面食窗口,食堂,17.03
T0002352,20240074,2026-03-15,17:57:00,二食堂-面食窗口,食堂,16.57
T0002353,20250099,2026-03-08,11:08:00,一食堂-风味窗口,食堂,18.88
T0002354,20220036,2026-03-10,12:06:00,二食堂-面食窗口,食堂,15.16
T0002355,20250003,2026-03-15,08:43:00,一食堂-大众窗口,食堂,12.89
T0002356,20230057,2026-03-14,11:10:00,一食堂-风味窗口,食堂,17.81
T0002357,20250019,2026-03-12,18:22:00,二食堂-面食窗口,食堂,15.28
T0002358,20220080,2026-03-03,11:14:00,一食堂-大众窗口,食堂,13.41
T0002359,20230069,2026-03-11,15:11:00,水果店,超市,11.75
T0002360,20220048,2026-03-05,07:38:00,二食堂-大众窗口,食堂,11.55
T0002361,20230081,2026-03-20,12:12:00,二食堂-面食窗口,食堂,13.02
T0002362,20240046,2026-03-02,07:42:00,一食堂-大众窗口,食堂,12.55
T0002363,20220020,2026-03-05,07:23:00,二食堂-大众窗口,食堂,10.29
T0002364,20230013,2026-03-09,13:40:00,一食堂-风味窗口,食堂,18.8
T0002365,20230021,2026-03-10,07:18:00,二食堂-面食窗口,食堂,17.7
T0002366,20230065,2026-03-04,08:42:00,二食堂-面食窗口,食堂,14.36
T0002367,20250075,2026-03-02,18:50:00,二食堂-面食窗口,食堂,10.54
T0002368,20240050,2026-03-17,07:20:00,二食堂-大众窗口,食堂,14.04
T0002369,20250003,2026-03-06,17:17:00,二食堂-大众窗口,食堂,14.56
T0002370,20240066,2026-03-18,17:14:00,一食堂-风味窗口,食堂,19.93
T0002371,20240094,2026-03-18,08:34:00,一食堂-大众窗口,食堂,13.22
T0002372,20220076,2026-03-02,17:46:00,二食堂-面食窗口,食堂,10.42
T0002373,20230049,2026-03-19,18:57:00,一食堂-风味窗口,食堂,20.76
T0002374,20220096,2026-03-03,12:28:00,一食堂-风味窗口,食堂,18.79
T0002375,20250083,2026-03-14,07:51:00,二食堂-面食窗口,食堂,14.62
T0002376,20220032,2026-03-22,12:41:00,二食堂-大众窗口,食堂,10.3
T0002377,20230001,2026-03-06,12:49:00,一食堂-大众窗口,食堂,14.76
T0002378,20230061,2026-03-12,18:43:00,一食堂-风味窗口,食堂,17.19
T0002379,20230105,2026-03-16,17:19:00,一食堂-大众窗口,食堂,14.9
T0002380,20220092,2026-03-17,18:46:00,一食堂-大众窗口,食堂,13.89
T0002381,20240062,2026-03-08,12:46:00,一食堂-风味窗口,食堂,17.79
T0002382,20240066,2026-03-07,07:13:00,一食堂-风味窗口,食堂,14.04
T0002383,20240066,2026-03-03,08:19:00,二食堂-大众窗口,食堂,11.37
T0002384,20250079,2026-03-16,08:42:00,一食堂-风味窗口,食堂,20.57
T0002385,20240094,2026-03-15,08:55:00,二食堂-大众窗口,食堂,9.11
T0002386,20230037,2026-03-16,12:21:00,二食堂-面食窗口,食堂,10.81
T0002387,20240010,2026-03-10,08:50:00,一食堂-大众窗口,食堂,9.82
T0002388,20250031,2026-03-20,17:18:00,二食堂-大众窗口,食堂,8.89
T0002389,20250091,2026-03-04,07:52:00,一食堂-大众窗口,食堂,9.28
T0002390,,2026-03-15,18:26:00,二食堂-面食窗口,食堂,11.13
T0002391,20240026,2026-03-11,17:57:00,一食堂-大众窗口,食堂,11.43
T0002392,20230105,2026-03-06,18:18:00,一食堂-风味窗口,食堂,20.28
T0002393,20250099,2026-03-22,18:15:00,一食堂-大众窗口,食堂,11.04
T0002394,20220040,2026-03-11,11:19:00,一食堂-大众窗口,食堂,11.32
T0002395,20240002,2026-03-06,13:25:00,一食堂-风味窗口,食堂,21.86
T0002396,20240078,2026-03-18,08:55:00,二食堂-大众窗口,食堂,8.16
T0002397,20250055,2026-03-07,18:43:00,一食堂-大众窗口,食堂,14.04
T0002398,20230049,2026-03-21,12:27:00,二食堂-面食窗口,食堂,10.84
T0002399,20220116,2026-03-08,19:46:00,奶茶店,饮品,14.9
T0002400,20240014,2026-03-03,13:21:00,二食堂-大众窗口,食堂,12.88
T0002401,20250043,2026-03-19,13:40:00,二食堂-面食窗口,食堂,14.46
T0002402,20240078,2026-03-14,12:47:00,二食堂-面食窗口,食堂,12.89
T0002403,20230049,2026-03-17,19:12:00,水果店,超市,6.61
T0002404,,2026-03-06,13:01:00,一食堂-风味窗口,食堂,13.93
T0002405,20240042,2026-03-09,18:03:00,一食堂-风味窗口,食堂,17.06
T0002406,20240098,2026-03-08,11:52:00,二食堂-大众窗口,食堂,14.44
T0002407,20250099,2026-03-17,11:26:00,二食堂-大众窗口,食堂,9.7
T0002408,20230045,2026-03-15,11:57:00,一食堂-大众窗口,食堂,14.52
T0002409,20250119,2026-03-13,07:14:00,一食堂-大众窗口,食堂,9.87
T0002410,20230089,2026-03-05,07:28:00,二食堂-大众窗口,食堂,10.06
T0002411,20230085,2026-03-09,17:48:00,二食堂-面食窗口,食堂,12.74
T0002412,20220080,2026-03-06,18:41:00,二食堂-面食窗口,食堂,17.13
T0002413,20230001,2026-03-14,12:49:00,一食堂-风味窗口,食堂,14.01
T0002414,20230069,2026-03-21,12:13:00,一食堂-大众窗口,食堂,14.52
T0002415,20220108,2026-03-10,08:50:00,一食堂-风味窗口,食堂,20.31
T0002416,20220092,2026-03-22,10:07:00,超市A,超市,9.17
T0002417,20250043,2026-03-03,17:41:00,一食堂-大众窗口,食堂,10.38
T0002418,20220036,2026-03-15,17:25:00,二食堂-面食窗口,食堂,17.45
T0002419,20220008,2026-03-16,18:41:00,一食堂-风味窗口,食堂,13.77
T0002420,20250083,2026-03-20,17:56:00,一食堂-大众窗口,食堂,13.17
T0002421,20240070,2026-03-13,08:10:00,一食堂-大众窗口,食堂,11.48
T0002422,20240034,2026-03-18,12:48:00,二食堂-面食窗口,食堂,16.8
T0002423,20250011,2026-03-07,18:57:00,一食堂-大众窗口,食堂,11.52
T0002424,20220084,2026-03-12,18:03:00,二食堂-面食窗口,食堂,15.03
T0002425,20220096,2026-03-20,18:01:00,二食堂-大众窗口,食堂,8.99
T0002426,20250003,2026-03-18,12:43:00,二食堂-面食窗口,食堂,10.07
T0002427,20220120,2026-03-06,08:32:00,一食堂-风味窗口,食堂,16.69
T0002428,20250091,2026-03-08,12:05:00,一食堂-风味窗口,食堂,13.16
T0002429,20250043,2026-03-22,12:13:00,一食堂-大众窗口,食堂,12.63
T0002430,20220040,2026-03-08,17:38:00,二食堂-大众窗口,食堂,14.44
T0002431,20250047,2026-03-15,17:26:00,一食堂-风味窗口,食堂,20.3
T0002432,20230001,2026-03-07,18:47:00,二食堂-大众窗口,食堂,13.35
T0002433,20230085,2026-03-15,11:29:00,一食堂-风味窗口,食堂,15.96
T0002434,20220052,2026-03-08,17:37:00,二食堂-大众窗口,食堂,13.29
T0002435,20220116,2026-03-17,08:02:00,一食堂-风味窗口,食堂,17.05
T0002436,20250079,2026-03-22,13:44:00,一食堂-大众窗口,食堂,12.82
T0002437,20220076,2026-03-04,11:48:00,一食堂-大众窗口,食堂,9.55
T0002438,20250095,2026-03-16,18:50:00,二食堂-大众窗口,食堂,11.74
T0002439,20230061,2026-03-02,08:36:00,二食堂-面食窗口,食堂,12.79
T0002440,20250035,2026-03-09,11:17:00,二食堂-面食窗口,食堂,17.91
T0002441,20250087,2026-03-09,08:04:00,一食堂-风味窗口,食堂,17.74
T0002442,20250007,2026-03-12,17:22:00,二食堂-大众窗口,食堂,10.24
T0002443,20220060,2026-03-11,12:21:00,一食堂-风味窗口,食堂,21.01
T0002444,20240098,2026-03-04,13:43:00,一食堂-风味窗口,食堂,19.68
T0002445,20230109,2026-03-14,11:18:00,二食堂-大众窗口,食堂,9.69
T0002446,20230093,2026-03-03,11:21:00,二食堂-面食窗口,食堂,12.2
T0002447,20250007,2026-03-11,18:48:00,二食堂-面食窗口,食堂,17.02
T0002448,20240102,2026-03-11,18:55:00,一食堂-风味窗口,食堂,15.69
T0002449,20230017,2026-03-22,18:29:00,一食堂-风味窗口,食堂,13.93
T0002450,20250071,2026-03-02,11:18:00,一食堂-大众窗口,食堂,12.4
T0002451,20220008,2026-03-11,08:32:00,二食堂-大众窗口,食堂,9.66
T0002452,20220020,2026-03-15,12:16:00,一食堂-大众窗口,食堂,13.58
T0002453,20250111,2026-03-09,13:50:00,二食堂-大众窗口,食堂,8.46
T0002454,20220020,2026-03-06,08:12:00,一食堂-风味窗口,食堂,20.29
T0002455,20230109,2026-03-03,15:18:00,超市A,超市,13.72
T0002456,20250035,2026-03-05,18:23:00,二食堂-大众窗口,食堂,11.61
T0002457,20250099,2026-03-19,21:16:00,咖啡店,饮品,21.58
T0002458,20230101,2026-03-14,12:51:00,一食堂-风味窗口,食堂,20.35
T0002459,20240058,2026-03-14,13:50:00,一食堂-大众窗口,食堂,8.35
T0002460,20250079,2026-03-20,12:28:00,二食堂-面食窗口,食堂,15.63
T0002461,20220084,2026-03-13,07:52:00,二食堂-面食窗口,食堂,11.69
T0002462,20250055,2026-03-14,07:21:00,一食堂-大众窗口,食堂,9.9
T0002463,20220032,2026-03-18,08:39:00,二食堂-面食窗口,食堂,10.52
T0002464,20240098,2026-03-03,17:13:00,二食堂-大众窗口,食堂,14.84
T0002465,20220056,2026-03-06,08:09:00,二食堂-面食窗口,食堂,12.06
T0002466,20220096,2026-03-16,13:27:00,二食堂-大众窗口,食堂,12.97
T0002467,20220068,2026-03-12,08:33:00,一食堂-风味窗口,食堂,12.35
T0002468,20240010,2026-03-09,11:54:00,一食堂-大众窗口,食堂,14.93
T0002469,20230053,2026-03-16,08:15:00,一食堂-大众窗口,食堂,11.53
T0002470,20250003,2026-03-07,17:41:00,二食堂-大众窗口,食堂,13.96
T0002471,20220048,2026-03-18,07:26:00,二食堂-面食窗口,食堂,12.52
T0002472,20230025,2026-03-18,17:27:00,一食堂-风味窗口,食堂,14.23
T0002473,20220032,2026-03-18,17:16:00,一食堂-大众窗口,食堂,9.28
T0002474,20240014,2026-03-12,17:24:00,一食堂-风味窗口,食堂,12.18
T0002475,20220032,2026-03-15,08:37:00,一食堂-大众窗口,食堂,9.64
T0002476,20220100,2026-03-11,13:08:00,一食堂-风味窗口,食堂,12.35
T0002477,20240106,2026-03-12,12:40:00,二食堂-面食窗口,食堂,15.46
T0002478,20230085,2026-03-06,21:56:00,咖啡店,饮品,14.48
T0002479,20230085,2026-03-04,18:43:00,一食堂-风味窗口,食堂,20.16
T0002480,20220060,2026-03-07,07:13:00,一食堂-大众窗口,食堂,11.06
T0002481,20230017,2026-03-04,18:53:00,二食堂-大众窗口,食堂,10.75
T0002482,20220016,2026-03-07,08:14:00,二食堂-面食窗口,食堂,11.23
T0002483,20250119,2026-03-22,17:08:00,一食堂-大众窗口,食堂,9.18
T0002484,20230057,2026-03-04,12:17:00,二食堂-面食窗口,食堂,17.41
T0002485,20220084,2026-03-03,18:58:00,二食堂-大众窗口,食堂,14.99
T0002486,20250011,2026-03-10,18:55:00,一食堂-风味窗口,食堂,12.84
T0002487,20250039,2026-03-15,12:34:00,二食堂-面食窗口,食堂,13.67
T0002488,20220088,2026-03-06,08:21:00,二食堂-面食窗口,食堂,11.08
T0002489,20230105,2026-03-10,15:51:00,奶茶店,饮品,13.35
T0002490,20240110,2026-03-08,11:08:00,二食堂-面食窗口,食堂,13.89
T0002491,20230101,2026-03-03,08:11:00,二食堂-大众窗口,食堂,14.1
T0002492,20220100,2026-03-11,19:03:00,便利店,超市,8.82
T0002493,20220092,2026-03-06,17:45:00,二食堂-面食窗口,食堂,11.4
T0002494,20220076,2026-03-10,18:22:00,二食堂-大众窗口,食堂,12.86
T0002495,20230053,2026-03-15,12:04:00,二食堂-大众窗口,食堂,12.43
T0002496,20240018,2026-03-06,15:16:00,便利店,超市,13.8
T0002497,20230017,2026-03-20,17:12:00,二食堂-面食窗口,食堂,13.68
T0002498,20220036,2026-03-21,12:37:00,一食堂-大众窗口,食堂,10.13
T0002499,20240114,2026-03-10,08:12:00,二食堂-面食窗口,食堂,12.48
T0002500,20230013,2026-03-02,07:49:00,二食堂-面食窗口,食堂,16.48
T0002501,20240082,2026-03-13,07:33:00,一食堂-风味窗口,食堂,20.94
T0002502,20230073,2026-03-11,13:57:00,一食堂-大众窗口,食堂,13.6
T0002503,20230025,2026-03-22,17:09:00,一食堂-大众窗口,食堂,12.68
T0002504,20220080,2026-03-12,12:17:00,一食堂-大众窗口,食堂,8.33
T0002505,20240050,2026-03-04,08:25:00,二食堂-大众窗口,食堂,11.09
T0002506,20230037,2026-03-11,11:04:00,一食堂-大众窗口,食堂,12.07
T0002507,20250087,2026-03-07,17:30:00,二食堂-面食窗口,食堂,0.0
T0002508,20250119,2026-03-14,19:49:00,超市A,超市,4.26
T0002509,20220008,2026-03-20,17:16:00,一食堂-大众窗口,食堂,9.05
T0002510,20250007,2026-03-06,17:18:00,二食堂-面食窗口,食堂,10.01
T0002511,20240110,2026-03-02,07:05:00,二食堂-大众窗口,食堂,9.95
T0002512,20230117,2026-03-06,08:25:00,一食堂-大众窗口,食堂,12.55
T0002513,20240026,2026-03-10,08:48:00,一食堂-风味窗口,食堂,20.79
T0002514,20230005,2026-03-11,18:41:00,一食堂-大众窗口,食堂,10.16
T0002515,20220008,2026-03-14,11:41:00,一食堂-风味窗口,食堂,17.89
T0002516,20230037,2026-03-03,17:46:00,二食堂-面食窗口,食堂,11.31
T0002517,20250115,2026-03-20,11:52:00,一食堂-风味窗口,食堂,20.03
T0002518,20240050,2026-03-22,17:21:00,一食堂-风味窗口,食堂,15.2
T0002519,20220012,2026-03-02,11:58:00,二食堂-大众窗口,食堂,11.6
T0002520,20220104,2026-03-17,11:21:00,二食堂-面食窗口,食堂,12.09
T0002521,20230001,2026-03-06,07:46:00,一食堂-大众窗口,食堂,12.9
T0002522,20240106,2026-03-13,11:09:00,一食堂-大众窗口,食堂,12.46
T0002523,20220016,2026-03-14,19:17:00,奶茶店,饮品,14.44
T0002524,20250031,2026-03-07,17:44:00,一食堂-风味窗口,食堂,12.59
T0002525,20230061,2026-03-20,15:43:00,便利店,超市,3.19
T0002526,20220064,2026-03-11,12:45:00,一食堂-大众窗口,食堂,10.93
T0002527,20220088,2026-03-17,11:24:00,二食堂-大众窗口,食堂,11.34
T0002528,20250051,2026-03-08,18:20:00,二食堂-大众窗口,食堂,8.62
T0002529,20230109,2026-03-22,11:36:00,一食堂-风味窗口,食堂,14.81
T0002530,20220084,2026-03-16,07:34:00,二食堂-面食窗口,食堂,17.25
T0002531,20230109,2026-03-06,12:31:00,一食堂-风味窗口,食堂,20.37
T0002532,20220008,2026-03-15,18:55:00,一食堂-风味窗口,食堂,19.63
T0002533,20230037,2026-03-04,17:42:00,二食堂-面食窗口,食堂,17.96
T0002534,20250023,2026-03-03,17:52:00,一食堂-大众窗口,食堂,13.4
T0002535,20220012,2026-03-06,12:49:00,一食堂-大众窗口,食堂,11.14
T0002536,20220016,2026-03-02,10:15:00,便利店,超市,14.27
T0002537,20250095,2026-03-13,18:38:00,一食堂-大众窗口,食堂,10.17
T0002538,20230033,2026-03-11,08:08:00,一食堂-大众窗口,食堂,13.17
T0002539,20230057,2026-03-10,12:36:00,二食堂-大众窗口,食堂,8.43
T0002540,20240102,2026-03-11,08:07:00,二食堂-面食窗口,食堂,17.05
T0002541,20230113,2026-03-09,11:45:00,一食堂-大众窗口,食堂,9.24
T0002542,20250051,2026-03-22,11:14:00,一食堂-大众窗口,食堂,13.81
T0002543,20250083,2026-03-22,12:10:00,二食堂-面食窗口,食堂,13.44
T0002544,20250075,2026-03-19,17:19:00,一食堂-风味窗口,食堂,14.18
T0002545,20240066,2026-03-20,08:10:00,二食堂-面食窗口,食堂,17.29
T0002546,20240090,2026-03-13,07:25:00,一食堂-风味窗口,食堂,12.07
T0002547,20240010,2026-03-16,18:07:00,二食堂-大众窗口,食堂,9.24
T0002548,20220068,2026-03-18,17:57:00,二食堂-大众窗口,食堂,12.14
T0002549,20220056,2026-03-09,07:26:00,二食堂-大众窗口,食堂,12.31
T0002550,20230017,2026-03-08,12:23:00,一食堂-大众窗口,食堂,11.37
T0002551,20230093,2026-03-04,11:35:00,二食堂-面食窗口,食堂,15.82
T0002552,20250075,2026-03-18,13:54:00,一食堂-风味窗口,食堂,14.78
T0002553,20250071,2026-03-20,18:02:00,二食堂-大众窗口,食堂,11.35
T0002554,20230081,2026-03-08,11:50:00,一食堂-大众窗口,食堂,12.56
T0002555,20240078,2026-03-05,07:55:00,一食堂-大众窗口,食堂,13.63
T0002556,20230057,2026-03-10,18:45:00,一食堂-大众窗口,食堂,8.89
T0002557,20240114,2026-03-15,18:47:00,一食堂-风味窗口,食堂,20.68
T0002558,20240034,2026-03-19,12:49:00,二食堂-面食窗口,食堂,16.6
T0002559,20250047,2026-03-21,17:05:00,二食堂-面食窗口,食堂,10.32
T0002560,20240026,2026-03-08,13:41:00,一食堂-大众窗口,食堂,12.82
T0002561,20220100,2026-03-07,08:42:00,二食堂-面食窗口,食堂,11.11
T0002562,20250111,2026-03-22,21:11:00,奶茶店,饮品,8.33
T0002563,20220060,2026-03-07,19:58:00,奶茶店,饮品,15.41
T0002564,20220104,2026-03-16,12:28:00,二食堂-大众窗口,食堂,12.34
T0002565,20220096,2026-03-19,17:19:00,二食堂-大众窗口,食堂,10.23
T0002566,20240050,2026-03-14,11:15:00,二食堂-面食窗口,食堂,16.49
T0002567,20240086,2026-03-03,12:01:00,二食堂-大众窗口,食堂,10.9
T0002568,20250111,2026-03-02,18:23:00,一食堂-风味窗口,食堂,19.85
T0002569,20240118,2026-03-08,08:08:00,一食堂-风味窗口,食堂,13.56
T0002570,20250075,2026-03-13,12:46:00,一食堂-大众窗口,食堂,10.02
T0002571,20230033,2026-03-07,17:28:00,一食堂-风味窗口,食堂,19.67
T0002572,20250023,2026-03-21,12:48:00,二食堂-面食窗口,食堂,10.97
T0002573,20250003,2026-03-06,12:44:00,一食堂-风味窗口,食堂,21.81
T0002574,20240010,2026-03-02,07:56:00,一食堂-风味窗口,食堂,14.48
T0002575,20240070,2026-03-14,17:43:00,一食堂-风味窗口,食堂,13.71
T0002576,20240058,2026-03-09,18:12:00,二食堂-面食窗口,食堂,11.34
T0002577,20220120,2026-03-19,07:40:00,二食堂-面食窗口,食堂,11.43
T0002578,20240074,2026-03-09,21:25:00,水果店,超市,21.42
T0002579,20220028,2026-03-08,21:55:00,便利店,超市,10.34
T0002580,20220088,2026-03-18,12:15:00,二食堂-面食窗口,食堂,17.53
T0002581,20220112,2026-03-15,18:51:00,一食堂-风味窗口,食堂,13.75
T0002582,20220088,2026-03-11,08:59:00,一食堂-大众窗口,食堂,11.55
T0002583,20230093,2026-03-16,17:39:00,一食堂-大众窗口,食堂,12.81
T0002584,20240014,2026-03-13,07:57:00,二食堂-大众窗口,食堂,11.44
T0002585,20230053,2026-03-13,12:22:00,二食堂-面食窗口,食堂,13.1
T0002586,20240054,2026-03-20,19:12:00,奶茶店,饮品,16.6
T0002587,20230089,2026-03-09,18:26:00,二食堂-大众窗口,食堂,9.0
T0002588,20240098,2026-03-15,17:51:00,一食堂-大众窗口,食堂,14.8
T0002589,20230109,2026-03-09,07:14:00,二食堂-大众窗口,食堂,11.26
T0002590,20220036,2026-03-06,21:47:00,水果店,超市,21.43
T0002591,20240098,2026-03-06,18:33:00,二食堂-面食窗口,食堂,16.73
T0002592,20230025,2026-03-10,08:35:00,二食堂-大众窗口,食堂,11.96
T0002593,20230029,2026-03-11,18:25:00,一食堂-大众窗口,食堂,12.37
T0002594,20250027,2026-03-09,18:41:00,二食堂-大众窗口,食堂,12.78
T0002595,20220120,2026-03-22,18:10:00,一食堂-大众窗口,食堂,13.9
T0002596,20220056,2026-03-03,17:26:00,二食堂-面食窗口,食堂,13.35
T0002597,20250055,2026-03-10,11:39:00,一食堂-风味窗口,食堂,15.24
T0002598,20240010,2026-03-04,18:28:00,二食堂-大众窗口,食堂,8.1
T0002599,20250075,2026-03-02,12:16:00,二食堂-大众窗口,食堂,14.84
T0002600,20250071,2026-03-10,12:49:00,二食堂-面食窗口,食堂,15.75
T0002601,20230029,2026-03-08,12:28:00,一食堂-大众窗口,食堂,12.07
T0002602,20230105,2026-03-15,08:13:00,二食堂-面食窗口,食堂,11.86
T0002603,20250023,2026-03-10,08:45:00,二食堂-大众窗口,食堂,9.48
T0002604,20220092,2026-03-07,17:59:00,二食堂-面食窗口,食堂,17.84
T0002605,20250035,2026-03-12,12:50:00,一食堂-大众窗口,食堂,12.18
T0002606,20230073,2026-03-07,07:14:00,一食堂-大众窗口,食堂,13.72
T0002607,20220068,2026-03-03,12:42:00,二食堂-大众窗口,食堂,12.03
T0002608,20220048,2026-03-19,07:41:00,一食堂-大众窗口,食堂,11.13
T0002609,20230045,2026-03-19,18:47:00,二食堂-面食窗口,食堂,16.62
T0002610,20220068,2026-03-06,18:03:00,一食堂-大众窗口,食堂,12.95
T0002611,20220100,2026-03-17,07:32:00,二食堂-大众窗口,食堂,8.54
T0002612,20220120,2026-03-04,18:39:00,一食堂-风味窗口,食堂,15.43
T0002613,20230017,2026-03-20,08:16:00,一食堂-大众窗口,食堂,13.83
T0002614,20250007,2026-03-12,13:43:00,二食堂-面食窗口,食堂,16.53
T0002615,20230065,2026-03-09,12:36:00,二食堂-大众窗口,食堂,11.13
T0002616,20220072,2026-03-18,17:17:00,一食堂-风味窗口,食堂,21.73
T0002617,20230085,2026-03-16,12:25:00,一食堂-风味窗口,食堂,13.96
T0002618,20220088,2026-03-08,18:29:00,一食堂-大众窗口,食堂,10.21
T0002619,20230077,2026-03-20,18:56:00,二食堂-面食窗口,食堂,11.97
T0002620,20230053,2026-03-02,07:49:00,二食堂-大众窗口,食堂,12.45
T0002621,20240026,2026-03-12,13:55:00,一食堂-大众窗口,食堂,9.02
T0002622,20250067,2026-03-06,18:04:00,二食堂-大众窗口,食堂,11.65
T0002623,20220016,2026-03-18,17:52:00,二食堂-面食窗口,食堂,11.2
T0002624,20220084,2026-03-10,18:23:00,一食堂-大众窗口,食堂,8.33
T0002625,20220056,2026-03-16,18:01:00,一食堂-风味窗口,食堂,18.7
T0002626,20250067,2026-03-13,18:26:00,二食堂-面食窗口,食堂,14.13
T0002627,20250051,2026-03-05,12:30:00,一食堂-大众窗口,食堂,11.76
T0002628,20250035,2026-03-07,18:33:00,二食堂-大众窗口,食堂,8.12
T0002629,20240022,2026-03-19,18:12:00,一食堂-大众窗口,食堂,12.67
T0002630,20240058,2026-03-20,11:22:00,一食堂-风味窗口,食堂,13.28
T0002631,20230021,2026-03-16,18:45:00,二食堂-大众窗口,食堂,12.74
T0002632,20230017,2026-03-17,13:57:00,二食堂-面食窗口,食堂,14.28
T0002633,20230041,2026-03-13,11:36:00,一食堂-大众窗口,食堂,8.29
T0002634,20250023,2026-03-06,08:04:00,一食堂-大众窗口,食堂,12.67
T0002635,20220072,2026-03-19,15:32:00,超市A,超市,5.55
T0002636,20230001,2026-03-18,12:20:00,一食堂-大众窗口,食堂,9.73
T0002637,20240074,2026-03-06,08:47:00,一食堂-大众窗口,食堂,11.17
T0002638,20250043,2026-03-04,13:27:00,二食堂-大众窗口,食堂,8.8
T0002639,20250015,2026-03-02,11:30:00,一食堂-风味窗口,食堂,13.09
T0002640,20250099,2026-03-21,08:06:00,二食堂-大众窗口,食堂,8.04
T0002641,20250067,2026-03-12,08:01:00,一食堂-风味窗口,食堂,13.04
T0002642,20250043,2026-03-14,10:16:00,便利店,超市,12.04
T0002643,20220024,2026-03-17,07:48:00,一食堂-风味窗口,食堂,19.58
T0002644,20220108,2026-03-11,12:37:00,二食堂-大众窗口,食堂,12.86
T0002645,20220084,2026-03-03,12:29:00,二食堂-面食窗口,食堂,15.06
T0002646,20250059,2026-03-13,18:02:00,二食堂-大众窗口,食堂,9.61
T0002647,20230053,2026-03-04,13:25:00,二食堂-面食窗口,食堂,12.17
T0002648,20230113,2026-03-08,18:50:00,二食堂-面食窗口,食堂,13.05
T0002649,20230117,2026-03-22,18:05:00,二食堂-大众窗口,食堂,8.5
T0002650,20230045,2026-03-07,17:57:00,二食堂-大众窗口,食堂,13.3
T0002651,20220084,2026-03-12,11:50:00,二食堂-面食窗口,食堂,15.54
T0002652,20230017,2026-03-06,08:26:00,一食堂-风味窗口,食堂,19.47
T0002653,20220020,2026-03-13,17:41:00,二食堂-大众窗口,食堂,8.51
T0002654,20220092,2026-03-02,11:58:00,一食堂-大众窗口,食堂,12.24
T0002655,20220048,2026-03-02,17:43:00,一食堂-大众窗口,食堂,12.56
T0002656,20220016,2026-03-08,21:16:00,咖啡店,饮品,15.98
T0002657,20250003,2026-03-19,13:25:00,一食堂-大众窗口,食堂,14.11
T0002658,20230029,2026-03-10,12:01:00,二食堂-大众窗口,食堂,10.73
T0002659,20230049,2026-03-16,18:25:00,一食堂-风味窗口,食堂,12.2
T0002660,20230085,2026-03-14,08:48:00,二食堂-面食窗口,食堂,16.6
T0002661,20250019,2026-03-21,17:25:00,二食堂-大众窗口,食堂,13.65
T0002662,20220088,2026-03-03,12:45:00,二食堂-大众窗口,食堂,9.79
T0002663,20240114,2026-03-08,18:38:00,二食堂-面食窗口,食堂,17.2
T0002664,20220104,2026-03-10,07:54:00,一食堂-大众窗口,食堂,11.25
T0002665,20230005,2026-03-12,17:42:00,二食堂-面食窗口,食堂,16.45
T0002666,20220020,2026-03-02,13:49:00,二食堂-大众窗口,食堂,10.93
T0002667,20220056,2026-03-16,12:20:00,一食堂-风味窗口,食堂,21.03
T0002668,20220092,2026-03-05,08:08:00,二食堂-面食窗口,食堂,14.1
T0002669,20230057,2026-03-16,07:14:00,一食堂-大众窗口,食堂,13.87
T0002670,20250035,2026-03-09,18:42:00,二食堂-大众窗口,食堂,8.29
T0002671,20250063,2026-03-10,11:30:00,二食堂-大众窗口,食堂,12.92
T0002672,20250087,2026-03-09,18:24:00,一食堂-风味窗口,食堂,18.15
T0002673,20230045,2026-03-09,12:48:00,一食堂-大众窗口,食堂,10.87
T0002674,20250055,2026-03-17,18:17:00,一食堂-风味窗口,食堂,12.49
T0002675,20220044,2026-03-17,13:40:00,一食堂-大众窗口,食堂,13.56
T0002676,20230065,2026-03-03,13:59:00,二食堂-面食窗口,食堂,11.82
T0002677,20230033,2026-03-04,12:51:00,二食堂-面食窗口,食堂,15.95
T0002678,20230005,2026-03-09,18:46:00,二食堂-面食窗口,食堂,12.91
T0002679,20250075,2026-03-12,11:27:00,一食堂-风味窗口,食堂,13.81
T0002680,20230045,2026-03-14,17:15:00,一食堂-风味窗口,食堂,15.28
T0002681,20240002,2026-03-05,08:39:00,一食堂-风味窗口,食堂,12.75
T0002682,20240054,2026-03-22,08:17:00,二食堂-面食窗口,食堂,10.21
T0002683,20240090,2026-03-12,18:44:00,一食堂-大众窗口,食堂,13.7
T0002684,20230005,2026-03-07,17:42:00,一食堂-大众窗口,食堂,13.11
T0002685,20220044,2026-03-02,12:23:00,二食堂-大众窗口,食堂,13.71
T0002686,20220064,2026-03-02,17:31:00,一食堂-风味窗口,食堂,17.76
T0002687,20240094,2026-03-16,12:31:00,一食堂-大众窗口,食堂,13.32
T0002688,20220112,2026-03-16,18:55:00,一食堂-风味窗口,食堂,12.6
T0002689,20250099,2026-03-12,15:04:00,超市A,超市,7.49
T0002690,20250043,2026-03-13,13:53:00,二食堂-大众窗口,食堂,10.01
T0002691,20240074,2026-03-18,08:48:00,一食堂-风味窗口,食堂,20.91
T0002692,20230117,2026-03-16,10:55:00,便利店,超市,5.23
T0002693,20240014,2026-03-19,08:48:00,一食堂-风味窗口,食堂,21.07
T0002694,20220084,2026-03-12,08:36:00,二食堂-面食窗口,食堂,12.71
T0002695,20230005,2026-03-06,08:23:00,一食堂-大众窗口,食堂,9.3
T0002696,20220020,2026-03-19,08:17:00,一食堂-风味窗口,食堂,15.84
T0002697,20250055,2026-03-22,13:54:00,二食堂-面食窗口,食堂,17.22
T0002698,20220004,2026-03-15,11:17:00,一食堂-大众窗口,食堂,8.85
T0002699,20230105,2026-03-08,12:30:00,一食堂-风味窗口,食堂,13.84
T0002700,20250111,2026-03-10,12:01:00,二食堂-大众窗口,食堂,11.97
T0002701,20220112,2026-03-08,11:49:00,二食堂-面食窗口,食堂,13.66
T0002702,20220040,2026-03-15,17:58:00,二食堂-面食窗口,食堂,13.76
T0002703,20240062,2026-03-12,18:18:00,二食堂-面食窗口,食堂,13.47
T0002704,20250119,2026-03-08,18:01:00,二食堂-面食窗口,食堂,11.07
T0002705,20230077,2026-03-05,07:25:00,二食堂-大众窗口,食堂,13.85
T0002706,20230013,2026-03-02,17:28:00,二食堂-大众窗口,食堂,9.86
T0002707,20220088,2026-03-14,12:39:00,一食堂-风味窗口,食堂,18.53
T0002708,20230021,2026-03-13,08:57:00,二食堂-面食窗口,食堂,13.43
T0002709,20240118,2026-03-16,08:37:00,二食堂-大众窗口,食堂,11.34
T0002710,20250079,2026-03-02,13:56:00,一食堂-大众窗口,食堂,8.5
T0002711,20230061,2026-03-18,18:47:00,二食堂-面食窗口,食堂,11.97
T0002712,20240034,2026-03-21,08:28:00,二食堂-面食窗口,食堂,12.08
T0002713,20230089,2026-03-10,11:30:00,一食堂-大众窗口,食堂,12.68
T0002714,20220084,2026-03-22,18:52:00,一食堂-风味窗口,食堂,16.2
T0002715,20250115,2026-03-17,18:24:00,一食堂-大众窗口,食堂,14.18
T0002716,20230093,2026-03-08,11:42:00,一食堂-大众窗口,食堂,12.52
T0002717,20240038,2026-03-14,12:18:00,二食堂-大众窗口,食堂,10.51
T0002718,20250003,2026-03-11,11:09:00,二食堂-面食窗口,食堂,16.25
T0002719,20230113,2026-03-02,18:49:00,二食堂-面食窗口,食堂,15.65
T0002720,20230033,2026-03-22,19:12:00,奶茶店,饮品,11.03
T0002721,20220072,2026-03-11,17:02:00,二食堂-大众窗口,食堂,12.48
T0002722,20240022,2026-03-13,08:08:00,一食堂-风味窗口,食堂,13.02
T0002723,20250103,2026-03-07,08:35:00,一食堂-风味窗口,食堂,18.23
T0002724,20220096,2026-03-07,11:59:00,二食堂-大众窗口,食堂,8.48
T0002725,20240018,2026-03-13,07:34:00,一食堂-大众窗口,食堂,13.06
T0002726,20250055,2026-03-15,17:18:00,二食堂-面食窗口,食堂,14.72
T0002727,20250107,2026-03-22,08:00:00,二食堂-大众窗口,食堂,12.38
T0002728,20220092,2026-03-18,18:11:00,一食堂-风味窗口,食堂,16.49
T0002729,20240038,2026-03-09,18:49:00,二食堂-大众窗口,食堂,11.8
T0002730,20230013,2026-03-16,08:33:00,一食堂-风味窗口,食堂,16.02
T0002731,20230085,2026-03-21,08:07:00,二食堂-面食窗口,食堂,15.56
T0002732,20230061,2026-03-08,18:57:00,一食堂-风味窗口,食堂,19.74
T0002733,20230049,2026-03-16,13:08:00,二食堂-大众窗口,食堂,12.0
T0002734,20220096,2026-03-18,17:59:00,二食堂-大众窗口,食堂,13.63
T0002735,20250051,2026-03-15,18:22:00,二食堂-面食窗口,食堂,17.25
T0002736,20250087,2026-03-13,07:35:00,一食堂-风味窗口,食堂,21.98
T0002737,20250011,2026-03-10,12:20:00,一食堂-大众窗口,食堂,8.06
T0002738,20230057,2026-03-07,11:24:00,一食堂-风味窗口,食堂,19.66
T0002739,20220104,2026-03-06,19:41:00,超市A,超市,8.96
T0002740,20220116,2026-03-11,07:11:00,一食堂-风味窗口,食堂,17.59
T0002741,20230061,2026-03-15,13:51:00,一食堂-大众窗口,食堂,9.46
T0002742,20230061,2026-03-20,18:17:00,一食堂-风味窗口,食堂,13.84
T0002743,20250083,2026-03-06,12:06:00,二食堂-大众窗口,食堂,13.53
T0002744,20250091,2026-03-13,18:23:00,一食堂-大众窗口,食堂,14.26
T0002745,20250039,2026-03-09,18:58:00,一食堂-大众窗口,食堂,12.52
T0002746,20220004,2026-03-15,18:32:00,一食堂-风味窗口,食堂,18.7
T0002747,20250007,2026-03-15,17:44:00,一食堂-风味窗口,食堂,17.63
T0002748,20220044,2026-03-09,08:16:00,二食堂-大众窗口,食堂,9.72
T0002749,20240034,2026-03-02,18:33:00,一食堂-风味窗口,食堂,20.21
T0002750,20250075,2026-03-08,11:13:00,二食堂-面食窗口,食堂,10.67
T0002751,20250075,2026-03-03,08:40:00,二食堂-大众窗口,食堂,14.08
T0002752,20240006,2026-03-21,12:44:00,二食堂-大众窗口,食堂,11.82
T0002753,20230025,2026-03-06,08:05:00,二食堂-大众窗口,食堂,8.04
T0002754,20230081,2026-03-09,18:30:00,二食堂-面食窗口,食堂,15.56
T0002755,20220080,2026-03-20,18:31:00,二食堂-大众窗口,食堂,11.22
T0002756,20250055,2026-03-09,12:04:00,二食堂-大众窗口,食堂,14.87
T0002757,20240110,2026-03-15,18:29:00,一食堂-风味窗口,食堂,14.12
T0002758,20220088,2026-03-12,08:28:00,二食堂-大众窗口,食堂,9.88
T0002759,20250035,2026-03-10,07:19:00,一食堂-风味窗口,食堂,19.48
T0002760,20240022,2026-03-21,13:52:00,二食堂-面食窗口,食堂,13.48
T0002761,20240038,2026-03-04,18:34:00,一食堂-大众窗口,食堂,10.14
T0002762,20240102,2026-03-12,12:05:00,二食堂-面食窗口,食堂,13.31
T0002763,20250099,2026-03-06,15:40:00,超市A,超市,10.6
T0002764,20250027,2026-03-19,17:38:00,二食堂-大众窗口,食堂,14.1
T0002765,20230089,2026-03-07,12:14:00,二食堂-面食窗口,食堂,10.78
T0002766,20250011,2026-03-03,12:28:00,二食堂-大众窗口,食堂,14.44
T0002767,20220080,2026-03-09,11:04:00,二食堂-面食窗口,食堂,11.84
T0002768,20250115,2026-03-19,19:04:00,奶茶店,饮品,8.13
T0002769,20240022,2026-03-16,11:25:00,二食堂-面食窗口,食堂,14.18
T0002770,20250039,2026-03-09,07:54:00,二食堂-大众窗口,食堂,10.41
T0002771,20240050,2026-03-10,17:14:00,一食堂-风味窗口,食堂,20.47
T0002772,20220008,2026-03-05,13:17:00,二食堂-面食窗口,食堂,16.96
T0002773,20250071,2026-03-13,15:27:00,水果店,超市,22.55
T0002774,20220016,2026-03-06,08:38:00,一食堂-风味窗口,食堂,14.11
T0002775,20220080,2026-03-08,17:10:00,一食堂-大众窗口,食堂,9.85
T0002776,20240086,2026-03-11,07:14:00,二食堂-面食窗口,食堂,16.23
T0002777,20220088,2026-03-05,12:05:00,一食堂-风味窗口,食堂,19.83
T0002778,20250039,2026-03-10,11:39:00,二食堂-大众窗口,食堂,10.94
T0002779,20240042,2026-03-06,10:09:00,咖啡店,饮品,16.64
T0002780,20240062,2026-03-19,12:23:00,一食堂-大众窗口,食堂,12.0
T0002781,20230017,2026-03-13,08:40:00,二食堂-大众窗口,食堂,12.81
T0002782,20230025,2026-03-13,21:10:00,便利店,超市,10.81
T0002783,20240046,2026-03-03,08:13:00,二食堂-面食窗口,食堂,14.07
T0002784,20250059,2026-03-17,18:09:00,一食堂-风味窗口,食堂,16.36
T0002785,20220056,2026-03-12,12:07:00,一食堂-大众窗口,食堂,8.81
T0002786,20240078,2026-03-17,08:01:00,一食堂-风味窗口,食堂,15.52
T0002787,20250031,2026-03-04,18:47:00,二食堂-大众窗口,食堂,13.45
T0002788,20240038,2026-03-17,12:23:00,二食堂-面食窗口,食堂,12.79
T0002789,20250011,2026-03-06,12:43:00,二食堂-面食窗口,食堂,17.83
T0002790,20250103,2026-03-19,12:31:00,二食堂-大众窗口,食堂,11.74
T0002791,20230057,2026-03-18,11:37:00,二食堂-大众窗口,食堂,13.61
T0002792,20230017,2026-03-05,08:33:00,二食堂-面食窗口,食堂,17.46
T0002793,20230005,2026-03-02,07:44:00,一食堂-大众窗口,食堂,11.27
T0002794,20250091,2026-03-16,11:37:00,二食堂-面食窗口,食堂,10.53
T0002795,20250111,2026-03-16,11:04:00,二食堂-大众窗口,食堂,13.61
T0002796,20230017,2026-03-08,17:08:00,二食堂-面食窗口,食堂,10.72
T0002797,20230065,2026-03-02,13:16:00,二食堂-大众窗口,食堂,12.86
T0002798,20240090,2026-03-15,12:48:00,一食堂-大众窗口,食堂,10.85
T0002799,20240042,2026-03-09,13:27:00,二食堂-大众窗口,食堂,12.92
T0002800,20240114,2026-03-18,12:10:00,二食堂-面食窗口,食堂,11.32
T0002801,20230113,2026-03-02,07:23:00,二食堂-大众窗口,食堂,11.6
T0002802,20230041,2026-03-19,08:49:00,一食堂-风味窗口,食堂,18.45
T0002803,20230113,2026-03-08,11:20:00,二食堂-大众窗口,食堂,9.89
T0002804,20250023,2026-03-02,18:31:00,二食堂-大众窗口,食堂,10.35
T0002805,20250079,2026-03-17,13:45:00,一食堂-大众窗口,食堂,13.76
T0002806,20250019,2026-03-18,17:50:00,一食堂-大众窗口,食堂,10.18
T0002807,20240118,2026-03-10,19:23:00,水果店,超市,18.83
T0002808,20250095,2026-03-05,18:39:00,二食堂-大众窗口,食堂,14.69
T0002809,20220056,2026-03-11,12:24:00,二食堂-大众窗口,食堂,11.38
T0002810,20240038,2026-03-14,17:22:00,一食堂-风味窗口,食堂,14.81
T0002811,20240066,2026-03-05,11:36:00,二食堂-面食窗口,食堂,11.87
T0002812,20230049,2026-03-07,11:29:00,二食堂-面食窗口,食堂,10.75
T0002813,20240090,2026-03-13,18:45:00,一食堂-风味窗口,食堂,19.68
T0002814,20240062,2026-03-05,11:06:00,二食堂-大众窗口,食堂,9.83
T0002815,20250003,2026-03-14,11:04:00,一食堂-风味窗口,食堂,12.81
T0002816,20220004,2026-03-06,13:52:00,一食堂-大众窗口,食堂,8.45
T0002817,20220120,2026-03-05,18:28:00,一食堂-大众窗口,食堂,9.76
T0002818,20240082,2026-03-02,07:14:00,一食堂-大众窗口,食堂,13.69
T0002819,20240066,2026-03-11,08:11:00,一食堂-大众窗口,食堂,11.49
T0002820,20230005,2026-03-19,13:59:00,二食堂-大众窗口,食堂,8.84
T0002821,20240006,2026-03-08,07:45:00,二食堂-面食窗口,食堂,17.47
T0002822,20220088,2026-03-09,11:16:00,二食堂-面食窗口,食堂,12.19
T0002823,20250023,2026-03-06,12:12:00,二食堂-大众窗口,食堂,11.39
T0002824,20220116,2026-03-14,12:40:00,二食堂-大众窗口,食堂,12.93
T0002825,20250119,2026-03-12,07:59:00,二食堂-大众窗口,食堂,8.24
T0002826,20240110,2026-03-19,18:13:00,一食堂-风味窗口,食堂,13.77
T0002827,20250079,2026-03-07,18:03:00,二食堂-面食窗口,食堂,12.86
T0002828,20250067,2026-03-05,12:00:00,一食堂-大众窗口,食堂,14.96
T0002829,20240002,2026-03-12,08:34:00,一食堂-大众窗口,食堂,14.01
T0002830,20240038,2026-03-22,18:29:00,二食堂-大众窗口,食堂,10.49
T0002831,20240098,2026-03-11,21:53:00,奶茶店,饮品,7.87
T0002832,20230021,2026-03-05,12:40:00,二食堂-面食窗口,食堂,10.31
T0002833,20240066,2026-03-13,18:46:00,一食堂-风味窗口,食堂,20.73
T0002834,20220064,2026-03-08,17:26:00,一食堂-风味窗口,食堂,20.2
T0002835,20220024,2026-03-11,08:07:00,二食堂-大众窗口,食堂,9.5
T0002836,20250031,2026-03-03,07:03:00,一食堂-大众窗口,食堂,13.59
T0002837,20240114,2026-03-05,07:56:00,一食堂-风味窗口,食堂,15.1
T0002838,20250079,2026-03-19,17:15:00,二食堂-大众窗口,食堂,12.78
T0002839,20240026,2026-03-04,07:02:00,二食堂-面食窗口,食堂,17.67
T0002840,20240058,2026-03-03,12:11:00,二食堂-大众窗口,食堂,11.92
T0002841,20220096,2026-03-03,17:26:00,二食堂-大众窗口,食堂,13.05
T0002842,20230061,2026-03-20,08:05:00,二食堂-面食窗口,食堂,12.3
T0002843,20220112,2026-03-21,07:09:00,一食堂-风味窗口,食堂,18.6
T0002844,20250119,2026-03-08,12:01:00,一食堂-大众窗口,食堂,12.36
T0002845,20250043,2026-03-16,12:04:00,二食堂-面食窗口,食堂,17.22
T0002846,20250075,2026-03-20,12:32:00,一食堂-大众窗口,食堂,8.62
T0002847,20220012,2026-03-15,18:49:00,一食堂-大众窗口,食堂,9.51
T0002848,20220092,2026-03-03,12:38:00,二食堂-面食窗口,食堂,10.31
T0002849,20220056,2026-03-05,18:14:00,一食堂-风味窗口,食堂,17.1
T0002850,20240054,2026-03-04,17:28:00,一食堂-大众窗口,食堂,9.95
T0002851,20240058,2026-03-02,08:50:00,二食堂-大众窗口,食堂,11.92
T0002852,20250035,2026-03-20,07:39:00,二食堂-面食窗口,食堂,13.74
T0002853,20250115,2026-03-19,08:26:00,一食堂-大众窗口,食堂,8.99
T0002854,20250003,2026-03-12,18:33:00,二食堂-大众窗口,食堂,11.2
T0002855,20220056,2026-03-05,13:10:00,二食堂-面食窗口,食堂,11.76
T0002856,20240086,2026-03-15,11:22:00,一食堂-大众窗口,食堂,10.84
T0002857,20220072,2026-03-20,17:25:00,一食堂-风味窗口,食堂,20.31
T0002858,20220068,2026-03-15,12:48:00,二食堂-大众窗口,食堂,14.63
T0002859,20230105,2026-03-10,12:08:00,一食堂-大众窗口,食堂,10.14
T0002860,20250023,2026-03-22,17:00:00,一食堂-风味窗口,食堂,20.37
T0002861,20230077,2026-03-21,18:48:00,一食堂-大众窗口,食堂,13.65
T0002862,20240038,2026-03-11,21:33:00,水果店,超市,26.28
T0002863,20240010,2026-03-12,21:34:00,便利店,超市,8.79
T0002864,20230113,2026-03-04,13:18:00,二食堂-面食窗口,食堂,12.37
T0002865,20250007,2026-03-02,17:03:00,二食堂-大众窗口,食堂,8.78
T0002866,20220040,2026-03-07,18:51:00,一食堂-大众窗口,食堂,13.56
T0002867,20240018,2026-03-10,18:59:00,一食堂-风味窗口,食堂,15.48
T0002868,20250047,2026-03-20,07:28:00,一食堂-大众窗口,食堂,12.44
T0002869,20220120,2026-03-06,11:15:00,一食堂-风味窗口,食堂,15.42
T0002870,20230053,2026-03-10,18:12:00,一食堂-风味窗口,食堂,14.31
T0002871,20240098,2026-03-07,18:10:00,二食堂-大众窗口,食堂,9.22
T0002872,20250107,2026-03-16,07:17:00,一食堂-风味窗口,食堂,13.88
T0002873,20240110,2026-03-14,11:14:00,一食堂-风味窗口,食堂,21.25
T0002874,20220108,2026-03-13,13:18:00,二食堂-面食窗口,食堂,15.49
T0002875,20220072,2026-03-21,15:15:00,奶茶店,饮品,12.71
T0002876,20220072,2026-03-06,18:20:00,二食堂-面食窗口,食堂,15.84
T0002877,20220024,2026-03-16,08:31:00,二食堂-大众窗口,食堂,13.96
T0002878,20230101,2026-03-07,17:00:00,二食堂-面食窗口,食堂,17.93
T0002879,20240102,2026-03-04,08:56:00,一食堂-大众窗口,食堂,8.63
T0002880,20230001,2026-03-05,13:32:00,二食堂-大众窗口,食堂,13.27
T0002881,20240058,2026-03-22,18:48:00,一食堂-大众窗口,食堂,12.81
T0002882,20240042,2026-03-17,08:02:00,一食堂-风味窗口,食堂,17.56
T0002883,20250079,2026-03-02,08:10:00,一食堂-风味窗口,食堂,19.42
T0002884,20250051,2026-03-06,07:34:00,二食堂-面食窗口,食堂,15.7
T0002885,20250035,2026-03-16,12:01:00,一食堂-风味窗口,食堂,17.09
T0002886,20240070,2026-03-09,07:47:00,一食堂-大众窗口,食堂,8.47
T0002887,20250055,2026-03-12,18:46:00,二食堂-面食窗口,食堂,15.96
T0002888,20250103,2026-03-19,18:56:00,二食堂-面食窗口,食堂,14.74
T0002889,20220040,2026-03-21,07:01:00,一食堂-大众窗口,食堂,12.22
T0002890,20240046,2026-03-17,18:37:00,二食堂-面食窗口,食堂,16.51
T0002891,20230089,2026-03-21,17:33:00,一食堂-大众窗口,食堂,9.01
T0002892,20220024,2026-03-16,17:43:00,二食堂-大众窗口,食堂,12.89
T0002893,20250111,2026-03-18,08:27:00,二食堂-面食窗口,食堂,11.71
T0002894,20250111,2026-03-06,08:06:00,一食堂-风味窗口,食堂,16.26
T0002895,20230077,2026-03-08,19:51:00,便利店,超市,18.9
T0002896,20220016,2026-03-08,08:23:00,一食堂-大众窗口,食堂,13.78
T0002897,20230073,2026-03-11,08:21:00,二食堂-面食窗口,食堂,15.01
T0002898,20250007,2026-03-18,08:26:00,二食堂-面食窗口,食堂,14.5
T0002899,20250083,2026-03-18,12:31:00,二食堂-面食窗口,食堂,14.43
T0002900,20240074,2026-03-20,11:38:00,二食堂-大众窗口,食堂,9.98
T0002901,20240046,2026-03-16,11:20:00,二食堂-面食窗口,食堂,16.15
T0002902,20240022,2026-03-20,07:08:00,一食堂-风味窗口,食堂,16.65
T0002903,20250119,2026-03-09,07:47:00,二食堂-面食窗口,食堂,12.68
T0002904,20250055,2026-03-08,18:47:00,一食堂-风味窗口,食堂,17.63
T0002905,20240054,2026-03-13,08:32:00,一食堂-大众窗口,食堂,11.88
T0002906,20240006,2026-03-13,12:19:00,二食堂-大众窗口,食堂,8.79
T0002907,20240074,2026-03-07,07:06:00,一食堂-大众窗口,食堂,13.18
T0002908,20240082,2026-03-21,11:13:00,一食堂-大众窗口,食堂,13.62
T0002909,20250051,2026-03-10,18:23:00,一食堂-大众窗口,食堂,9.57
T0002910,20220020,2026-03-20,13:56:00,一食堂-风味窗口,食堂,17.63
T0002911,20250003,2026-03-22,07:52:00,二食堂-大众窗口,食堂,8.15
T0002912,20220016,2026-03-19,18:34:00,一食堂-大众窗口,食堂,12.06
T0002913,20240030,2026-03-17,08:13:00,二食堂-面食窗口,食堂,11.14
T0002914,20220100,2026-03-22,18:03:00,一食堂-风味窗口,食堂,12.86
T0002915,20220084,2026-03-02,17:08:00,二食堂-面食窗口,食堂,12.9
T0002916,20240070,2026-03-05,18:57:00,二食堂-大众窗口,食堂,12.17
T0002917,20250003,2026-03-05,11:51:00,二食堂-大众窗口,食堂,12.94
T0002918,20240118,2026-03-12,17:00:00,二食堂-大众窗口,食堂,13.4
T0002919,20220116,2026-03-11,18:23:00,一食堂-大众窗口,食堂,8.22
T0002920,20220048,2026-03-04,08:29:00,一食堂-风味窗口,食堂,18.35
T0002921,20230009,2026-03-07,08:24:00,一食堂-风味窗口,食堂,16.64
T0002922,20220060,2026-03-16,08:34:00,二食堂-面食窗口,食堂,13.9
T0002923,20230113,2026-03-21,08:52:00,一食堂-大众窗口,食堂,12.53
T0002924,20240098,2026-03-13,18:49:00,一食堂-风味窗口,食堂,16.02
T0002925,20220016,2026-03-07,12:37:00,二食堂-面食窗口,食堂,11.68
T0002926,20250059,2026-03-19,08:27:00,一食堂-大众窗口,食堂,12.64
T0002927,20250035,2026-03-13,17:17:00,一食堂-风味窗口,食堂,21.17
T0002928,20230017,2026-03-14,18:14:00,一食堂-大众窗口,食堂,9.81
T0002929,20250079,2026-03-06,18:54:00,二食堂-大众窗口,食堂,8.52
T0002930,20240022,2026-03-02,18:11:00,一食堂-大众窗口,食堂,14.5
T0002931,20230025,2026-03-04,12:37:00,二食堂-面食窗口,食堂,15.09
T0002932,20230097,2026-03-18,12:49:00,一食堂-大众窗口,食堂,11.26
T0002933,20250115,2026-03-20,17:59:00,二食堂-大众窗口,食堂,9.97
T0002934,20220068,2026-03-05,12:46:00,一食堂-大众窗口,食堂,10.84
T0002935,20240014,2026-03-06,18:40:00,一食堂-大众窗口,食堂,14.81
T0002936,20220100,2026-03-05,11:56:00,二食堂-面食窗口,食堂,16.04
T0002937,20220028,2026-03-16,19:00:00,便利店,超市,18.09
T0002938,20240034,2026-03-21,21:17:00,奶茶店,饮品,16.19
T0002939,20240086,2026-03-19,07:14:00,二食堂-面食窗口,食堂,15.57
T0002940,20240066,2026-03-17,12:09:00,一食堂-大众窗口,食堂,12.89
T0002941,20240014,2026-03-08,12:46:00,一食堂-风味窗口,食堂,20.16
T0002942,20250051,2026-03-03,18:00:00,二食堂-面食窗口,食堂,12.32
T0002943,20250059,2026-03-20,17:38:00,一食堂-大众窗口,食堂,12.89
T0002944,20220040,2026-03-12,08:56:00,一食堂-大众窗口,食堂,11.95
T0002945,20230029,2026-03-10,18:46:00,一食堂-风味窗口,食堂,19.32
T0002946,20250111,2026-03-02,10:12:00,便利店,超市,5.55
T0002947,20220116,2026-03-21,17:40:00,二食堂-面食窗口,食堂,12.36
T0002948,20220004,2026-03-09,11:17:00,二食堂-大众窗口,食堂,13.11
T0002949,20220028,2026-03-21,18:22:00,二食堂-大众窗口,食堂,12.2
T0002950,20230033,2026-03-16,07:53:00,一食堂-大众窗口,食堂,9.3
T0002951,20250023,2026-03-20,12:02:00,二食堂-面食窗口,食堂,13.12
T0002952,20220080,2026-03-02,07:35:00,一食堂-风味窗口,食堂,21.4
T0002953,20220032,2026-03-19,11:06:00,一食堂-大众窗口,食堂,12.35
T0002954,20230073,2026-03-19,08:58:00,二食堂-面食窗口,食堂,14.32
T0002955,20240118,2026-03-13,12:29:00,一食堂-风味窗口,食堂,17.78
T0002956,20240082,2026-03-12,17:57:00,一食堂-大众窗口,食堂,8.83
T0002957,20250111,2026-03-08,11:39:00,二食堂-大众窗口,食堂,8.57
T0002958,20220036,2026-03-07,13:47:00,一食堂-风味窗口,食堂,21.04
T0002959,20240094,2026-03-22,12:03:00,二食堂-面食窗口,食堂,11.94
T0002960,20220004,2026-03-08,18:24:00,一食堂-风味窗口,食堂,12.87
T0002961,20250015,2026-03-07,18:43:00,一食堂-风味窗口,食堂,17.96
T0002962,20230089,2026-03-07,18:20:00,一食堂-大众窗口,食堂,13.19
T0002963,20240082,2026-03-17,08:48:00,二食堂-大众窗口,食堂,12.33
T0002964,20250091,2026-03-19,17:41:00,二食堂-大众窗口,食堂,8.96
T0002965,20230053,2026-03-16,10:10:00,咖啡店,饮品,15.33
T0002966,20240022,2026-03-20,18:31:00,一食堂-大众窗口,食堂,12.14
T0002967,20230077,2026-03-19,17:07:00,二食堂-大众窗口,食堂,12.65
T0002968,20220116,2026-03-11,19:07:00,便利店,超市,14.11
T0002969,20250107,2026-03-08,08:56:00,一食堂-大众窗口,食堂,12.15
T0002970,20230009,2026-03-05,12:55:00,一食堂-风味窗口,食堂,16.77
T0002971,20240038,2026-03-17,18:40:00,一食堂-风味窗口,食堂,21.13
T0002972,20240002,2026-03-14,12:16:00,二食堂-大众窗口,食堂,12.02
T0002973,20220068,2026-03-17,08:57:00,一食堂-大众窗口,食堂,9.89
T0002974,20220068,2026-03-02,08:30:00,一食堂-风味窗口,食堂,17.71
T0002975,20230093,2026-03-20,17:24:00,一食堂-大众窗口,食堂,12.59
T0002976,20240038,2026-03-07,12:06:00,一食堂-大众窗口,食堂,10.08
T0002977,20230053,2026-03-03,18:39:00,二食堂-大众窗口,食堂,11.41
T0002978,20230017,2026-03-17,17:42:00,二食堂-大众窗口,食堂,8.86
T0002979,20230113,2026-03-08,07:09:00,一食堂-大众窗口,食堂,10.38
T0002980,20240050,2026-03-16,18:48:00,二食堂-面食窗口,食堂,17.7
T0002981,20230045,2026-03-17,17:41:00,二食堂-大众窗口,食堂,11.0
T0002982,20250003,2026-03-20,18:32:00,一食堂-风味窗口,食堂,18.83
T0002983,20240106,2026-03-21,18:26:00,二食堂-面食窗口,食堂,13.44
T0002984,20230013,2026-03-17,18:32:00,二食堂-大众窗口,食堂,12.35
T0002985,20240054,2026-03-06,18:49:00,二食堂-面食窗口,食堂,11.67
T0002986,20240054,2026-03-08,12:26:00,二食堂-大众窗口,食堂,9.28
T0002987,20230053,2026-03-22,13:44:00,二食堂-大众窗口,食堂,12.48
T0002988,20230009,2026-03-10,18:38:00,二食堂-大众窗口,食堂,14.46
T0002989,20240082,2026-03-04,17:26:00,一食堂-大众窗口,食堂,14.9
T0002990,20230105,2026-03-03,12:37:00,一食堂-风味窗口,食堂,20.24
T0002991,20230105,2026-03-12,08:16:00,一食堂-风味窗口,食堂,21.86
T0002992,20240098,2026-03-10,07:01:00,二食堂-面食窗口,食堂,15.56
T0002993,20250075,2026-03-13,08:11:00,二食堂-大众窗口,食堂,9.1
T0002994,20230005,2026-03-10,18:40:00,二食堂-面食窗口,食堂,14.53
T0002995,20230065,2026-03-08,18:10:00,一食堂-大众窗口,食堂,14.74
T0002996,20240018,2026-03-20,18:41:00,一食堂-风味窗口,食堂,12.31
T0002997,20250079,2026-03-02,15:21:00,水果店,超市,12.04
T0002998,20240026,2026-03-16,12:11:00,二食堂-面食窗口,食堂,15.74
T0002999,20240078,2026-03-15,13:49:00,二食堂-大众窗口,食堂,10.31
T0003000,20240062,2026-03-18,08:18:00,二食堂-大众窗口,食堂,10.27
T0003001,20230117,2026-03-19,13:22:00,一食堂-风味窗口,食堂,12.05
T0003002,20230057,2026-03-03,12:57:00,二食堂-面食窗口,食堂,17.13
T0003003,20230109,2026-03-20,11:19:00,二食堂-面食窗口,食堂,11.66
T0003004,20240038,2026-03-02,17:20:00,二食堂-大众窗口,食堂,14.56
T0003005,20240014,2026-03-18,07:51:00,二食堂-面食窗口,食堂,13.87
T0003006,20220020,2026-03-11,12:20:00,一食堂-大众窗口,食堂,14.63
T0003007,20250079,2026-03-17,07:59:00,二食堂-面食窗口,食堂,10.99
T0003008,20230117,2026-03-03,08:08:00,二食堂-大众窗口,食堂,10.45
T0003009,20240090,2026-03-20,07:58:00,二食堂-大众窗口,食堂,11.35
T0003010,20220028,2026-03-09,12:11:00,二食堂-面食窗口,食堂,15.74
T0003011,20230049,2026-03-02,13:45:00,一食堂-风味窗口,食堂,18.39
T0003012,20220008,2026-03-18,07:12:00,一食堂-大众窗口,食堂,12.79
T0003013,20250115,2026-03-06,15:50:00,奶茶店,饮品,14.33
T0003014,20240110,2026-03-21,12:07:00,一食堂-风味窗口,食堂,19.47
T0003015,20230013,2026-03-13,11:39:00,二食堂-面食窗口,食堂,11.28
T0003016,20250059,2026-03-02,08:13:00,一食堂-大众窗口,食堂,12.42
T0003017,20220032,2026-03-19,08:42:00,一食堂-风味窗口,食堂,20.54
T0003018,20240066,2026-03-08,12:47:00,一食堂-大众窗口,食堂,11.48
T0003019,20230037,2026-03-02,12:11:00,二食堂-大众窗口,食堂,13.99
T0003020,20250023,2026-03-13,11:43:00,二食堂-大众窗口,食堂,8.72
T0003021,20220044,2026-03-21,18:27:00,二食堂-大众窗口,食堂,13.55
T0003022,20230037,2026-03-03,08:03:00,一食堂-大众窗口,食堂,10.32
T0003023,20220072,2026-03-04,12:49:00,一食堂-大众窗口,食堂,14.24
T0003024,20250055,2026-03-08,12:35:00,二食堂-大众窗口,食堂,10.33
T0003025,20220064,2026-03-13,19:55:00,咖啡店,饮品,23.2
T0003026,20250023,2026-03-08,12:09:00,二食堂-面食窗口,食堂,16.98
T0003027,20240042,2026-03-03,07:59:00,一食堂-大众窗口,食堂,11.88
T0003028,20230009,2026-03-09,18:01:00,二食堂-大众窗口,食堂,9.66
T0003029,20230109,2026-03-07,17:54:00,二食堂-大众窗口,食堂,8.06
T0003030,20250059,2026-03-09,08:04:00,一食堂-风味窗口,食堂,14.5
T0003031,20250087,2026-03-07,12:09:00,二食堂-大众窗口,食堂,8.7
T0003032,20220048,2026-03-03,07:12:00,二食堂-大众窗口,食堂,9.14
T0003033,20230105,2026-03-10,18:18:00,一食堂-风味窗口,食堂,14.77
T0003034,20220076,2026-03-14,17:12:00,二食堂-面食窗口,食堂,12.9
T0003035,20220084,2026-03-10,08:59:00,一食堂-风味窗口,食堂,18.43
T0003036,20220056,2026-03-10,17:49:00,一食堂-大众窗口,食堂,11.93
T0003037,20250103,2026-03-21,18:50:00,二食堂-面食窗口,食堂,16.18
T0003038,20230061,2026-03-07,12:39:00,一食堂-风味窗口,食堂,13.91
T0003039,20220012,2026-03-17,17:15:00,一食堂-大众窗口,食堂,11.8
T0003040,20240094,2026-03-14,15:11:00,奶茶店,饮品,16.34
T0003041,20240078,2026-03-10,12:53:00,二食堂-面食窗口,食堂,963.37
T0003042,20250011,2026-03-22,18:17:00,二食堂-大众窗口,食堂,11.15
T0003043,20230049,2026-03-15,18:22:00,一食堂-风味窗口,食堂,15.19
T0003044,20220096,2026-03-14,13:15:00,二食堂-大众窗口,食堂,14.01
T0003045,20240010,2026-03-07,12:06:00,二食堂-大众窗口,食堂,11.42
T0003046,20230085,2026-03-14,12:14:00,二食堂-面食窗口,食堂,13.67
T0003047,20250055,2026-03-21,11:34:00,一食堂-风味窗口,食堂,16.93
T0003048,20230081,2026-03-09,13:29:00,一食堂-大众窗口,食堂,8.51
T0003049,20220064,2026-03-21,17:43:00,一食堂-大众窗口,食堂,14.33
T0003050,20220024,2026-03-16,21:20:00,咖啡店,饮品,8.06
T0003051,20220064,2026-03-13,13:46:00,二食堂-大众窗口,食堂,11.21
T0003052,20240002,2026-03-08,19:11:00,超市A,超市,14.85
T0003053,20230109,2026-03-21,15:19:00,奶茶店,饮品,8.44
T0003054,20230073,2026-03-12,08:00:00,一食堂-风味窗口,食堂,17.05
T0003055,20220044,2026-03-08,21:18:00,咖啡店,饮品,13.98
T0003056,20220080,2026-03-13,12:02:00,一食堂-风味窗口,食堂,21.75
T0003057,20240066,2026-03-08,17:49:00,二食堂-大众窗口,食堂,10.8
T0003058,20250039,2026-03-03,18:58:00,二食堂-面食窗口,食堂,12.88
T0003059,20240050,2026-03-03,18:02:00,二食堂-大众窗口,食堂,8.0
T0003060,20220080,2026-03-18,08:13:00,一食堂-风味窗口,食堂,17.39
T0003061,20220064,2026-03-12,19:10:00,便利店,超市,17.32
T0003062,20220080,2026-03-11,12:07:00,二食堂-面食窗口,食堂,10.3
T0003063,20250019,2026-03-05,17:56:00,一食堂-风味窗口,食堂,15.7
T0003064,20250107,2026-03-20,13:29:00,二食堂-大众窗口,食堂,14.44
T0003065,20250055,2026-03-02,08:40:00,二食堂-大众窗口,食堂,12.62
T0003066,20230029,2026-03-04,12:04:00,二食堂-大众窗口,食堂,11.2
T0003067,20250035,2026-03-17,12:09:00,二食堂-大众窗口,食堂,14.84
T0003068,20250071,2026-03-08,12:16:00,二食堂-大众窗口,食堂,11.74
T0003069,20220120,2026-03-18,13:49:00,二食堂-面食窗口,食堂,17.98
T0003070,20220028,2026-03-19,21:18:00,超市A,超市,10.74
T0003071,20250119,2026-03-16,18:10:00,一食堂-风味窗口,食堂,19.67
T0003072,20230021,2026-03-08,17:08:00,一食堂-风味窗口,食堂,21.59
T0003073,20220004,2026-03-14,15:33:00,奶茶店,饮品,9.87
T0003074,20250095,2026-03-02,12:05:00,一食堂-风味窗口,食堂,20.78
T0003075,20230093,2026-03-17,08:11:00,一食堂-大众窗口,食堂,13.08
T0003076,20230069,2026-03-07,13:55:00,一食堂-风味窗口,食堂,17.82
T0003077,20230077,2026-03-22,13:43:00,一食堂-大众窗口,食堂,14.69
T0003078,20220004,2026-03-10,10:31:00,咖啡店,饮品,22.29
T0003079,20250099,2026-03-16,11:58:00,二食堂-面食窗口,食堂,13.51
T0003080,20230037,2026-03-18,17:16:00,二食堂-面食窗口,食堂,10.52
T0003081,20250099,2026-03-03,11:43:00,一食堂-风味窗口,食堂,15.76
T0003082,20230101,2026-03-15,15:17:00,便利店,超市,6.71
T0003083,20230069,2026-03-19,12:45:00,一食堂-大众窗口,食堂,14.19
T0003084,20230097,2026-03-07,12:52:00,一食堂-风味窗口,食堂,14.32
T0003085,20220116,2026-03-05,17:29:00,一食堂-风味窗口,食堂,14.82
T0003086,20240070,2026-03-18,08:37:00,二食堂-面食窗口,食堂,14.85
T0003087,20240034,2026-03-02,13:32:00,一食堂-大众窗口,食堂,14.98
T0003088,20220060,2026-03-04,18:45:00,二食堂-大众窗口,食堂,10.31
T0003089,20230097,2026-03-10,08:47:00,二食堂-大众窗口,食堂,9.59
T0003090,20240110,2026-03-09,07:15:00,二食堂-大众窗口,食堂,14.19
T0003091,20250111,2026-03-20,21:26:00,水果店,超市,28.74
T0003092,20220108,2026-03-04,08:20:00,一食堂-大众窗口,食堂,13.27
T0003093,20230005,2026-03-20,12:18:00,二食堂-大众窗口,食堂,9.91
T0003094,20250071,2026-03-22,13:44:00,二食堂-大众窗口,食堂,13.94
T0003095,20240114,2026-03-17,18:45:00,一食堂-大众窗口,食堂,8.67
T0003096,20240026,2026-03-08,18:17:00,二食堂-面食窗口,食堂,16.91
T0003097,20220012,2026-03-09,12:24:00,二食堂-大众窗口,食堂,13.25
T0003098,20240018,2026-03-17,11:48:00,二食堂-大众窗口,食堂,11.61
T0003099,20230085,2026-03-17,12:32:00,一食堂-大众窗口,食堂,14.34
T0003100,20240058,2026-03-19,08:23:00,二食堂-大众窗口,食堂,11.36
T0003101,20230117,2026-03-03,18:48:00,一食堂-大众窗口,食堂,13.21
T0003102,20220040,2026-03-17,18:23:00,二食堂-面食窗口,食堂,12.19
T0003103,20250067,2026-03-09,12:08:00,二食堂-面食窗口,食堂,11.81
T0003104,20220120,2026-03-02,17:46:00,一食堂-风味窗口,食堂,17.1
T0003105,20240022,2026-03-03,18:51:00,一食堂-风味窗口,食堂,21.61
T0003106,20220040,2026-03-14,18:38:00,一食堂-风味窗口,食堂,14.03
T0003107,20230025,2026-03-19,07:31:00,一食堂-风味窗口,食堂,12.52
T0003108,20250071,2026-03-10,07:55:00,一食堂-风味窗口,食堂,21.46
T0003109,20230105,2026-03-07,18:48:00,二食堂-大众窗口,食堂,13.91
T0003110,20250059,2026-03-04,18:36:00,一食堂-风味窗口,食堂,17.71
T0003111,20240110,2026-03-07,18:37:00,一食堂-风味窗口,食堂,20.08
T0003112,20240014,2026-03-20,17:11:00,二食堂-大众窗口,食堂,11.55
T0003113,20220108,2026-03-02,08:47:00,一食堂-大众窗口,食堂,11.63
T0003114,20250107,2026-03-02,18:43:00,二食堂-大众窗口,食堂,11.55
T0003115,20250067,2026-03-04,17:28:00,二食堂-面食窗口,食堂,14.24
T0003116,20230065,2026-03-05,12:32:00,二食堂-面食窗口,食堂,11.04
T0003117,20240114,2026-03-08,21:10:00,便利店,超市,8.44
T0003118,20230073,2026-03-20,07:24:00,一食堂-大众窗口,食堂,9.59
T0003119,20220092,2026-03-19,08:19:00,一食堂-风味窗口,食堂,19.86
T0003120,20220088,2026-03-17,08:16:00,二食堂-面食窗口,食堂,16.71
T0003121,20240022,2026-03-07,18:48:00,二食堂-面食窗口,食堂,14.07
T0003122,20240034,2026-03-17,18:52:00,二食堂-大众窗口,食堂,14.95
T0003123,20250115,2026-03-13,17:47:00,一食堂-大众窗口,食堂,8.72
T0003124,20240082,2026-03-06,12:34:00,一食堂-大众窗口,食堂,9.69
T0003125,20230093,2026-03-13,08:33:00,一食堂-风味窗口,食堂,16.91
T0003126,20240050,2026-03-19,07:50:00,二食堂-面食窗口,食堂,17.75
T0003127,20230069,2026-03-12,07:51:00,一食堂-风味窗口,食堂,16.37
T0003128,20250047,2026-03-22,12:23:00,二食堂-大众窗口,食堂,9.92
T0003129,20240006,2026-03-09,07:12:00,二食堂-面食窗口,食堂,15.02
T0003130,20250019,2026-03-16,12:10:00,一食堂-风味窗口,食堂,13.42
T0003131,20250103,2026-03-05,17:17:00,一食堂-风味窗口,食堂,19.57
T0003132,20220112,2026-03-06,17:29:00,二食堂-大众窗口,食堂,13.46
T0003133,20240034,2026-03-16,12:32:00,二食堂-面食窗口,食堂,11.84
T0003134,20230045,2026-03-13,07:45:00,二食堂-大众窗口,食堂,10.65
T0003135,20220088,2026-03-02,07:30:00,一食堂-风味窗口,食堂,14.7
T0003136,20230093,2026-03-07,13:32:00,二食堂-大众窗口,食堂,14.53
T0003137,20240110,2026-03-10,13:57:00,二食堂-大众窗口,食堂,14.39
T0003138,20250107,2026-03-11,12:02:00,二食堂-大众窗口,食堂,12.28
T0003139,20220080,2026-03-16,17:32:00,一食堂-风味窗口,食堂,16.59
T0003140,20230081,2026-03-05,08:31:00,一食堂-风味窗口,食堂,18.46
T0003141,20240010,2026-03-06,08:45:00,二食堂-面食窗口,食堂,11.7
T0003142,20220024,2026-03-09,17:51:00,一食堂-风味窗口,食堂,21.78
T0003143,20240026,2026-03-06,17:50:00,二食堂-大众窗口,食堂,11.78
T0003144,20230033,2026-03-02,12:19:00,一食堂-大众窗口,食堂,13.38
T0003145,20250083,2026-03-22,17:34:00,二食堂-面食窗口,食堂,14.91
T0003146,20230029,2026-03-20,08:02:00,一食堂-风味窗口,食堂,20.51
T0003147,20240010,2026-03-06,18:34:00,二食堂-大众窗口,食堂,10.89
T0003148,20220060,2026-03-20,18:26:00,二食堂-面食窗口,食堂,16.77
T0003149,20220052,2026-03-14,17:17:00,一食堂-风味窗口,食堂,20.43
T0003150,20220024,2026-03-18,12:57:00,一食堂-风味窗口,食堂,14.2
T0003151,20230009,2026-03-06,08:16:00,二食堂-大众窗口,食堂,9.96
T0003152,20250011,2026-03-22,07:34:00,二食堂-大众窗口,食堂,8.05
T0003153,20240078,2026-03-10,08:09:00,一食堂-大众窗口,食堂,11.36
T0003154,20240042,2026-03-05,07:00:00,二食堂-面食窗口,食堂,13.24
T0003155,20230089,2026-03-17,08:17:00,一食堂-大众窗口,食堂,11.19
T0003156,20220108,2026-03-19,11:36:00,一食堂-风味窗口,食堂,18.67
T0003157,20250047,2026-03-16,11:35:00,二食堂-大众窗口,食堂,12.84
T0003158,20240114,2026-03-14,18:33:00,一食堂-风味窗口,食堂,13.34
T0003159,20240090,2026-03-18,11:25:00,二食堂-大众窗口,食堂,14.21
T0003160,20220068,2026-03-10,18:43:00,二食堂-大众窗口,食堂,10.14
T0003161,20230085,2026-03-11,19:15:00,便利店,超市,17.66
T0003162,20240018,2026-03-22,08:15:00,二食堂-大众窗口,食堂,10.15
T0003163,20250103,2026-03-02,07:45:00,二食堂-大众窗口,食堂,12.1
T0003164,20220120,2026-03-14,13:04:00,二食堂-大众窗口,食堂,9.22
T0003165,20240014,2026-03-18,11:49:00,二食堂-面食窗口,食堂,17.09
T0003166,20250095,2026-03-18,12:44:00,一食堂-风味窗口,食堂,17.68
T0003167,20230029,2026-03-21,18:40:00,二食堂-面食窗口,食堂,17.08
T0003168,20220076,2026-03-15,07:32:00,二食堂-大众窗口,食堂,12.98
T0003169,20230009,2026-03-13,11:57:00,一食堂-大众窗口,食堂,11.3
T0003170,20220044,2026-03-11,08:53:00,一食堂-大众窗口,食堂,13.67
T0003171,20250055,2026-03-14,17:51:00,二食堂-面食窗口,食堂,13.44
T0003172,20240018,2026-03-13,18:22:00,一食堂-风味窗口,食堂,17.78
T0003173,20230049,2026-03-14,17:46:00,二食堂-大众窗口,食堂,9.64
T0003174,20220052,2026-03-06,18:09:00,二食堂-面食窗口,食堂,16.37
T0003175,20250035,2026-03-04,07:07:00,一食堂-大众窗口,食堂,14.67
T0003176,20220048,2026-03-08,12:14:00,一食堂-大众窗口,食堂,10.29
T0003177,20250103,2026-03-06,07:56:00,一食堂-大众窗口,食堂,11.55
T0003178,20250091,2026-03-14,19:13:00,水果店,超市,19.49
T0003179,20240050,2026-03-14,18:25:00,一食堂-风味窗口,食堂,21.92
T0003180,20240102,2026-03-22,10:31:00,便利店,超市,9.68
T0003181,20240074,2026-03-11,18:04:00,二食堂-大众窗口,食堂,9.42
T0003182,20230117,2026-03-17,07:43:00,一食堂-风味窗口,食堂,18.57
T0003183,20240106,2026-03-13,07:04:00,二食堂-面食窗口,食堂,11.76
T0003184,20250059,2026-03-15,17:58:00,一食堂-大众窗口,食堂,9.17
T0003185,20220012,2026-03-21,17:14:00,一食堂-风味窗口,食堂,20.56
T0003186,20240038,2026-03-12,18:35:00,二食堂-面食窗口,食堂,16.73
T0003187,20240058,2026-03-06,08:52:00,一食堂-大众窗口,食堂,14.72
T0003188,20240090,2026-03-02,13:26:00,一食堂-风味窗口,食堂,20.76
T0003189,20240098,2026-03-17,13:49:00,一食堂-风味窗口,食堂,12.94
T0003190,20230037,2026-03-11,07:01:00,二食堂-大众窗口,食堂,13.85
T0003191,20250079,2026-03-19,12:47:00,一食堂-大众窗口,食堂,14.73
T0003192,20240090,2026-03-04,12:40:00,一食堂-风味窗口,食堂,18.36
T0003193,20240114,2026-03-11,08:21:00,二食堂-面食窗口,食堂,14.97
T0003194,20220072,2026-03-14,07:23:00,一食堂-大众窗口,食堂,14.71
T0003195,20230105,2026-03-19,13:06:00,二食堂-面食窗口,食堂,14.31
T0003196,20250103,2026-03-09,08:00:00,一食堂-大众窗口,食堂,9.24
T0003197,20250027,2026-03-18,07:18:00,二食堂-大众窗口,食堂,11.91
T0003198,20240022,2026-03-08,18:31:00,二食堂-面食窗口,食堂,17.75
T0003199,20220036,2026-03-21,08:05:00,二食堂-面食窗口,食堂,15.21
T0003200,20250107,2026-03-03,11:21:00,一食堂-大众窗口,食堂,11.13
T0003201,20250051,2026-03-05,08:15:00,一食堂-大众窗口,食堂,10.91
T0003202,20230105,2026-03-06,07:23:00,二食堂-大众窗口,食堂,8.83
T0003203,20240106,2026-03-17,07:05:00,一食堂-大众窗口,食堂,10.65
T0003204,20240046,2026-03-17,12:57:00,一食堂-风味窗口,食堂,20.69
T0003205,20220072,2026-03-11,07:13:00,一食堂-大众窗口,食堂,13.21
T0003206,20240026,2026-03-22,12:02:00,二食堂-面食窗口,食堂,16.52
T0003207,20240018,2026-03-08,12:36:00,一食堂-大众窗口,食堂,11.41
T0003208,20250119,2026-03-18,08:36:00,二食堂-面食窗口,食堂,16.05
T0003209,20250035,2026-03-17,07:47:00,二食堂-面食窗口,食堂,15.76
T0003210,20240094,2026-03-14,12:12:00,二食堂-面食窗口,食堂,12.5
T0003211,20220064,2026-03-12,18:17:00,一食堂-大众窗口,食堂,11.16
T0003212,20220008,2026-03-18,11:44:00,一食堂-风味窗口,食堂,19.59
T0003213,20230029,2026-03-03,08:03:00,二食堂-大众窗口,食堂,10.76
T0003214,20220064,2026-03-20,11:40:00,二食堂-大众窗口,食堂,8.04
T0003215,20250011,2026-03-18,07:04:00,二食堂-面食窗口,食堂,12.92
T0003216,20250099,2026-03-18,12:28:00,一食堂-大众窗口,食堂,11.66
T0003217,20250019,2026-03-10,12:44:00,一食堂-大众窗口,食堂,9.35
T0003218,20240006,2026-03-04,12:32:00,二食堂-面食窗口,食堂,10.0
T0003219,20230105,2026-03-20,15:59:00,咖啡店,饮品,21.14
T0003220,20230117,2026-03-16,08:52:00,一食堂-大众窗口,食堂,10.47
T0003221,20240074,2026-03-16,07:51:00,一食堂-风味窗口,食堂,18.88
T0003222,20250003,2026-03-09,17:05:00,二食堂-面食窗口,食堂,13.97
T0003223,20250015,2026-03-22,17:50:00,一食堂-风味窗口,食堂,14.43
T0003224,20240026,2026-03-14,21:01:00,便利店,超市,18.91
T0003225,20240078,2026-03-22,18:03:00,二食堂-面食窗口,食堂,15.25
T0003226,20240002,2026-03-05,12:18:00,一食堂-大众窗口,食堂,8.13
T0003227,20250087,2026-03-12,18:29:00,一食堂-大众窗口,食堂,13.17
T0003228,20230065,2026-03-21,12:39:00,一食堂-大众窗口,食堂,11.03
T0003229,20240110,2026-03-09,15:43:00,咖啡店,饮品,20.99
T0003230,20220036,2026-03-09,08:37:00,二食堂-面食窗口,食堂,17.71
T0003231,20240058,2026-03-11,12:50:00,二食堂-面食窗口,食堂,15.48
T0003232,20240110,2026-03-17,17:59:00,一食堂-大众窗口,食堂,13.84
T0003233,20230101,2026-03-04,11:33:00,一食堂-风味窗口,食堂,19.07
T0003234,20240106,2026-03-08,17:49:00,二食堂-大众窗口,食堂,13.35
T0003235,20230005,2026-03-15,18:08:00,一食堂-风味窗口,食堂,19.86
T0003236,20250031,2026-03-09,13:46:00,二食堂-面食窗口,食堂,17.59
T0003237,20230005,2026-03-15,12:47:00,二食堂-大众窗口,食堂,12.45
T0003238,20240026,2026-03-09,08:43:00,二食堂-大众窗口,食堂,8.07
T0003239,20250063,2026-03-13,11:30:00,二食堂-大众窗口,食堂,14.56
T0003240,20230045,2026-03-11,08:58:00,一食堂-风味窗口,食堂,21.57
T0003241,20240070,2026-03-21,18:02:00,一食堂-大众窗口,食堂,12.58
T0003242,20240114,2026-03-16,12:38:00,一食堂-大众窗口,食堂,9.64
T0003243,20250055,2026-03-20,11:46:00,二食堂-面食窗口,食堂,15.91
T0003244,20230113,2026-03-15,18:17:00,一食堂-风味窗口,食堂,21.97
T0003245,20250055,2026-03-02,13:37:00,二食堂-大众窗口,食堂,8.19
T0003246,20240018,2026-03-21,11:00:00,二食堂-大众窗口,食堂,8.11
T0003247,20230085,2026-03-13,19:34:00,咖啡店,饮品,22.34
T0003248,20230029,2026-03-05,07:12:00,二食堂-大众窗口,食堂,8.82
T0003249,20250083,2026-03-17,07:58:00,一食堂-大众窗口,食堂,8.15
T0003250,20220056,2026-03-08,18:16:00,一食堂-风味窗口,食堂,21.61
T0003251,20230041,2026-03-13,17:02:00,一食堂-风味窗口,食堂,13.16
T0003252,20240074,2026-03-13,12:37:00,一食堂-风味窗口,食堂,20.46
T0003253,20250023,2026-03-04,12:35:00,二食堂-面食窗口,食堂,12.7
T0003254,20230029,2026-03-18,13:25:00,一食堂-风味窗口,食堂,13.15
T0003255,20250003,2026-03-09,11:50:00,一食堂-风味窗口,食堂,14.03
T0003256,20220048,2026-03-10,12:48:00,一食堂-大众窗口,食堂,13.77
T0003257,20240046,2026-03-07,10:17:00,超市A,超市,11.38
T0003258,20230077,2026-03-02,08:03:00,一食堂-风味窗口,食堂,17.15
T0003259,20240034,2026-03-05,21:22:00,咖啡店,饮品,10.89
T0003260,20240074,2026-03-17,17:40:00,二食堂-大众窗口,食堂,8.15
T0003261,20230033,2026-03-09,12:19:00,二食堂-面食窗口,食堂,11.01
T0003262,20220080,2026-03-14,18:17:00,一食堂-大众窗口,食堂,14.47
T0003263,20240010,2026-03-15,08:59:00,一食堂-风味窗口,食堂,13.11
T0003264,20240014,2026-03-05,11:28:00,一食堂-风味窗口,食堂,12.54
T0003265,20240054,2026-03-10,07:49:00,一食堂-风味窗口,食堂,17.35
T0003266,20230081,2026-03-03,18:37:00,一食堂-风味窗口,食堂,18.13
T0003267,20230005,2026-03-03,18:18:00,一食堂-大众窗口,食堂,10.56
T0003268,20230081,2026-03-19,08:28:00,一食堂-风味窗口,食堂,13.35
T0003269,20250035,2026-03-02,08:38:00,一食堂-大众窗口,食堂,11.72
T0003270,20220120,2026-03-18,08:52:00,一食堂-大众窗口,食堂,10.46
T0003271,20250119,2026-03-19,08:08:00,一食堂-大众窗口,食堂,10.03
T0003272,20250063,2026-03-22,21:02:00,奶茶店,饮品,7.61
T0003273,20230061,2026-03-22,18:52:00,一食堂-大众窗口,食堂,8.47
T0003274,20220076,2026-03-18,15:46:00,咖啡店,饮品,23.08
T0003275,20240014,2026-03-20,07:04:00,一食堂-风味窗口,食堂,13.43
T0003276,20250095,2026-03-11,18:39:00,一食堂-风味窗口,食堂,17.36
T0003277,20220048,2026-03-08,07:12:00,二食堂-大众窗口,食堂,11.78
T0003278,20250103,2026-03-13,08:27:00,一食堂-风味窗口,食堂,17.94
T0003279,20240006,2026-03-11,18:53:00,二食堂-面食窗口,食堂,10.24
T0003280,20250019,2026-03-10,17:53:00,二食堂-大众窗口,食堂,13.09
T0003281,20220068,2026-03-14,11:45:00,二食堂-大众窗口,食堂,12.73
T0003282,20220108,2026-03-20,18:14:00,二食堂-大众窗口,食堂,9.08
T0003283,20230025,2026-03-03,10:17:00,水果店,超市,4.11
T0003284,20250087,2026-03-05,08:46:00,一食堂-大众窗口,食堂,9.82
T0003285,20240022,2026-03-17,13:05:00,一食堂-大众窗口,食堂,12.81
T0003286,20240098,2026-03-16,13:30:00,二食堂-大众窗口,食堂,12.52
T0003287,20230053,2026-03-06,08:32:00,一食堂-大众窗口,食堂,9.77
T0003288,20250039,2026-03-12,18:57:00,一食堂-大众窗口,食堂,14.69
T0003289,20250035,2026-03-06,18:27:00,一食堂-风味窗口,食堂,17.31
T0003290,20240066,2026-03-22,12:52:00,二食堂-大众窗口,食堂,8.6
T0003291,20220072,2026-03-19,18:07:00,二食堂-面食窗口,食堂,13.88
T0003292,20250023,2026-03-17,08:37:00,二食堂-大众窗口,食堂,14.7
T0003293,20220052,2026-03-17,08:20:00,二食堂-面食窗口,食堂,10.67
T0003294,20240018,2026-03-16,11:47:00,二食堂-大众窗口,食堂,13.76
T0003295,20230097,2026-03-13,13:19:00,二食堂-大众窗口,食堂,8.44
T0003296,20250111,2026-03-19,08:46:00,二食堂-面食窗口,食堂,17.65
T0003297,20230069,2026-03-11,12:33:00,一食堂-风味窗口,食堂,17.77
T0003298,20240026,2026-03-20,15:44:00,奶茶店,饮品,9.86
T0003299,20240066,2026-03-15,12:50:00,二食堂-大众窗口,食堂,12.66
T0003300,20230105,2026-03-22,17:40:00,一食堂-风味窗口,食堂,18.67
T0003301,20250023,2026-03-09,12:27:00,二食堂-面食窗口,食堂,10.22
T0003302,20240014,2026-03-21,07:48:00,一食堂-大众窗口,食堂,10.44
T0003303,20220120,2026-03-09,18:10:00,二食堂-面食窗口,食堂,10.55
T0003304,20220024,2026-03-15,12:10:00,二食堂-面食窗口,食堂,14.13
T0003305,20240046,2026-03-13,08:06:00,二食堂-大众窗口,食堂,11.12
T0003306,20230077,2026-03-13,17:27:00,二食堂-大众窗口,食堂,9.91
T0003307,20220100,2026-03-03,08:00:00,二食堂-大众窗口,食堂,8.94
T0003308,20230077,2026-03-18,07:22:00,一食堂-大众窗口,食堂,9.48
T0003309,20250015,2026-03-09,07:34:00,二食堂-面食窗口,食堂,13.98
T0003310,20220080,2026-03-22,18:57:00,二食堂-大众窗口,食堂,8.5
T0003311,20250067,2026-03-12,17:01:00,一食堂-风味窗口,食堂,17.77
T0003312,20230005,2026-03-11,12:29:00,二食堂-面食窗口,食堂,15.26
T0003313,20220076,2026-03-11,07:46:00,一食堂-大众窗口,食堂,10.38
T0003314,20250023,2026-03-18,11:29:00,一食堂-大众窗口,食堂,11.29
T0003315,20220104,2026-03-05,18:22:00,一食堂-大众窗口,食堂,13.03
T0003316,20240018,2026-03-17,07:35:00,二食堂-大众窗口,食堂,12.9
T0003317,20250035,2026-03-07,12:50:00,一食堂-大众窗口,食堂,11.53
T0003318,20250035,2026-03-05,13:47:00,二食堂-大众窗口,食堂,13.86
T0003319,20220084,2026-03-05,07:52:00,二食堂-面食窗口,食堂,12.54
T0003320,20220100,2026-03-20,19:45:00,奶茶店,饮品,14.06
T0003321,20220056,2026-03-09,12:25:00,二食堂-大众窗口,食堂,8.5
T0003322,20250027,2026-03-06,13:02:00,二食堂-大众窗口,食堂,14.66
T0003323,20250007,2026-03-03,13:29:00,一食堂-风味窗口,食堂,17.91
T0003324,20250079,2026-03-10,12:31:00,二食堂-大众窗口,食堂,13.14
T0003325,20250075,2026-03-19,12:10:00,二食堂-大众窗口,食堂,10.4
T0003326,20230037,2026-03-12,08:08:00,二食堂-大众窗口,食堂,14.13
T0003327,20230061,2026-03-06,12:28:00,二食堂-大众窗口,食堂,13.53
T0003328,20250079,2026-03-06,07:36:00,一食堂-风味窗口,食堂,17.66
T0003329,20240014,2026-03-09,13:04:00,二食堂-面食窗口,食堂,12.2
T0003330,20240102,2026-03-14,17:07:00,二食堂-大众窗口,食堂,14.73
T0003331,20220084,2026-03-09,08:38:00,一食堂-风味窗口,食堂,13.93
T0003332,20250079,2026-03-04,21:16:00,咖啡店,饮品,8.74
T0003333,20240082,2026-03-08,12:26:00,二食堂-大众窗口,食堂,13.35
T0003334,20250039,2026-03-20,10:38:00,奶茶店,饮品,16.3
T0003335,20220060,2026-03-06,17:06:00,二食堂-大众窗口,食堂,12.55
T0003336,20250003,2026-03-14,17:09:00,一食堂-大众窗口,食堂,13.6
T0003337,20250039,2026-03-11,17:01:00,一食堂-大众窗口,食堂,9.87
T0003338,20220044,2026-03-06,11:19:00,一食堂-大众窗口,食堂,9.14
T0003339,20230109,2026-03-04,18:54:00,二食堂-大众窗口,食堂,9.4
T0003340,20250095,2026-03-18,18:51:00,二食堂-面食窗口,食堂,16.64
T0003341,20230085,2026-03-18,11:40:00,二食堂-面食窗口,食堂,15.13
T0003342,20250103,2026-03-17,07:45:00,二食堂-大众窗口,食堂,9.91
T0003343,20230009,2026-03-21,12:54:00,一食堂-大众窗口,食堂,8.04
T0003344,20220056,2026-03-12,17:53:00,二食堂-大众窗口,食堂,10.94
T0003345,20220020,2026-03-05,12:26:00,一食堂-风味窗口,食堂,19.32
T0003346,20240034,2026-03-17,15:42:00,便利店,超市,11.82
T0003347,20230057,2026-03-19,18:40:00,二食堂-面食窗口,食堂,12.94
T0003348,20240102,2026-03-04,17:53:00,一食堂-风味窗口,食堂,16.02
T0003349,20250115,2026-03-04,12:01:00,二食堂-面食窗口,食堂,15.49
T0003350,20240038,2026-03-03,12:13:00,二食堂-面食窗口,食堂,14.39
T0003351,20220060,2026-03-09,18:19:00,一食堂-大众窗口,食堂,14.13
T0003352,20250039,2026-03-17,12:21:00,一食堂-风味窗口,食堂,20.46
T0003353,20240062,2026-03-07,12:50:00,二食堂-大众窗口,食堂,13.89
T0003354,20240058,2026-03-06,13:24:00,二食堂-大众窗口,食堂,11.1
T0003355,20230029,2026-03-04,07:55:00,二食堂-面食窗口,食堂,14.29
T0003356,20230089,2026-03-13,13:35:00,一食堂-风味窗口,食堂,12.01
T0003357,20220120,2026-03-21,11:18:00,一食堂-大众窗口,食堂,9.5
T0003358,20250083,2026-03-04,17:35:00,一食堂-风味窗口,食堂,20.08
T0003359,20240078,2026-03-11,12:25:00,一食堂-风味窗口,食堂,20.82
T0003360,20230081,2026-03-06,07:35:00,二食堂-面食窗口,食堂,16.71
T0003361,20240010,2026-03-03,19:35:00,咖啡店,饮品,21.17
T0003362,20240066,2026-03-03,19:55:00,水果店,超市,7.05
T0003363,20230077,2026-03-16,08:44:00,一食堂-大众窗口,食堂,13.58
T0003364,20250115,2026-03-09,17:35:00,一食堂-大众窗口,食堂,11.54
T0003365,20220096,2026-03-20,15:47:00,超市A,超市,12.45
T0003366,20230101,2026-03-16,17:57:00,二食堂-面食窗口,食堂,10.18
T0003367,20230073,2026-03-18,08:30:00,二食堂-大众窗口,食堂,10.97
T0003368,20250051,2026-03-08,11:14:00,二食堂-大众窗口,食堂,11.24
T0003369,20220084,2026-03-09,17:13:00,二食堂-面食窗口,食堂,14.63
T0003370,20220040,2026-03-18,15:54:00,超市A,超市,5.77
T0003371,20250039,2026-03-06,08:33:00,一食堂-大众窗口,食堂,8.84
T0003372,20230109,2026-03-13,08:13:00,二食堂-大众窗口,食堂,10.19
T0003373,20240078,2026-03-14,10:04:00,便利店,超市,18.64
T0003374,20220008,2026-03-13,11:57:00,一食堂-大众窗口,食堂,10.71
T0003375,20220016,2026-03-04,11:23:00,二食堂-大众窗口,食堂,11.97
T0003376,20240010,2026-03-02,18:12:00,二食堂-面食窗口,食堂,11.41
T0003377,20220012,2026-03-05,21:55:00,超市A,超市,8.78
T0003378,20230033,2026-03-19,18:28:00,一食堂-风味窗口,食堂,19.04
T0003379,20230105,2026-03-08,18:46:00,一食堂-大众窗口,食堂,14.03
T0003380,20230065,2026-03-09,08:42:00,一食堂-大众窗口,食堂,10.26
T0003381,20240018,2026-03-21,17:11:00,一食堂-大众窗口,食堂,10.77
T0003382,20230077,2026-03-04,13:26:00,一食堂-大众窗口,食堂,13.12
T0003383,20250067,2026-03-13,12:37:00,一食堂-风味窗口,食堂,19.03
T0003384,20240094,2026-03-08,11:41:00,二食堂-面食窗口,食堂,12.2
T0003385,20220036,2026-03-16,17:52:00,一食堂-大众窗口,食堂,13.3
T0003386,20240034,2026-03-10,10:59:00,超市A,超市,7.39
T0003387,20250007,2026-03-18,17:11:00,二食堂-大众窗口,食堂,11.1
T0003388,20250047,2026-03-20,18:02:00,一食堂-大众窗口,食堂,11.12
T0003389,20250055,2026-03-20,18:17:00,一食堂-风味窗口,食堂,16.72
T0003390,20240082,2026-03-11,07:27:00,一食堂-风味窗口,食堂,19.25
T0003391,20250119,2026-03-14,13:26:00,二食堂-大众窗口,食堂,10.96
T0003392,20230105,2026-03-19,18:41:00,一食堂-风味窗口,食堂,21.52
T0003393,20220100,2026-03-02,12:36:00,一食堂-风味窗口,食堂,15.6
T0003394,20230085,2026-03-08,18:50:00,一食堂-大众窗口,食堂,9.58
T0003395,20240094,2026-03-22,18:52:00,一食堂-风味窗口,食堂,15.39
T0003396,20250035,2026-03-04,12:18:00,一食堂-大众窗口,食堂,12.61
T0003397,20240078,2026-03-12,13:07:00,一食堂-风味窗口,食堂,16.88
T0003398,20240118,2026-03-02,08:28:00,一食堂-风味窗口,食堂,13.71
T0003399,20240046,2026-03-20,17:23:00,一食堂-风味窗口,食堂,14.0
T0003400,20230113,2026-03-05,12:40:00,一食堂-风味窗口,食堂,20.86
T0003401,20230037,2026-03-08,17:22:00,一食堂-大众窗口,食堂,13.98
T0003402,20220004,2026-03-06,08:00:00,一食堂-大众窗口,食堂,11.31
T0003403,20250027,2026-03-18,13:18:00,二食堂-大众窗口,食堂,8.54
T0003404,20250075,2026-03-16,11:32:00,一食堂-大众窗口,食堂,14.35
T0003405,20220108,2026-03-06,17:44:00,二食堂-大众窗口,食堂,13.72
T0003406,20230113,2026-03-17,18:57:00,一食堂-大众窗口,食堂,12.36
T0003407,20240066,2026-03-12,11:19:00,二食堂-面食窗口,食堂,11.58
T0003408,20220096,2026-03-11,07:34:00,二食堂-面食窗口,食堂,16.41
T0003409,20240054,2026-03-17,08:05:00,二食堂-面食窗口,食堂,17.59
T0003410,20220012,2026-03-15,15:24:00,超市A,超市,4.42
T0003411,20220032,2026-03-22,19:47:00,水果店,超市,13.47
T0003412,20250039,2026-03-15,19:20:00,奶茶店,饮品,15.8
T0003413,20240026,2026-03-04,15:33:00,咖啡店,饮品,23.54
T0003414,20250007,2026-03-20,12:56:00,二食堂-大众窗口,食堂,10.92
T0003415,20250063,2026-03-04,13:53:00,一食堂-大众窗口,食堂,14.33
T0003416,20240070,2026-03-07,15:50:00,水果店,超市,20.17
T0003417,20220092,2026-03-16,17:02:00,一食堂-风味窗口,食堂,12.73
T0003418,20240054,2026-03-03,07:30:00,二食堂-大众窗口,食堂,8.55
T0003419,20240054,2026-03-12,08:49:00,一食堂-风味窗口,食堂,21.15
T0003420,20230081,2026-03-04,12:34:00,一食堂-大众窗口,食堂,13.19
T0003421,20220060,2026-03-19,08:16:00,一食堂-大众窗口,食堂,8.71
T0003422,20250047,2026-03-16,21:57:00,奶茶店,饮品,7.84
T0003423,20230053,2026-03-05,08:50:00,二食堂-大众窗口,食堂,11.33
T0003424,20220032,2026-03-04,13:56:00,二食堂-大众窗口,食堂,12.4
T0003425,20250119,2026-03-10,17:48:00,一食堂-风味窗口,食堂,17.86
T0003426,20230057,2026-03-11,18:38:00,二食堂-面食窗口,食堂,10.81
T0003427,20220020,2026-03-12,13:03:00,一食堂-风味窗口,食堂,13.77
T0003428,20250019,2026-03-15,18:52:00,二食堂-大众窗口,食堂,10.96
T0003429,20230021,2026-03-10,13:36:00,一食堂-大众窗口,食堂,9.54
T0003430,20230033,2026-03-12,18:13:00,二食堂-大众窗口,食堂,9.76
T0003431,20250063,2026-03-19,17:01:00,一食堂-大众窗口,食堂,13.71
T0003432,20240002,2026-03-05,18:25:00,一食堂-大众窗口,食堂,9.64
T0003433,20240090,2026-03-08,17:40:00,一食堂-大众窗口,食堂,10.95
T0003434,20230009,2026-03-09,11:06:00,一食堂-风味窗口,食堂,15.73
T0003435,20230065,2026-03-07,11:01:00,二食堂-面食窗口,食堂,15.18
T0003436,20250095,2026-03-18,07:24:00,二食堂-面食窗口,食堂,13.26
T0003437,20240006,2026-03-04,07:02:00,一食堂-大众窗口,食堂,12.28
T0003438,20250075,2026-03-20,17:23:00,二食堂-大众窗口,食堂,12.9
T0003439,20250071,2026-03-07,11:52:00,一食堂-风味窗口,食堂,15.38
T0003440,20220060,2026-03-05,18:00:00,一食堂-大众窗口,食堂,10.33
T0003441,20250047,2026-03-15,12:48:00,一食堂-风味窗口,食堂,15.1
T0003442,20240054,2026-03-08,17:00:00,一食堂-风味窗口,食堂,19.48
T0003443,20240102,2026-03-16,11:07:00,二食堂-面食窗口,食堂,11.9
T0003444,20240114,2026-03-20,18:18:00,一食堂-大众窗口,食堂,14.44
T0003445,20230057,2026-03-14,18:22:00,一食堂-大众窗口,食堂,11.61
T0003446,20230009,2026-03-14,21:41:00,奶茶店,饮品,12.08
T0003447,20230013,2026-03-05,12:49:00,二食堂-大众窗口,食堂,14.49
T0003448,20250027,2026-03-04,08:26:00,二食堂-面食窗口,食堂,17.97
T0003449,20250043,2026-03-09,18:37:00,一食堂-风味窗口,食堂,18.87
T0003450,20230061,2026-03-02,17:29:00,二食堂-面食窗口,食堂,15.41
T0003451,20240066,2026-03-02,18:49:00,二食堂-面食窗口,食堂,10.17
T0003452,20250095,2026-03-10,13:33:00,一食堂-风味窗口,食堂,15.71
T0003453,20230069,2026-03-13,13:03:00,二食堂-面食窗口,食堂,14.36
T0003454,20220052,2026-03-07,15:36:00,水果店,超市,28.69
T0003455,20250071,2026-03-04,11:02:00,二食堂-面食窗口,食堂,16.97
T0003456,20240106,2026-03-12,08:15:00,一食堂-大众窗口,食堂,12.44
T0003457,20220120,2026-03-15,18:13:00,一食堂-大众窗口,食堂,12.9
T0003458,20230101,2026-03-13,08:15:00,二食堂-面食窗口,食堂,14.81
T0003459,20220004,2026-03-05,07:17:00,一食堂-大众窗口,食堂,10.35
T0003460,20230049,2026-03-13,17:05:00,二食堂-大众窗口,食堂,11.08
T0003461,20220080,2026-03-20,08:21:00,一食堂-风味窗口,食堂,19.04
T0003462,20230025,2026-03-15,08:34:00,二食堂-面食窗口,食堂,17.13
T0003463,20220104,2026-03-20,10:38:00,便利店,超市,17.72
T0003464,20230089,2026-03-05,17:17:00,二食堂-面食窗口,食堂,14.14
T0003465,20240082,2026-03-18,07:30:00,二食堂-面食窗口,食堂,16.69
T0003466,20250055,2026-03-04,17:29:00,一食堂-大众窗口,食堂,14.27
T0003467,20240086,2026-03-06,13:26:00,二食堂-大众窗口,食堂,8.61
T0003468,20230001,2026-03-02,11:28:00,一食堂-风味窗口,食堂,18.4
T0003469,20240074,2026-03-11,11:46:00,二食堂-大众窗口,食堂,14.03
T0003470,20240070,2026-03-04,13:30:00,二食堂-面食窗口,食堂,12.15
T0003471,20230069,2026-03-03,18:52:00,一食堂-风味窗口,食堂,15.61
T0003472,20230005,2026-03-06,18:39:00,二食堂-大众窗口,食堂,14.02
T0003473,20230113,2026-03-18,11:13:00,二食堂-大众窗口,食堂,10.52
T0003474,20250027,2026-03-10,18:01:00,二食堂-大众窗口,食堂,10.25
T0003475,20250039,2026-03-02,15:46:00,奶茶店,饮品,9.53
T0003476,20240010,2026-03-11,08:24:00,一食堂-大众窗口,食堂,12.14
T0003477,20240054,2026-03-07,18:32:00,一食堂-风味窗口,食堂,16.89
T0003478,20230093,2026-03-07,17:02:00,二食堂-面食窗口,食堂,11.16
T0003479,20250087,2026-03-03,08:50:00,二食堂-面食窗口,食堂,14.96
T0003480,20230097,2026-03-03,07:15:00,一食堂-大众窗口,食堂,12.87
T0003481,20250043,2026-03-17,07:25:00,二食堂-大众窗口,食堂,14.29
T0003482,20230045,2026-03-02,08:09:00,二食堂-面食窗口,食堂,11.18
T0003483,20230065,2026-03-14,18:58:00,一食堂-风味窗口,食堂,14.96
T0003484,20230017,2026-03-05,13:32:00,一食堂-风味窗口,食堂,17.69
T0003485,20250059,2026-03-14,12:54:00,一食堂-大众窗口,食堂,8.31
T0003486,20240050,2026-03-15,12:58:00,二食堂-大众窗口,食堂,11.44
T0003487,20230101,2026-03-19,12:23:00,二食堂-大众窗口,食堂,14.99
T0003488,20240118,2026-03-10,18:48:00,二食堂-面食窗口,食堂,11.29
T0003489,20230097,2026-03-10,21:08:00,超市A,超市,8.87
T0003490,20240022,2026-03-17,08:35:00,二食堂-面食窗口,食堂,14.61
T0003491,20240118,2026-03-11,12:48:00,一食堂-风味窗口,食堂,21.58
T0003492,20220004,2026-03-13,12:15:00,二食堂-大众窗口,食堂,10.67
T0003493,20220068,2026-03-11,13:29:00,二食堂-面食窗口,食堂,11.91
T0003494,20240118,2026-03-15,18:00:00,二食堂-大众窗口,食堂,10.51
T0003495,20240110,2026-03-21,08:06:00,一食堂-风味窗口,食堂,17.53
T0003496,20230017,2026-03-16,18:19:00,一食堂-大众窗口,食堂,11.44
T0003497,20250003,2026-03-20,07:18:00,二食堂-大众窗口,食堂,14.3
T0003498,20250023,2026-03-12,11:29:00,一食堂-大众窗口,食堂,13.89
T0003499,20250091,2026-03-02,08:14:00,二食堂-大众窗口,食堂,14.36
T0003500,20230001,2026-03-11,08:38:00,一食堂-风味窗口,食堂,14.71
T0003501,20220116,2026-03-13,10:40:00,咖啡店,饮品,13.39
T0003502,20230029,2026-03-11,12:56:00,一食堂-大众窗口,食堂,12.67
T0003503,20250063,2026-03-16,07:29:00,二食堂-大众窗口,食堂,9.24
T0003504,20220032,2026-03-17,21:40:00,水果店,超市,12.91
T0003505,20240070,2026-03-17,18:33:00,一食堂-大众窗口,食堂,10.34
T0003506,20240026,2026-03-13,12:51:00,一食堂-大众窗口,食堂,13.37
T0003507,20230005,2026-03-13,17:18:00,二食堂-面食窗口,食堂,16.65
T0003508,20230109,2026-03-13,15:40:00,超市A,超市,3.18
T0003509,20220064,2026-03-06,08:31:00,二食堂-大众窗口,食堂,12.39
T0003510,20250071,2026-03-06,17:25:00,一食堂-风味窗口,食堂,14.8
T0003511,20220024,2026-03-14,13:19:00,一食堂-大众窗口,食堂,11.65
T0003512,20250119,2026-03-13,17:57:00,二食堂-大众窗口,食堂,10.52
T0003513,20220116,2026-03-16,07:15:00,二食堂-面食窗口,食堂,17.14
T0003514,20240006,2026-03-18,13:54:00,一食堂-大众窗口,食堂,14.93
T0003515,20240070,2026-03-19,08:27:00,一食堂-大众窗口,食堂,14.84
T0003516,20240002,2026-03-06,18:48:00,一食堂-风味窗口,食堂,19.74
T0003517,20230069,2026-03-10,18:52:00,二食堂-大众窗口,食堂,8.66
T0003518,20230065,2026-03-12,13:10:00,一食堂-大众窗口,食堂,14.89
T0003519,20240118,2026-03-05,13:40:00,二食堂-面食窗口,食堂,10.65
T0003520,20250003,2026-03-22,12:25:00,二食堂-大众窗口,食堂,13.51
T0003521,20250075,2026-03-07,12:06:00,二食堂-面食窗口,食堂,10.52
T0003522,20220088,2026-03-03,18:58:00,一食堂-风味窗口,食堂,13.13
T0003523,20230093,2026-03-03,07:08:00,一食堂-大众窗口,食堂,12.87
T0003524,20240018,2026-03-02,11:52:00,一食堂-风味窗口,食堂,14.68
T0003525,20240046,2026-03-20,11:02:00,二食堂-面食窗口,食堂,17.75
T0003526,20230113,2026-03-20,08:27:00,一食堂-大众窗口,食堂,10.22
T0003527,20220084,2026-03-08,15:19:00,咖啡店,饮品,19.86
T0003528,20240006,2026-03-19,18:21:00,二食堂-面食窗口,食堂,17.11
T0003529,20250111,2026-03-14,18:55:00,一食堂-风味窗口,食堂,21.82
T0003530,20240038,2026-03-10,07:07:00,一食堂-大众窗口,食堂,9.77
T0003531,20240038,2026-03-12,12:55:00,一食堂-大众窗口,食堂,14.73
T0003532,20220088,2026-03-07,17:53:00,一食堂-大众窗口,食堂,11.27
T0003533,20220080,2026-03-04,11:27:00,二食堂-大众窗口,食堂,12.5
T0003534,20220104,2026-03-20,07:06:00,一食堂-风味窗口,食堂,13.58
T0003535,20220112,2026-03-08,08:19:00,二食堂-面食窗口,食堂,15.87
T0003536,20230105,2026-03-20,17:47:00,二食堂-面食窗口,食堂,14.76
T0003537,20250003,2026-03-17,21:12:00,奶茶店,饮品,9.19
T0003538,20230049,2026-03-10,12:35:00,二食堂-面食窗口,食堂,16.54
T0003539,20240002,2026-03-16,08:22:00,二食堂-大众窗口,食堂,12.45
T0003540,20250063,2026-03-02,18:25:00,一食堂-大众窗口,食堂,8.01
T0003541,20230041,2026-03-03,18:26:00,一食堂-风味窗口,食堂,15.39
T0003542,20250003,2026-03-11,07:01:00,一食堂-大众窗口,食堂,11.27
T0003543,20230081,2026-03-21,08:28:00,一食堂-大众窗口,食堂,11.01
T0003544,20230017,2026-03-14,11:43:00,二食堂-大众窗口,食堂,12.79
T0003545,20240118,2026-03-20,18:06:00,二食堂-大众窗口,食堂,10.91
T0003546,20220004,2026-03-19,18:13:00,一食堂-大众窗口,食堂,13.7
T0003547,20240062,2026-03-11,12:41:00,一食堂-大众窗口,食堂,11.73
T0003548,20220076,2026-03-12,07:20:00,二食堂-面食窗口,食堂,17.76
T0003549,20220032,2026-03-17,13:01:00,二食堂-大众窗口,食堂,10.15
T0003550,20230085,2026-03-07,18:29:00,二食堂-面食窗口,食堂,15.41
T0003551,20230101,2026-03-09,17:08:00,二食堂-大众窗口,食堂,10.52
T0003552,20230117,2026-03-11,12:03:00,一食堂-大众窗口,食堂,12.93
T0003553,20220012,2026-03-22,08:27:00,二食堂-面食窗口,食堂,11.11
T0003554,20230009,2026-03-22,17:37:00,一食堂-风味窗口,食堂,21.57
T0003555,20220024,2026-03-19,17:45:00,二食堂-面食窗口,食堂,14.94
T0003556,20220120,2026-03-16,12:04:00,二食堂-大众窗口,食堂,10.36
T0003557,20250075,2026-03-14,17:28:00,二食堂-大众窗口,食堂,12.69
T0003558,20240022,2026-03-02,13:39:00,一食堂-大众窗口,食堂,8.78
T0003559,20250111,2026-03-12,12:39:00,二食堂-面食窗口,食堂,12.09
T0003560,20220028,2026-03-12,18:41:00,一食堂-风味窗口,食堂,18.7
T0003561,20240034,2026-03-11,18:45:00,一食堂-大众窗口,食堂,13.95
T0003562,20220052,2026-03-03,11:58:00,一食堂-风味窗口,食堂,16.39
T0003563,20240046,2026-03-21,18:37:00,一食堂-大众窗口,食堂,11.71
T0003564,20250039,2026-03-07,21:31:00,水果店,超市,29.83
T0003565,20230045,2026-03-12,13:32:00,二食堂-大众窗口,食堂,12.29
T0003566,20230025,2026-03-22,12:10:00,二食堂-面食窗口,食堂,12.7
T0003567,20220096,2026-03-19,13:25:00,一食堂-大众窗口,食堂,9.11
T0003568,20220036,2026-03-22,12:52:00,二食堂-大众窗口,食堂,12.68
T0003569,20250031,2026-03-04,08:18:00,二食堂-面食窗口,食堂,17.54
T0003570,20220116,2026-03-22,18:25:00,二食堂-大众窗口,食堂,10.41
T0003571,20230053,2026-03-11,12:24:00,二食堂-大众窗口,食堂,9.27
T0003572,20220108,2026-03-20,08:58:00,二食堂-大众窗口,食堂,9.57
T0003573,20240114,2026-03-09,18:34:00,二食堂-大众窗口,食堂,14.71
T0003574,20220044,2026-03-03,11:20:00,二食堂-大众窗口,食堂,14.45
T0003575,20240014,2026-03-04,18:24:00,二食堂-面食窗口,食堂,10.67
T0003576,20250023,2026-03-07,12:09:00,一食堂-大众窗口,食堂,14.98
T0003577,20230101,2026-03-12,11:18:00,一食堂-大众窗口,食堂,13.49
T0003578,20250103,2026-03-04,17:25:00,二食堂-面食窗口,食堂,12.44
T0003579,20250111,2026-03-10,18:14:00,二食堂-大众窗口,食堂,11.31
T0003580,20220032,2026-03-10,07:12:00,一食堂-风味窗口,食堂,18.61
T0003581,20230093,2026-03-22,11:41:00,二食堂-大众窗口,食堂,9.05
T0003582,20250079,2026-03-02,17:40:00,一食堂-大众窗口,食堂,12.53
T0003583,20240042,2026-03-08,07:11:00,二食堂-大众窗口,食堂,13.16
T0003584,20220072,2026-03-18,10:36:00,超市A,超市,9.19
T0003585,20230045,2026-03-11,17:48:00,一食堂-大众窗口,食堂,9.35
T0003586,20220012,2026-03-16,11:00:00,一食堂-大众窗口,食堂,10.72
T0003587,20230005,2026-03-09,19:48:00,超市A,超市,5.95
T0003588,20230061,2026-03-08,13:27:00,二食堂-大众窗口,食堂,13.44
T0003589,20230085,2026-03-03,18:07:00,一食堂-大众窗口,食堂,8.39
T0003590,20250023,2026-03-06,17:29:00,一食堂-风味窗口,食堂,22.0
T0003591,20250015,2026-03-18,12:04:00,二食堂-大众窗口,食堂,9.48
T0003592,20240046,2026-03-04,11:47:00,二食堂-大众窗口,食堂,9.69
T0003593,20250099,2026-03-11,07:31:00,二食堂-面食窗口,食堂,13.32
T0003594,20220072,2026-03-08,13:23:00,一食堂-风味窗口,食堂,14.45
T0003595,20250111,2026-03-16,07:57:00,二食堂-大众窗口,食堂,9.1
T0003596,20230117,2026-03-16,18:43:00,一食堂-大众窗口,食堂,8.54
T0003597,20220028,2026-03-17,18:40:00,一食堂-大众窗口,食堂,10.03
T0003598,20230013,2026-03-17,13:44:00,一食堂-大众窗口,食堂,14.13
T0003599,20230041,2026-03-20,18:23:00,二食堂-面食窗口,食堂,15.9
T0003600,20230001,2026-03-09,17:17:00,二食堂-大众窗口,食堂,13.62
T0003601,20220032,2026-03-20,18:54:00,二食堂-面食窗口,食堂,14.8
T0003602,20220020,2026-03-22,07:41:00,二食堂-面食窗口,食堂,13.03
T0003603,20240094,2026-03-16,07:14:00,一食堂-风味窗口,食堂,21.38
T0003604,20220088,2026-03-19,18:01:00,二食堂-大众窗口,食堂,12.82
T0003605,20250119,2026-03-06,08:10:00,一食堂-大众窗口,食堂,9.92
T0003606,20230025,2026-03-12,11:07:00,一食堂-大众窗口,食堂,11.81
T0003607,20230053,2026-03-14,18:25:00,二食堂-面食窗口,食堂,15.6
T0003608,20230061,2026-03-11,18:18:00,一食堂-大众窗口,食堂,10.84
T0003609,20250091,2026-03-12,11:12:00,二食堂-面食窗口,食堂,12.14
T0003610,20220056,2026-03-07,12:08:00,二食堂-大众窗口,食堂,13.92
T0003611,20230097,2026-03-20,12:49:00,二食堂-大众窗口,食堂,14.96
T0003612,20220060,2026-03-19,15:33:00,超市A,超市,14.23
T0003613,20220024,2026-03-08,12:29:00,一食堂-大众窗口,食堂,8.68
T0003614,20250051,2026-03-18,08:25:00,二食堂-大众窗口,食堂,11.82
T0003615,20220036,2026-03-21,18:36:00,一食堂-大众窗口,食堂,8.57
T0003616,20250043,2026-03-10,18:06:00,二食堂-大众窗口,食堂,14.41
T0003617,20220116,2026-03-06,17:33:00,一食堂-大众窗口,食堂,9.95
T0003618,20230093,2026-03-18,19:03:00,便利店,超市,16.42
T0003619,20230049,2026-03-18,18:32:00,二食堂-面食窗口,食堂,17.76
T0003620,20220016,2026-03-11,18:44:00,一食堂-大众窗口,食堂,13.32
T0003621,20240050,2026-03-02,08:27:00,一食堂-风味窗口,食堂,14.93
T0003622,20240022,2026-03-17,18:53:00,二食堂-面食窗口,食堂,13.88
T0003623,20240070,2026-03-20,13:19:00,二食堂-面食窗口,食堂,11.88
T0003624,20220024,2026-03-19,07:06:00,二食堂-面食窗口,食堂,10.2
T0003625,20220104,2026-03-04,17:49:00,一食堂-大众窗口,食堂,8.83
T0003626,20240086,2026-03-08,12:39:00,二食堂-大众窗口,食堂,11.15
T0003627,20220076,2026-03-22,07:23:00,二食堂-大众窗口,食堂,9.88
T0003628,20230013,2026-03-13,17:47:00,一食堂-大众窗口,食堂,11.98
T0003629,20230005,2026-03-13,07:24:00,二食堂-面食窗口,食堂,11.95
T0003630,20230089,2026-03-21,07:35:00,二食堂-面食窗口,食堂,12.18
T0003631,20220032,2026-03-14,18:28:00,一食堂-大众窗口,食堂,11.75
T0003632,20240018,2026-03-07,17:56:00,二食堂-大众窗口,食堂,8.1
T0003633,20240110,2026-03-18,18:25:00,二食堂-大众窗口,食堂,13.07
T0003634,20230029,2026-03-15,10:20:00,便利店,超市,3.92
T0003635,20250115,2026-03-14,12:01:00,二食堂-大众窗口,食堂,10.08
T0003636,20240106,2026-03-22,17:49:00,二食堂-大众窗口,食堂,14.96
T0003637,20250039,2026-03-18,19:52:00,奶茶店,饮品,11.64
T0003638,20230049,2026-03-02,17:47:00,二食堂-大众窗口,食堂,10.83
T0003639,20240026,2026-03-14,11:44:00,一食堂-风味窗口,食堂,15.34
T0003640,20240118,2026-03-02,12:36:00,二食堂-大众窗口,食堂,12.05
T0003641,20250099,2026-03-19,18:00:00,一食堂-风味窗口,食堂,13.58
T0003642,20250043,2026-03-04,08:08:00,二食堂-大众窗口,食堂,10.2
T0003643,20220064,2026-03-13,07:24:00,一食堂-大众窗口,食堂,8.23
T0003644,20250079,2026-03-17,18:21:00,二食堂-大众窗口,食堂,12.01
T0003645,20230053,2026-03-15,07:31:00,一食堂-风味窗口,食堂,13.54
T0003646,20240058,2026-03-17,12:12:00,一食堂-大众窗口,食堂,9.78
T0003647,20230021,2026-03-19,12:51:00,一食堂-风味窗口,食堂,14.11
T0003648,20240018,2026-03-11,11:29:00,一食堂-大众窗口,食堂,14.15
T0003649,20220092,2026-03-10,07:06:00,二食堂-大众窗口,食堂,13.02
T0003650,20230033,2026-03-17,12:36:00,二食堂-大众窗口,食堂,10.05
T0003651,20230005,2026-03-18,19:46:00,咖啡店,饮品,11.87
T0003652,20240042,2026-03-19,17:38:00,二食堂-面食窗口,食堂,17.97
T0003653,20240058,2026-03-17,08:00:00,一食堂-大众窗口,食堂,10.94
T0003654,20240082,2026-03-12,07:42:00,二食堂-面食窗口,食堂,10.38
T0003655,20250067,2026-03-15,17:56:00,二食堂-大众窗口,食堂,10.31
T0003656,20240094,2026-03-05,12:33:00,一食堂-风味窗口,食堂,17.39
T0003657,20240102,2026-03-06,07:45:00,一食堂-大众窗口,食堂,13.93
T0003658,20240078,2026-03-22,12:08:00,一食堂-风味窗口,食堂,18.86
T0003659,20240066,2026-03-06,07:45:00,二食堂-大众窗口,食堂,9.28
T0003660,20250043,2026-03-05,07:24:00,二食堂-面食窗口,食堂,12.91
T0003661,20220112,2026-03-22,18:45:00,二食堂-大众窗口,食堂,11.16
T0003662,20240046,2026-03-16,08:20:00,一食堂-风味窗口,食堂,19.61
T0003663,20240086,2026-03-06,07:55:00,一食堂-大众窗口,食堂,9.85
T0003664,20220092,2026-03-05,12:02:00,二食堂-大众窗口,食堂,9.43
T0003665,20220092,2026-03-14,17:10:00,一食堂-大众窗口,食堂,11.19
T0003666,20220024,2026-03-04,12:37:00,二食堂-大众窗口,食堂,12.71
T0003667,20220004,2026-03-10,08:28:00,二食堂-大众窗口,食堂,13.29
T0003668,20240030,2026-03-22,12:37:00,一食堂-风味窗口,食堂,15.31
T0003669,20250059,2026-03-12,18:52:00,一食堂-风味窗口,食堂,18.41
T0003670,20230073,2026-03-20,11:01:00,一食堂-风味窗口,食堂,17.33
T0003671,20220100,2026-03-07,12:27:00,一食堂-风味窗口,食堂,14.99
T0003672,20230029,2026-03-03,11:23:00,二食堂-大众窗口,食堂,12.38
T0003673,20240042,2026-03-21,11:54:00,一食堂-风味窗口,食堂,12.32
T0003674,20250047,2026-03-12,17:31:00,一食堂-风味窗口,食堂,12.52
T0003675,20220048,2026-03-07,12:24:00,一食堂-风味窗口,食堂,16.43
T0003676,20220020,2026-03-21,11:58:00,二食堂-大众窗口,食堂,10.04
T0003677,20220024,2026-03-11,12:37:00,一食堂-大众窗口,食堂,9.52
T0003678,20250095,2026-03-21,11:14:00,一食堂-风味窗口,食堂,17.49
T0003679,20230081,2026-03-12,18:20:00,一食堂-大众窗口,食堂,11.93
T0003680,20250103,2026-03-13,12:29:00,二食堂-面食窗口,食堂,17.76
T0003681,20240010,2026-03-06,12:40:00,二食堂-面食窗口,食堂,13.13
T0003682,20240034,2026-03-19,17:37:00,二食堂-大众窗口,食堂,12.6
T0003683,20240042,2026-03-10,13:13:00,一食堂-风味窗口,食堂,13.88
T0003684,20250007,2026-03-22,12:28:00,二食堂-面食窗口,食堂,16.1
T0003685,20230037,2026-03-13,15:59:00,咖啡店,饮品,18.91
T0003686,20220120,2026-03-15,13:21:00,二食堂-面食窗口,食堂,11.04
T0003687,20240110,2026-03-12,12:41:00,一食堂-大众窗口,食堂,10.06
T0003688,20240078,2026-03-22,15:40:00,咖啡店,饮品,11.18
T0003689,20250103,2026-03-12,08:43:00,二食堂-大众窗口,食堂,11.78
T0003690,20240046,2026-03-12,13:21:00,一食堂-大众窗口,食堂,13.44
T0003691,20240098,2026-03-11,11:37:00,二食堂-大众窗口,食堂,10.63
T0003692,20230021,2026-03-11,17:37:00,一食堂-风味窗口,食堂,16.34
T0003693,20240066,2026-03-09,08:33:00,一食堂-大众窗口,食堂,10.91
T0003694,20250067,2026-03-14,12:58:00,一食堂-大众窗口,食堂,8.92
T0003695,20230025,2026-03-16,11:28:00,一食堂-大众窗口,食堂,8.75
T0003696,20220080,2026-03-05,17:49:00,二食堂-面食窗口,食堂,11.2
T0003697,20220056,2026-03-10,07:58:00,二食堂-面食窗口,食堂,10.44
T0003698,20240106,2026-03-13,18:16:00,一食堂-风味窗口,食堂,18.73
T0003699,20240062,2026-03-12,08:03:00,一食堂-大众窗口,食堂,9.66
T0003700,20230009,2026-03-20,12:48:00,一食堂-风味窗口,食堂,20.15
T0003701,20230065,2026-03-18,12:29:00,二食堂-大众窗口,食堂,12.71
T0003702,20250055,2026-03-18,12:50:00,一食堂-风味窗口,食堂,19.91
T0003703,20240034,2026-03-07,17:02:00,二食堂-面食窗口,食堂,16.39
T0003704,20230021,2026-03-18,12:10:00,一食堂-风味窗口,食堂,16.88
T0003705,20240082,2026-03-12,12:55:00,二食堂-大众窗口,食堂,8.16
T0003706,20240062,2026-03-13,12:51:00,二食堂-大众窗口,食堂,9.65
T0003707,20250119,2026-03-16,08:58:00,二食堂-面食窗口,食堂,16.88
T0003708,20240054,2026-03-22,12:15:00,一食堂-风味窗口,食堂,17.81
T0003709,20250095,2026-03-02,18:24:00,二食堂-大众窗口,食堂,13.26
T0003710,20240102,2026-03-14,19:09:00,便利店,超市,17.38
T0003711,20240026,2026-03-05,13:55:00,一食堂-大众窗口,食堂,9.17
T0003712,20230057,2026-03-18,18:14:00,二食堂-大众窗口,食堂,8.58
T0003713,20220092,2026-03-19,18:31:00,二食堂-面食窗口,食堂,11.68
T0003714,20220040,2026-03-05,19:26:00,咖啡店,饮品,16.42
T0003715,20230073,2026-03-12,12:26:00,二食堂-大众窗口,食堂,9.16
T0003716,20240090,2026-03-06,18:35:00,一食堂-大众窗口,食堂,14.37
T0003717,20250119,2026-03-07,18:57:00,一食堂-风味窗口,食堂,12.87
T0003718,20240050,2026-03-18,12:13:00,二食堂-大众窗口,食堂,14.93
T0003719,20220072,2026-03-13,12:32:00,一食堂-大众窗口,食堂,11.93
T0003720,20240022,2026-03-18,15:07:00,超市A,超市,14.76
T0003721,20220052,2026-03-09,08:42:00,一食堂-风味窗口,食堂,19.14
T0003722,20230097,2026-03-09,18:05:00,二食堂-面食窗口,食堂,15.32
T0003723,20230081,2026-03-10,17:59:00,二食堂-大众窗口,食堂,11.96
T0003724,20230057,2026-03-16,18:31:00,二食堂-面食窗口,食堂,13.37
T0003725,20250023,2026-03-18,18:39:00,二食堂-面食窗口,食堂,14.39
T0003726,20240054,2026-03-05,18:48:00,二食堂-大众窗口,食堂,14.62
T0003727,20240054,2026-03-04,08:20:00,一食堂-风味窗口,食堂,13.52
T0003728,20220052,2026-03-08,13:07:00,二食堂-大众窗口,食堂,14.33
T0003729,20230077,2026-03-10,08:03:00,一食堂-风味窗口,食堂,15.41
T0003730,20250019,2026-03-06,07:02:00,二食堂-大众窗口,食堂,8.97
T0003731,20230013,2026-03-18,19:17:00,咖啡店,饮品,10.04
T0003732,20230065,2026-03-10,18:27:00,一食堂-风味窗口,食堂,15.47
T0003733,20240058,2026-03-22,12:36:00,二食堂-面食窗口,食堂,11.19
T0003734,20230097,2026-03-07,18:02:00,一食堂-风味窗口,食堂,15.87
T0003735,20230017,2026-03-02,17:50:00,二食堂-面食窗口,食堂,17.37
T0003736,20220048,2026-03-22,18:07:00,一食堂-大众窗口,食堂,10.68
T0003737,20230081,2026-03-12,07:05:00,一食堂-风味窗口,食堂,19.49
T0003738,20220092,2026-03-13,07:07:00,二食堂-面食窗口,食堂,15.16
T0003739,20250103,2026-03-15,18:07:00,一食堂-风味窗口,食堂,20.91
T0003740,20250043,2026-03-06,08:50:00,二食堂-面食窗口,食堂,10.31
T0003741,20240078,2026-03-08,08:50:00,一食堂-大众窗口,食堂,13.97
T0003742,20230113,2026-03-05,18:44:00,一食堂-大众窗口,食堂,14.14
T0003743,20230049,2026-03-04,13:14:00,二食堂-大众窗口,食堂,14.35
T0003744,20230089,2026-03-07,18:20:00,一食堂-大众窗口,食堂,13.19
T0003745,20230085,2026-03-17,07:33:00,一食堂-风味窗口,食堂,15.37
T0003746,20220080,2026-03-19,18:30:00,一食堂-风味窗口,食堂,17.71
T0003747,20240046,2026-03-21,08:45:00,一食堂-风味窗口,食堂,13.0
T0003748,20230065,2026-03-11,11:18:00,二食堂-大众窗口,食堂,12.13
T0003749,20230069,2026-03-22,18:20:00,二食堂-面食窗口,食堂,17.58
T0003750,20250027,2026-03-15,11:35:00,二食堂-大众窗口,食堂,14.12
T0003751,20240078,2026-03-18,17:20:00,二食堂-面食窗口,食堂,11.68
T0003752,20220016,2026-03-10,17:48:00,一食堂-大众窗口,食堂,11.91
T0003753,20240094,2026-03-17,18:49:00,一食堂-大众窗口,食堂,14.52
T0003754,20220096,2026-03-06,17:51:00,二食堂-大众窗口,食堂,10.67
T0003755,20230097,2026-03-22,10:15:00,便利店,超市,7.79
T0003756,20240006,2026-03-13,08:10:00,二食堂-大众窗口,食堂,12.26
T0003757,20250087,2026-03-15,08:59:00,二食堂-面食窗口,食堂,13.44
T0003758,20250115,2026-03-19,13:10:00,一食堂-大众窗口,食堂,10.49
T0003759,20250063,2026-03-17,17:07:00,二食堂-大众窗口,食堂,13.41
T0003760,20220056,2026-03-13,08:01:00,二食堂-大众窗口,食堂,11.64
T0003761,20250071,2026-03-04,07:08:00,二食堂-面食窗口,食堂,15.12
T0003762,20240114,2026-03-04,11:15:00,一食堂-大众窗口,食堂,10.99
T0003763,20250051,2026-03-20,17:57:00,二食堂-面食窗口,食堂,12.08
T0003764,20240094,2026-03-06,11:49:00,二食堂-大众窗口,食堂,8.89
T0003765,20240110,2026-03-02,13:06:00,二食堂-大众窗口,食堂,12.8
T0003766,20250079,2026-03-10,08:29:00,二食堂-面食窗口,食堂,11.11
T0003767,20230017,2026-03-20,12:34:00,一食堂-大众窗口,食堂,13.41
T0003768,20230105,2026-03-14,08:07:00,一食堂-大众窗口,食堂,10.66
T0003769,20220004,2026-03-11,18:40:00,一食堂-风味窗口,食堂,15.05
T0003770,20220060,2026-03-10,07:49:00,一食堂-大众窗口,食堂,13.59
T0003771,20230029,2026-03-06,12:11:00,二食堂-面食窗口,食堂,17.2
T0003772,20250027,2026-03-08,12:55:00,一食堂-风味窗口,食堂,17.79
T0003773,20240018,2026-03-02,17:21:00,一食堂-风味窗口,食堂,12.77
T0003774,20250083,2026-03-12,12:08:00,一食堂-大众窗口,食堂,9.23
T0003775,20250051,2026-03-20,08:16:00,二食堂-大众窗口,食堂,12.59
T0003776,20230005,2026-03-02,18:33:00,一食堂-大众窗口,食堂,12.34
T0003777,20230101,2026-03-03,15:53:00,水果店,超市,10.43
T0003778,20230049,2026-03-02,08:33:00,二食堂-大众窗口,食堂,9.14
T0003779,20250107,2026-03-07,18:19:00,一食堂-风味窗口,食堂,19.0
T0003780,20250099,2026-03-03,17:28:00,一食堂-大众窗口,食堂,9.68
T0003781,20240102,2026-03-21,12:35:00,一食堂-大众窗口,食堂,11.26
T0003782,20250051,2026-03-07,07:48:00,一食堂-风味窗口,食堂,15.14
T0003783,20240042,2026-03-02,08:51:00,二食堂-面食窗口,食堂,12.8
T0003784,20250099,2026-03-02,18:51:00,二食堂-大众窗口,食堂,8.82
T0003785,20240074,2026-03-17,13:08:00,一食堂-大众窗口,食堂,11.53
T0003786,20220076,2026-03-16,08:46:00,一食堂-风味窗口,食堂,12.97
T0003787,20220004,2026-03-03,17:04:00,二食堂-大众窗口,食堂,10.54
T0003788,20240106,2026-03-02,08:45:00,二食堂-大众窗口,食堂,10.2
T0003789,20230065,2026-03-16,17:06:00,二食堂-大众窗口,食堂,9.24
T0003790,20250075,2026-03-07,18:13:00,一食堂-风味窗口,食堂,19.9
T0003791,20250047,2026-03-05,13:47:00,一食堂-大众窗口,食堂,11.56
T0003792,20250083,2026-03-16,07:54:00,一食堂-风味窗口,食堂,13.16
T0003793,20240002,2026-03-04,08:28:00,一食堂-大众窗口,食堂,11.12
T0003794,20230013,2026-03-10,18:40:00,一食堂-风味窗口,食堂,20.94
T0003795,20230049,2026-03-12,17:07:00,一食堂-风味窗口,食堂,15.68
T0003796,20240046,2026-03-13,11:14:00,一食堂-风味窗口,食堂,12.28
T0003797,20220100,2026-03-16,11:03:00,一食堂-大众窗口,食堂,8.45
T0003798,20230073,2026-03-15,17:04:00,一食堂-大众窗口,食堂,13.89
T0003799,20220108,2026-03-07,18:35:00,一食堂-风味窗口,食堂,15.85
T0003800,20230065,2026-03-18,18:12:00,二食堂-大众窗口,食堂,8.74
T0003801,20240086,2026-03-12,08:42:00,二食堂-大众窗口,食堂,14.69
T0003802,20250115,2026-03-21,12:06:00,一食堂-大众窗口,食堂,14.47
T0003803,20220040,2026-03-18,17:24:00,二食堂-大众窗口,食堂,13.29
T0003804,20230037,2026-03-18,08:27:00,一食堂-大众窗口,食堂,13.14
T0003805,20220032,2026-03-21,07:19:00,二食堂-大众窗口,食堂,9.94
T0003806,20240118,2026-03-14,19:12:00,咖啡店,饮品,17.68
T0003807,20220020,2026-03-15,10:35:00,咖啡店,饮品,11.99
T0003808,20250043,2026-03-12,12:22:00,二食堂-大众窗口,食堂,8.17
T0003809,20230101,2026-03-18,18:07:00,一食堂-大众窗口,食堂,12.73
T0003810,20240026,2026-03-18,08:44:00,一食堂-大众窗口,食堂,13.29
T0003811,20220012,2026-03-03,17:04:00,二食堂-大众窗口,食堂,11.51
T0003812,20230037,2026-03-06,07:56:00,一食堂-大众窗口,食堂,8.74
T0003813,20230041,2026-03-04,19:53:00,水果店,超市,18.79
T0003814,20220092,2026-03-22,12:00:00,二食堂-面食窗口,食堂,10.5
T0003815,20240082,2026-03-08,17:35:00,二食堂-大众窗口,食堂,12.45
T0003816,20220028,2026-03-21,07:59:00,一食堂-风味窗口,食堂,18.27
T0003817,20220084,2026-03-18,12:24:00,一食堂-风味窗口,食堂,21.22
T0003818,20250055,2026-03-09,08:03:00,一食堂-大众窗口,食堂,9.51
T0003819,20230049,2026-03-03,17:32:00,一食堂-大众窗口,食堂,14.06
T0003820,20240102,2026-03-05,07:19:00,一食堂-大众窗口,食堂,13.86
T0003821,20220072,2026-03-21,18:39:00,二食堂-面食窗口,食堂,14.59
T0003822,20220060,2026-03-20,08:59:00,一食堂-风味窗口,食堂,16.1
T0003823,20240006,2026-03-13,17:21:00,二食堂-面食窗口,食堂,16.26
T0003824,20220108,2026-03-03,07:43:00,一食堂-风味窗口,食堂,15.17
T0003825,20240082,2026-03-18,12:12:00,二食堂-大众窗口,食堂,11.35
T0003826,20240010,2026-03-21,18:43:00,一食堂-大众窗口,食堂,8.51
T0003827,20230005,2026-03-21,11:33:00,一食堂-大众窗口,食堂,10.46
T0003828,20250003,2026-03-04,08:48:00,一食堂-大众窗口,食堂,12.18
T0003829,20240026,2026-03-04,18:29:00,一食堂-风味窗口,食堂,21.94
T0003830,20240002,2026-03-20,17:54:00,二食堂-大众窗口,食堂,8.5
T0003831,20230041,2026-03-20,12:59:00,一食堂-大众窗口,食堂,9.36
T0003832,20250035,2026-03-03,17:30:00,一食堂-大众窗口,食堂,14.33
T0003833,20240058,2026-03-06,15:06:00,便利店,超市,7.86
T0003834,20230045,2026-03-11,12:02:00,二食堂-面食窗口,食堂,10.87
T0003835,20220012,2026-03-04,07:29:00,一食堂-风味窗口,食堂,15.15
T0003836,20220108,2026-03-04,17:15:00,二食堂-大众窗口,食堂,14.68
T0003837,20240026,2026-03-22,18:44:00,二食堂-大众窗口,食堂,12.5
T0003838,20230037,2026-03-07,13:14:00,二食堂-大众窗口,食堂,9.46
T0003839,20250059,2026-03-22,11:59:00,二食堂-面食窗口,食堂,15.52
T0003840,20250047,2026-03-08,13:30:00,二食堂-面食窗口,食堂,17.43
T0003841,20240082,2026-03-13,18:13:00,二食堂-大众窗口,食堂,9.09
T0003842,20240106,2026-03-11,12:20:00,一食堂-大众窗口,食堂,11.04
T0003843,20250107,2026-03-16,11:44:00,一食堂-大众窗口,食堂,13.76
T0003844,20250107,2026-03-16,17:55:00,一食堂-大众窗口,食堂,14.63
T0003845,20230061,2026-03-14,17:30:00,二食堂-面食窗口,食堂,13.57
T0003846,20250055,2026-03-22,17:24:00,二食堂-面食窗口,食堂,16.07
T0003847,20220100,2026-03-03,11:27:00,一食堂-风味窗口,食堂,12.25
T0003848,20250087,2026-03-06,12:02:00,二食堂-大众窗口,食堂,9.84
T0003849,20250047,2026-03-11,12:57:00,一食堂-大众窗口,食堂,10.69
T0003850,20230061,2026-03-10,17:20:00,一食堂-大众窗口,食堂,9.98
T0003851,20250075,2026-03-15,17:41:00,一食堂-风味窗口,食堂,12.37
T0003852,20220116,2026-03-11,11:26:00,一食堂-大众窗口,食堂,14.52
T0003853,20240006,2026-03-15,21:02:00,水果店,超市,14.17
T0003854,20220076,2026-03-06,18:01:00,一食堂-大众窗口,食堂,10.02
T0003855,20240086,2026-03-09,21:37:00,便利店,超市,18.78
T0003856,20240002,2026-03-07,19:28:00,咖啡店,饮品,22.9
T0003857,20220056,2026-03-18,18:24:00,二食堂-面食窗口,食堂,17.67
T0003858,20220108,2026-03-13,18:42:00,二食堂-面食窗口,食堂,12.32
T0003859,20240030,2026-03-11,13:02:00,一食堂-大众窗口,食堂,8.74
T0003860,20240074,2026-03-13,08:48:00,一食堂-大众窗口,食堂,10.99
T0003861,20220060,2026-03-13,17:00:00,一食堂-大众窗口,食堂,12.57
T0003862,20250083,2026-03-15,18:05:00,二食堂-大众窗口,食堂,14.89
T0003863,20240078,2026-03-03,18:36:00,一食堂-风味窗口,食堂,17.35
T0003864,20250067,2026-03-10,12:11:00,二食堂-面食窗口,食堂,15.08
T0003865,20250003,2026-03-18,18:48:00,二食堂-面食窗口,食堂,16.7
T0003866,20220004,2026-03-15,15:58:00,奶茶店,饮品,11.08
T0003867,20230097,2026-03-08,18:29:00,一食堂-风味窗口,食堂,15.79
T0003868,20220080,2026-03-13,08:07:00,二食堂-大众窗口,食堂,14.88
T0003869,20230013,2026-03-04,13:59:00,一食堂-风味窗口,食堂,14.38
T0003870,20230001,2026-03-20,19:05:00,水果店,超市,21.76
T0003871,20230053,2026-03-08,12:11:00,一食堂-风味窗口,食堂,17.77
T0003872,20250099,2026-03-15,12:45:00,一食堂-大众窗口,食堂,13.83
T0003873,20220048,2026-03-17,08:56:00,二食堂-大众窗口,食堂,8.07
T0003874,20220100,2026-03-17,11:28:00,二食堂-大众窗口,食堂,11.95
T0003875,20220048,2026-03-20,07:36:00,一食堂-风味窗口,食堂,15.77
T0003876,20250079,2026-03-19,07:35:00,一食堂-风味窗口,食堂,18.7
T0003877,20230069,2026-03-02,13:57:00,二食堂-大众窗口,食堂,10.15
T0003878,20250063,2026-03-21,18:36:00,二食堂-大众窗口,食堂,11.96
T0003879,20220080,2026-03-19,12:57:00,一食堂-大众窗口,食堂,9.89
T0003880,20220104,2026-03-14,18:27:00,二食堂-面食窗口,食堂,16.82
T0003881,20220004,2026-03-17,11:57:00,一食堂-风味窗口,食堂,21.67
T0003882,20250103,2026-03-13,18:58:00,二食堂-面食窗口,食堂,10.71
T0003883,20220012,2026-03-15,11:39:00,二食堂-面食窗口,食堂,10.52
T0003884,20220092,2026-03-15,17:59:00,二食堂-面食窗口,食堂,14.79
T0003885,20240098,2026-03-12,15:01:00,超市A,超市,10.82
T0003886,20250015,2026-03-04,07:00:00,二食堂-大众窗口,食堂,13.05
T0003887,20220076,2026-03-11,18:24:00,二食堂-大众窗口,食堂,13.65
T0003888,20230045,2026-03-03,11:09:00,二食堂-大众窗口,食堂,11.98
T0003889,20240118,2026-03-17,11:05:00,二食堂-面食窗口,食堂,13.47
T0003890,20240090,2026-03-05,12:12:00,一食堂-大众窗口,食堂,12.47
T0003891,20250043,2026-03-12,18:39:00,二食堂-大众窗口,食堂,9.87
T0003892,20230045,2026-03-03,08:19:00,二食堂-面食窗口,食堂,12.06
T0003893,20240026,2026-03-10,18:59:00,一食堂-风味窗口,食堂,15.18
T0003894,20240102,2026-03-08,12:34:00,二食堂-大众窗口,食堂,11.29
T0003895,20220036,2026-03-20,18:24:00,二食堂-面食窗口,食堂,14.8
T0003896,20230041,2026-03-02,08:22:00,二食堂-大众窗口,食堂,13.52
T0003897,20220088,2026-03-18,18:59:00,一食堂-大众窗口,食堂,8.29
T0003898,20220120,2026-03-11,11:08:00,一食堂-风味窗口,食堂,18.53
T0003899,20240010,2026-03-12,18:53:00,一食堂-大众窗口,食堂,9.53
T0003900,20220108,2026-03-16,11:09:00,二食堂-大众窗口,食堂,8.6
T0003901,20250063,2026-03-05,08:33:00,二食堂-面食窗口,食堂,12.23
T0003902,20250079,2026-03-20,18:49:00,一食堂-风味窗口,食堂,13.41
T0003903,20250039,2026-03-02,07:43:00,一食堂-大众窗口,食堂,9.98
T0003904,20230085,2026-03-19,07:30:00,一食堂-大众窗口,食堂,8.0
T0003905,20230113,2026-03-22,12:35:00,一食堂-风味窗口,食堂,16.62
T0003906,20230073,2026-03-13,18:54:00,一食堂-风味窗口,食堂,16.92
T0003907,20240054,2026-03-19,18:30:00,二食堂-面食窗口,食堂,10.45
T0003908,20230061,2026-03-03,07:11:00,一食堂-大众窗口,食堂,8.56
T0003909,20220076,2026-03-08,18:01:00,二食堂-大众窗口,食堂,11.64
T0003910,20240018,2026-03-05,08:30:00,二食堂-面食窗口,食堂,17.02
T0003911,20240118,2026-03-19,17:09:00,一食堂-风味窗口,食堂,16.21
T0003912,20250083,2026-03-14,10:13:00,便利店,超市,5.97
T0003913,20220084,2026-03-11,08:06:00,二食堂-面食窗口,食堂,13.6
T0003914,20250099,2026-03-04,12:10:00,二食堂-大众窗口,食堂,12.54
T0003915,20250035,2026-03-05,08:41:00,二食堂-面食窗口,食堂,16.32
T0003916,20240082,2026-03-18,18:53:00,一食堂-风味窗口,食堂,21.17
T0003917,20230097,2026-03-21,18:22:00,一食堂-大众窗口,食堂,8.9
T0003918,20240082,2026-03-20,18:49:00,二食堂-面食窗口,食堂,14.66
T0003919,20250055,2026-03-11,12:50:00,一食堂-大众窗口,食堂,13.6
T0003920,20220028,2026-03-07,18:30:00,二食堂-面食窗口,食堂,14.57
T0003921,20220036,2026-03-16,12:16:00,一食堂-大众窗口,食堂,8.45
T0003922,20230077,2026-03-16,18:40:00,一食堂-大众窗口,食堂,12.5
T0003923,20250071,2026-03-17,17:55:00,二食堂-大众窗口,食堂,14.75
T0003924,20240042,2026-03-13,07:58:00,一食堂-大众窗口,食堂,13.74
T0003925,20220056,2026-03-22,17:24:00,二食堂-面食窗口,食堂,13.92
T0003926,20250099,2026-03-21,12:35:00,一食堂-风味窗口,食堂,14.0
T0003927,20250071,2026-03-13,18:48:00,一食堂-风味窗口,食堂,17.61
T0003928,20240058,2026-03-07,11:37:00,二食堂-大众窗口,食堂,11.45
T0003929,20230005,2026-03-03,15:39:00,奶茶店,饮品,12.24
T0003930,20220040,2026-03-08,12:05:00,二食堂-面食窗口,食堂,11.92
T0003931,20250115,2026-03-05,08:08:00,二食堂-面食窗口,食堂,13.11
T0003932,20240102,2026-03-13,17:16:00,二食堂-面食窗口,食堂,17.43
T0003933,20230105,2026-03-02,07:14:00,一食堂-大众窗口,食堂,13.24
T0003934,20230089,2026-03-22,17:42:00,二食堂-面食窗口,食堂,12.58
T0003935,20240078,2026-03-17,13:40:00,一食堂-风味窗口,食堂,12.78
T0003936,20240034,2026-03-20,13:57:00,二食堂-面食窗口,食堂,14.74
T0003937,20250011,2026-03-06,07:14:00,一食堂-风味窗口,食堂,20.36
T0003938,20240014,2026-03-22,18:34:00,一食堂-风味窗口,食堂,13.93
T0003939,20220104,2026-03-06,11:41:00,二食堂-面食窗口,食堂,13.11
T0003940,20220060,2026-03-04,12:07:00,二食堂-面食窗口,食堂,11.46
T0003941,20240046,2026-03-10,08:40:00,二食堂-面食窗口,食堂,10.51
T0003942,20220044,2026-03-08,11:03:00,二食堂-面食窗口,食堂,17.85
T0003943,20250103,2026-03-16,18:34:00,二食堂-面食窗口,食堂,13.0
T0003944,20230085,2026-03-19,11:29:00,一食堂-大众窗口,食堂,8.23
T0003945,20250103,2026-03-06,12:40:00,一食堂-大众窗口,食堂,11.15
T0003946,20240058,2026-03-19,13:44:00,一食堂-风味窗口,食堂,20.38
T0003947,20220052,2026-03-15,11:54:00,二食堂-大众窗口,食堂,10.12
T0003948,20240106,2026-03-17,21:48:00,超市A,超市,13.68
T0003949,20220084,2026-03-14,13:18:00,二食堂-面食窗口,食堂,10.22
T0003950,20220016,2026-03-15,12:58:00,一食堂-大众窗口,食堂,9.28
T0003951,20230041,2026-03-18,07:20:00,二食堂-面食窗口,食堂,14.07
T0003952,20220096,2026-03-11,18:20:00,二食堂-面食窗口,食堂,16.52
T0003953,20230089,2026-03-12,07:31:00,一食堂-大众窗口,食堂,10.85
T0003954,20220024,2026-03-10,17:27:00,一食堂-大众窗口,食堂,14.62
T0003955,20220112,2026-03-15,13:07:00,一食堂-大众窗口,食堂,12.71
T0003956,20250067,2026-03-16,13:27:00,一食堂-大众窗口,食堂,14.91
T0003957,20240102,2026-03-12,08:49:00,二食堂-大众窗口,食堂,12.46
T0003958,20250019,2026-03-03,07:22:00,一食堂-风味窗口,食堂,19.91
T0003959,20220024,2026-03-04,08:05:00,二食堂-面食窗口,食堂,15.79
T0003960,20250055,2026-03-10,18:07:00,二食堂-大众窗口,食堂,9.85
T0003961,20230013,2026-03-09,18:42:00,一食堂-风味窗口,食堂,21.1
T0003962,20230005,2026-03-03,07:47:00,二食堂-面食窗口,食堂,12.05
T0003963,20220044,2026-03-03,18:40:00,一食堂-大众窗口,食堂,10.19
T0003964,20240002,2026-03-18,08:57:00,一食堂-大众窗口,食堂,14.69
T0003965,20240090,2026-03-15,17:26:00,二食堂-面食窗口,食堂,16.15
T0003966,20220064,2026-03-15,11:27:00,二食堂-大众窗口,食堂,14.53
T0003967,20220072,2026-03-06,07:37:00,一食堂-大众窗口,食堂,13.84
T0003968,20230033,2026-03-20,13:43:00,一食堂-风味窗口,食堂,13.57
T0003969,20220028,2026-03-11,12:13:00,一食堂-风味窗口,食堂,17.98
T0003970,20230101,2026-03-08,18:10:00,二食堂-大众窗口,食堂,11.03
T0003971,20240038,2026-03-03,07:16:00,二食堂-面食窗口,食堂,16.19
T0003972,20240118,2026-03-08,12:44:00,一食堂-大众窗口,食堂,12.53
T0003973,20240006,2026-03-20,12:49:00,二食堂-面食窗口,食堂,17.13
T0003974,20230001,2026-03-17,07:44:00,一食堂-风味窗口,食堂,15.2
T0003975,20240106,2026-03-14,10:10:00,超市A,超市,4.8
T0003976,20250115,2026-03-12,07:36:00,一食堂-风味窗口,食堂,21.55
T0003977,20220068,2026-03-20,12:49:00,一食堂-大众窗口,食堂,11.94
T0003978,20240094,2026-03-20,07:27:00,二食堂-大众窗口,食堂,13.86
T0003979,20250055,2026-03-04,13:47:00,二食堂-面食窗口,食堂,14.13
T0003980,20240046,2026-03-10,17:33:00,一食堂-大众窗口,食堂,11.46
T0003981,20250079,2026-03-21,07:34:00,一食堂-风味窗口,食堂,21.66
T0003982,20230029,2026-03-09,18:44:00,二食堂-大众窗口,食堂,12.79
T0003983,20220108,2026-03-14,17:04:00,二食堂-面食窗口,食堂,11.78
T0003984,20240042,2026-03-12,12:13:00,一食堂-大众窗口,食堂,9.45
T0003985,20220036,2026-03-05,12:54:00,二食堂-大众窗口,食堂,12.86
T0003986,20240030,2026-03-04,17:30:00,一食堂-风味窗口,食堂,21.61
T0003987,20220120,2026-03-11,08:35:00,二食堂-面食窗口,食堂,15.9
T0003988,20230021,2026-03-08,12:07:00,二食堂-大众窗口,食堂,14.13
T0003989,20250019,2026-03-16,08:39:00,二食堂-面食窗口,食堂,14.22
T0003990,20220096,2026-03-12,13:46:00,一食堂-大众窗口,食堂,9.75
T0003991,20240098,2026-03-19,07:45:00,二食堂-面食窗口,食堂,12.43
T0003992,20220096,2026-03-18,19:26:00,奶茶店,饮品,14.52
T0003993,20220052,2026-03-13,11:56:00,二食堂-面食窗口,食堂,12.44
T0003994,20220064,2026-03-05,17:56:00,二食堂-面食窗口,食堂,15.96
T0003995,20240066,2026-03-09,13:18:00,一食堂-风味窗口,食堂,18.91
T0003996,20250059,2026-03-11,07:01:00,一食堂-大众窗口,食堂,12.85
T0003997,20220008,2026-03-09,19:35:00,水果店,超市,24.39
T0003998,20250039,2026-03-19,18:04:00,二食堂-大众窗口,食堂,11.4
T0003999,20250099,2026-03-22,12:35:00,二食堂-大众窗口,食堂,11.33
T0004000,20230101,2026-03-06,07:29:00,二食堂-大众窗口,食堂,10.03
T0004001,20230021,2026-03-11,15:33:00,超市A,超市,4.06
T0004002,20230001,2026-03-15,13:41:00,二食堂-大众窗口,食堂,11.47
T0004003,20230029,2026-03-12,12:56:00,二食堂-面食窗口,食堂,13.84
T0004004,20250111,2026-03-22,17:12:00,二食堂-面食窗口,食堂,11.18
T0004005,20230101,2026-03-16,07:15:00,一食堂-风味窗口,食堂,18.4
T0004006,20250019,2026-03-13,12:58:00,一食堂-风味窗口,食堂,21.03
T0004007,20220044,2026-03-13,17:07:00,一食堂-大众窗口,食堂,9.32
T0004008,20230085,2026-03-21,17:09:00,一食堂-风味窗口,食堂,16.54
T0004009,20230053,2026-03-09,11:47:00,二食堂-面食窗口,食堂,12.11
T0004010,20250063,2026-03-06,08:39:00,二食堂-面食窗口,食堂,14.62
T0004011,20240094,2026-03-18,11:01:00,一食堂-大众窗口,食堂,11.37
T0004012,20250059,2026-03-16,12:19:00,一食堂-风味窗口,食堂,15.09
T0004013,20230033,2026-03-17,17:13:00,一食堂-风味窗口,食堂,18.7
T0004014,20240110,2026-03-20,12:59:00,一食堂-风味窗口,食堂,15.24
T0004015,20250083,2026-03-09,08:00:00,一食堂-大众窗口,食堂,8.84
T0004016,20220068,2026-03-19,12:52:00,一食堂-风味窗口,食堂,13.11
T0004017,20250067,2026-03-02,18:46:00,二食堂-面食窗口,食堂,13.14
T0004018,20230117,2026-03-20,18:44:00,一食堂-风味窗口,食堂,17.57
T0004019,20240066,2026-03-16,15:13:00,咖啡店,饮品,24.45
T0004020,20230057,2026-03-03,19:06:00,水果店,超市,7.49
T0004021,20250027,2026-03-12,12:33:00,二食堂-大众窗口,食堂,14.79
T0004022,20220032,2026-03-11,12:04:00,一食堂-大众窗口,食堂,12.07
T0004023,20230089,2026-03-10,17:05:00,一食堂-大众窗口,食堂,8.95
T0004024,20220012,2026-03-08,10:36:00,咖啡店,饮品,16.72
T0004025,20250079,2026-03-14,17:44:00,二食堂-面食窗口,食堂,17.17
T0004026,20250111,2026-03-09,08:11:00,二食堂-大众窗口,食堂,12.33
T0004027,20230001,2026-03-10,17:08:00,一食堂-大众窗口,食堂,8.3
T0004028,20250055,2026-03-13,18:51:00,一食堂-风味窗口,食堂,14.23
T0004029,20240082,2026-03-04,07:24:00,一食堂-大众窗口,食堂,10.52
T0004030,20240062,2026-03-07,18:52:00,二食堂-大众窗口,食堂,11.29
T0004031,20250039,2026-03-08,11:41:00,一食堂-风味窗口,食堂,14.83
T0004032,20230037,2026-03-13,13:11:00,一食堂-大众窗口,食堂,12.46
T0004033,20220072,2026-03-20,07:32:00,一食堂-风味窗口,食堂,21.37
T0004034,20240042,2026-03-08,11:16:00,一食堂-风味窗口,食堂,20.13
T0004035,20220092,2026-03-09,08:38:00,二食堂-面食窗口,食堂,15.25
T0004036,20220028,2026-03-05,08:58:00,二食堂-大众窗口,食堂,13.62
T0004037,20240014,2026-03-10,08:35:00,一食堂-风味窗口,食堂,15.66
T0004038,20230041,2026-03-15,08:59:00,二食堂-大众窗口,食堂,14.64
T0004039,20250019,2026-03-17,13:05:00,一食堂-大众窗口,食堂,8.94
T0004040,20230109,2026-03-08,12:04:00,一食堂-风味窗口,食堂,13.57
T0004041,20250111,2026-03-04,17:19:00,二食堂-面食窗口,食堂,14.45
T0004042,20250051,2026-03-20,13:08:00,一食堂-大众窗口,食堂,13.54
T0004043,20220024,2026-03-13,13:22:00,一食堂-风味窗口,食堂,20.58
T0004044,20240106,2026-03-22,08:33:00,二食堂-面食窗口,食堂,16.89
T0004045,20220072,2026-03-13,15:28:00,超市A,超市,12.22
T0004046,20220104,2026-03-04,08:17:00,二食堂-大众窗口,食堂,11.84
T0004047,20240106,2026-03-06,13:31:00,一食堂-风味窗口,食堂,14.42
T0004048,20240038,2026-03-21,18:21:00,一食堂-大众窗口,食堂,9.17
T0004049,20220084,2026-03-20,11:22:00,二食堂-面食窗口,食堂,17.13
T0004050,20220040,2026-03-13,12:06:00,一食堂-风味窗口,食堂,19.67
T0004051,20250047,2026-03-09,13:21:00,一食堂-大众窗口,食堂,8.59
T0004052,20230005,2026-03-22,11:52:00,二食堂-面食窗口,食堂,11.31
T0004053,20230069,2026-03-16,12:40:00,一食堂-大众窗口,食堂,12.75
T0004054,20250107,2026-03-22,11:30:00,二食堂-面食窗口,食堂,16.18
T0004055,20240030,2026-03-16,07:41:00,一食堂-大众窗口,食堂,12.84
T0004056,20250111,2026-03-18,12:39:00,一食堂-大众窗口,食堂,10.59
T0004057,20240062,2026-03-22,12:04:00,一食堂-风味窗口,食堂,17.32
T0004058,20250007,2026-03-10,15:19:00,奶茶店,饮品,12.2
T0004059,20220100,2026-03-09,17:26:00,二食堂-大众窗口,食堂,11.92
T0004060,20220096,2026-03-04,12:57:00,二食堂-面食窗口,食堂,13.92
T0004061,20250063,2026-03-13,17:08:00,一食堂-大众窗口,食堂,9.12
T0004062,20220044,2026-03-06,18:15:00,二食堂-面食窗口,食堂,17.12
T0004063,20220092,2026-03-18,07:00:00,一食堂-大众窗口,食堂,14.03
T0004064,20250087,2026-03-05,18:33:00,一食堂-风味窗口,食堂,14.67
T0004065,20220028,2026-03-16,11:52:00,一食堂-风味窗口,食堂,17.58
T0004066,20220112,2026-03-02,12:13:00,二食堂-面食窗口,食堂,13.77
T0004067,20250039,2026-03-17,17:07:00,二食堂-面食窗口,食堂,10.54
T0004068,20240054,2026-03-05,07:06:00,二食堂-大众窗口,食堂,14.1
T0004069,20230101,2026-03-17,18:32:00,一食堂-大众窗口,食堂,12.14
T0004070,20250107,2026-03-03,18:20:00,一食堂-风味窗口,食堂,17.03
T0004071,20240114,2026-03-10,12:04:00,一食堂-大众窗口,食堂,14.53
T0004072,20230073,2026-03-22,12:51:00,二食堂-大众窗口,食堂,11.63
T0004073,20220108,2026-03-06,07:51:00,二食堂-大众窗口,食堂,12.91
T0004074,20250067,2026-03-11,18:30:00,二食堂-大众窗口,食堂,12.27
T0004075,20220080,2026-03-15,13:09:00,二食堂-面食窗口,食堂,11.17
T0004076,20230089,2026-03-04,07:29:00,二食堂-大众窗口,食堂,8.38
T0004077,20220060,2026-03-12,13:02:00,一食堂-风味窗口,食堂,13.21
T0004078,20240106,2026-03-11,18:39:00,一食堂-风味窗口,食堂,16.37
T0004079,20220120,2026-03-02,12:30:00,二食堂-面食窗口,食堂,11.09
T0004080,20230033,2026-03-21,18:44:00,二食堂-大众窗口,食堂,11.82
T0004081,20250115,2026-03-15,18:25:00,二食堂-大众窗口,食堂,11.14
T0004082,20240106,2026-03-15,08:43:00,二食堂-大众窗口,食堂,9.12
T0004083,20250047,2026-03-20,12:52:00,一食堂-大众窗口,食堂,9.16
T0004084,20230085,2026-03-13,17:03:00,二食堂-面食窗口,食堂,14.01
T0004085,20240018,2026-03-21,07:48:00,二食堂-大众窗口,食堂,11.3
T0004086,20250063,2026-03-18,12:05:00,一食堂-大众窗口,食堂,12.2
T0004087,20250027,2026-03-03,08:44:00,二食堂-面食窗口,食堂,13.19
T0004088,20220064,2026-03-16,11:54:00,一食堂-风味窗口,食堂,16.27
T0004089,20250055,2026-03-15,08:14:00,二食堂-大众窗口,食堂,8.93
T0004090,20240070,2026-03-10,11:14:00,一食堂-风味窗口,食堂,17.46
T0004091,20250119,2026-03-02,18:36:00,二食堂-大众窗口,食堂,8.93
T0004092,20250095,2026-03-17,15:05:00,咖啡店,饮品,22.17
T0004093,20220060,2026-03-20,12:51:00,一食堂-风味窗口,食堂,17.24
T0004094,20220088,2026-03-20,13:12:00,一食堂-风味窗口,食堂,13.79
T0004095,20240018,2026-03-13,12:59:00,二食堂-面食窗口,食堂,16.5
T0004096,20220024,2026-03-21,18:16:00,二食堂-面食窗口,食堂,13.54
T0004097,20240050,2026-03-15,18:23:00,一食堂-风味窗口,食堂,13.18
T0004098,20220092,2026-03-21,12:11:00,一食堂-风味窗口,食堂,15.31
T0004099,20230001,2026-03-16,07:59:00,一食堂-风味窗口,食堂,18.1
T0004100,20220028,2026-03-10,18:49:00,一食堂-大众窗口,食堂,11.62
T0004101,20240074,2026-03-16,18:31:00,一食堂-风味窗口,食堂,17.56
T0004102,20240022,2026-03-22,19:47:00,咖啡店,饮品,12.78
T0004103,20220076,2026-03-03,07:41:00,二食堂-大众窗口,食堂,14.0
T0004104,20250015,2026-03-08,18:21:00,一食堂-风味窗口,食堂,15.22
T0004105,20230017,2026-03-12,18:31:00,一食堂-风味窗口,食堂,17.2
T0004106,20230013,2026-03-21,11:57:00,一食堂-风味窗口,食堂,20.44
T0004107,20240030,2026-03-16,13:29:00,二食堂-面食窗口,食堂,12.35
T0004108,20250067,2026-03-18,18:37:00,一食堂-风味窗口,食堂,13.59
T0004109,20240094,2026-03-14,18:37:00,二食堂-面食窗口,食堂,11.94
T0004110,20250071,2026-03-05,12:23:00,一食堂-风味窗口,食堂,18.7
T0004111,20220052,2026-03-09,12:43:00,二食堂-面食窗口,食堂,15.68
T0004112,20220044,2026-03-07,18:42:00,一食堂-大众窗口,食堂,9.16
T0004113,20250031,2026-03-11,07:01:00,二食堂-面食窗口,食堂,15.52
T0004114,20220056,2026-03-09,18:43:00,二食堂-大众窗口,食堂,13.53
T0004115,20230065,2026-03-15,17:09:00,一食堂-大众窗口,食堂,8.39
T0004116,20220032,2026-03-02,07:15:00,二食堂-面食窗口,食堂,13.15
T0004117,20230021,2026-03-06,21:30:00,水果店,超市,19.53
T0004118,20220104,2026-03-16,18:45:00,二食堂-大众窗口,食堂,13.44
T0004119,20250007,2026-03-04,17:06:00,一食堂-大众窗口,食堂,14.01
T0004120,20250031,2026-03-11,17:43:00,一食堂-风味窗口,食堂,20.56
T0004121,20250099,2026-03-14,12:57:00,二食堂-大众窗口,食堂,14.23
T0004122,20230021,2026-03-02,07:35:00,一食堂-大众窗口,食堂,12.36
T0004123,20230029,2026-03-17,11:25:00,一食堂-大众窗口,食堂,10.25
T0004124,20240090,2026-03-16,08:45:00,二食堂-面食窗口,食堂,11.55
T0004125,20230113,2026-03-12,18:12:00,一食堂-风味窗口,食堂,18.96
T0004126,20250027,2026-03-16,11:58:00,一食堂-大众窗口,食堂,10.34
T0004127,20230001,2026-03-08,12:37:00,一食堂-风味窗口,食堂,14.42
T0004128,20240066,2026-03-16,12:10:00,一食堂-风味窗口,食堂,21.78
T0004129,20220060,2026-03-18,11:24:00,一食堂-大众窗口,食堂,13.53
T0004130,20250115,2026-03-03,08:17:00,一食堂-大众窗口,食堂,9.79
T0004131,20230093,2026-03-21,18:55:00,二食堂-大众窗口,食堂,11.13
T0004132,20220092,2026-03-02,18:56:00,一食堂-大众窗口,食堂,11.98
T0004133,20220028,2026-03-21,12:38:00,二食堂-大众窗口,食堂,8.11
T0004134,20250035,2026-03-11,07:02:00,一食堂-大众窗口,食堂,9.97
T0004135,20240026,2026-03-06,12:34:00,二食堂-大众窗口,食堂,13.48
T0004136,20250087,2026-03-20,13:00:00,一食堂-风味窗口,食堂,16.21
T0004137,20240090,2026-03-17,07:49:00,二食堂-大众窗口,食堂,12.42
T0004138,20240042,2026-03-05,11:56:00,二食堂-面食窗口,食堂,12.2
T0004139,20220112,2026-03-05,13:05:00,一食堂-大众窗口,食堂,12.68
T0004140,20230057,2026-03-18,07:03:00,二食堂-大众窗口,食堂,10.99
T0004141,20230049,2026-03-11,12:58:00,二食堂-大众窗口,食堂,12.51
T0004142,20250091,2026-03-06,18:41:00,一食堂-风味窗口,食堂,15.83
T0004143,20250119,2026-03-05,18:04:00,二食堂-面食窗口,食堂,16.33
T0004144,20220120,2026-03-13,13:21:00,一食堂-大众窗口,食堂,12.37
T0004145,20220068,2026-03-03,18:00:00,一食堂-风味窗口,食堂,12.91
T0004146,20220008,2026-03-20,07:25:00,二食堂-大众窗口,食堂,9.1
T0004147,20230097,2026-03-22,18:26:00,二食堂-大众窗口,食堂,14.86
T0004148,20230077,2026-03-07,12:34:00,二食堂-面食窗口,食堂,15.35
T0004149,20240110,2026-03-13,08:59:00,一食堂-大众窗口,食堂,12.58
T0004150,20230061,2026-03-19,17:23:00,二食堂-面食窗口,食堂,13.78
T0004151,20240082,2026-03-11,12:19:00,一食堂-大众窗口,食堂,10.38
T0004152,20220032,2026-03-04,08:17:00,一食堂-风味窗口,食堂,15.08
T0004153,20240086,2026-03-21,18:09:00,二食堂-面食窗口,食堂,17.9
T0004154,20250107,2026-03-06,15:47:00,超市A,超市,8.21
T0004155,20240034,2026-03-04,11:09:00,一食堂-大众窗口,食堂,11.17
T0004156,20220060,2026-03-11,18:33:00,一食堂-大众窗口,食堂,12.71
T0004157,20250007,2026-03-20,19:47:00,便利店,超市,12.7
T0004158,20240010,2026-03-13,18:21:00,二食堂-面食窗口,食堂,14.7
T0004159,20220036,2026-03-17,12:39:00,二食堂-面食窗口,食堂,15.02
T0004160,20230033,2026-03-20,21:11:00,便利店,超市,3.32
T0004161,20230061,2026-03-16,12:41:00,二食堂-大众窗口,食堂,14.89
T0004162,20230089,2026-03-22,12:14:00,一食堂-大众窗口,食堂,12.2
T0004163,20240014,2026-03-02,07:11:00,二食堂-面食窗口,食堂,15.05
T0004164,20230073,2026-03-19,18:01:00,二食堂-大众窗口,食堂,11.68
T0004165,20250087,2026-03-06,08:32:00,一食堂-风味窗口,食堂,18.23
T0004166,20250031,2026-03-13,17:11:00,一食堂-风味窗口,食堂,16.08
T0004167,20220012,2026-03-11,12:18:00,二食堂-面食窗口,食堂,11.53
T0004168,20230025,2026-03-17,18:39:00,一食堂-风味窗口,食堂,19.82
T0004169,20250063,2026-03-03,18:54:00,一食堂-风味窗口,食堂,17.47
T0004170,20240018,2026-03-22,21:07:00,奶茶店,饮品,13.64
T0004171,20220088,2026-03-22,12:17:00,二食堂-面食窗口,食堂,13.91
T0004172,20230101,2026-03-04,17:15:00,二食堂-面食窗口,食堂,12.97
T0004173,20230073,2026-03-08,13:10:00,一食堂-大众窗口,食堂,9.28
T0004174,20230097,2026-03-14,12:35:00,一食堂-大众窗口,食堂,13.07
T0004175,20230089,2026-03-03,18:14:00,二食堂-大众窗口,食堂,11.28
T0004176,20220004,2026-03-09,07:35:00,二食堂-面食窗口,食堂,11.68
T0004177,20240094,2026-03-10,11:11:00,一食堂-大众窗口,食堂,14.74
T0004178,20250051,2026-03-09,08:52:00,二食堂-面食窗口,食堂,17.63
T0004179,20250103,2026-03-02,18:35:00,一食堂-风味窗口,食堂,15.29
T0004180,20220036,2026-03-14,12:53:00,一食堂-风味窗口,食堂,15.5
T0004181,20240018,2026-03-11,07:31:00,二食堂-面食窗口,食堂,15.7
T0004182,20250099,2026-03-04,17:55:00,一食堂-大众窗口,食堂,12.93
T0004183,20220004,2026-03-10,12:13:00,一食堂-风味窗口,食堂,14.27
T0004184,20220068,2026-03-10,07:10:00,一食堂-风味窗口,食堂,16.15
T0004185,20240022,2026-03-12,12:12:00,一食堂-大众窗口,食堂,11.34
T0004186,20240098,2026-03-02,11:07:00,一食堂-风味窗口,食堂,20.95
T0004187,20220036,2026-03-05,17:31:00,二食堂-大众窗口,食堂,12.48
T0004188,20250019,2026-03-20,11:41:00,二食堂-大众窗口,食堂,9.02
T0004189,20250079,2026-03-21,17:40:00,一食堂-风味窗口,食堂,18.66
T0004190,20220096,2026-03-19,08:43:00,二食堂-面食窗口,食堂,12.68
T0004191,20240058,2026-03-03,07:03:00,二食堂-大众窗口,食堂,9.54
T0004192,20250007,2026-03-04,12:20:00,一食堂-大众窗口,食堂,9.35
T0004193,20220100,2026-03-20,08:46:00,二食堂-大众窗口,食堂,14.32
T0004194,20220120,2026-03-20,17:22:00,二食堂-面食窗口,食堂,13.29
T0004195,20230045,2026-03-13,13:29:00,一食堂-风味窗口,食堂,21.09
T0004196,20250067,2026-03-20,08:20:00,一食堂-大众窗口,食堂,12.88
T0004197,20240002,2026-03-18,18:20:00,一食堂-大众窗口,食堂,11.93
T0004198,20220040,2026-03-18,12:07:00,一食堂-风味窗口,食堂,16.59
T0004199,20220120,2026-03-17,18:59:00,二食堂-大众窗口,食堂,13.03
T0004200,20240010,2026-03-17,12:15:00,一食堂-风味窗口,食堂,12.57
T0004201,20230081,2026-03-04,07:41:00,二食堂-大众窗口,食堂,8.85
T0004202,20230033,2026-03-02,08:41:00,一食堂-风味窗口,食堂,19.62
T0004203,20240098,2026-03-10,10:28:00,奶茶店,饮品,13.35
T0004204,20250067,2026-03-19,17:03:00,二食堂-大众窗口,食堂,13.48
T0004205,20250063,2026-03-11,07:21:00,一食堂-大众窗口,食堂,12.61
T0004206,20240066,2026-03-07,17:04:00,二食堂-面食窗口,食堂,13.9
T0004207,20220032,2026-03-18,11:26:00,一食堂-风味窗口,食堂,12.44
T0004208,20220084,2026-03-22,12:25:00,一食堂-大众窗口,食堂,12.69
T0004209,20240042,2026-03-20,18:35:00,二食堂-面食窗口,食堂,16.58
T0004210,20250119,2026-03-11,08:51:00,一食堂-风味窗口,食堂,16.78
T0004211,20230061,2026-03-13,18:41:00,一食堂-风味窗口,食堂,19.82
T0004212,20250023,2026-03-08,08:17:00,一食堂-风味窗口,食堂,21.07
T0004213,20240062,2026-03-11,18:54:00,一食堂-风味窗口,食堂,20.99
T0004214,20220044,2026-03-20,11:55:00,二食堂-大众窗口,食堂,10.17
T0004215,20220004,2026-03-02,17:10:00,一食堂-大众窗口,食堂,10.31
T0004216,20240038,2026-03-07,18:29:00,一食堂-大众窗口,食堂,12.33
T0004217,20250047,2026-03-18,18:49:00,二食堂-面食窗口,食堂,16.12
T0004218,20250023,2026-03-21,17:32:00,一食堂-风味窗口,食堂,12.39
T0004219,20220092,2026-03-03,15:19:00,水果店,超市,5.43
T0004220,20220068,2026-03-09,13:33:00,二食堂-大众窗口,食堂,12.52
T0004221,20220100,2026-03-22,11:47:00,二食堂-大众窗口,食堂,13.64
T0004222,20220012,2026-03-08,18:01:00,二食堂-面食窗口,食堂,13.39
T0004223,20230009,2026-03-10,11:38:00,二食堂-大众窗口,食堂,13.01
T0004224,20230105,2026-03-18,07:12:00,一食堂-大众窗口,食堂,14.62
T0004225,20240050,2026-03-05,08:08:00,二食堂-大众窗口,食堂,13.74
T0004226,20240046,2026-03-05,12:59:00,二食堂-面食窗口,食堂,14.5
T0004227,20220096,2026-03-17,11:26:00,一食堂-大众窗口,食堂,11.32
T0004228,20230053,2026-03-21,13:24:00,一食堂-大众窗口,食堂,13.16
T0004229,20230033,2026-03-03,08:18:00,一食堂-风味窗口,食堂,14.81
T0004230,20240074,2026-03-09,13:26:00,二食堂-大众窗口,食堂,13.1
T0004231,20250079,2026-03-08,12:41:00,二食堂-面食窗口,食堂,11.33
T0004232,20220100,2026-03-18,08:17:00,一食堂-大众窗口,食堂,12.81
T0004233,20240098,2026-03-03,13:13:00,二食堂-大众窗口,食堂,11.82
T0004234,20250011,2026-03-15,17:31:00,二食堂-面食窗口,食堂,17.41
T0004235,20220048,2026-03-13,17:10:00,二食堂-大众窗口,食堂,13.42
T0004236,20240098,2026-03-21,12:11:00,二食堂-面食窗口,食堂,12.56
T0004237,20240074,2026-03-07,12:20:00,一食堂-大众窗口,食堂,11.13
T0004238,20240050,2026-03-07,12:17:00,一食堂-大众窗口,食堂,13.81
T0004239,20240026,2026-03-15,12:42:00,二食堂-大众窗口,食堂,12.18
T0004240,20220060,2026-03-10,18:19:00,二食堂-面食窗口,食堂,16.54
T0004241,20250059,2026-03-14,18:57:00,一食堂-风味窗口,食堂,13.2
T0004242,20220084,2026-03-19,12:41:00,二食堂-面食窗口,食堂,16.67
T0004243,20220028,2026-03-22,11:38:00,二食堂-大众窗口,食堂,13.44
T0004244,20230021,2026-03-10,18:31:00,二食堂-面食窗口,食堂,10.04
T0004245,20250035,2026-03-12,08:41:00,一食堂-大众窗口,食堂,14.27
T0004246,20220116,2026-03-18,17:07:00,二食堂-大众窗口,食堂,13.51
T0004247,20220032,2026-03-02,13:58:00,一食堂-风味窗口,食堂,18.18
T0004248,20250083,2026-03-09,18:04:00,二食堂-大众窗口,食堂,11.36
T0004249,20230029,2026-03-05,15:52:00,咖啡店,饮品,23.28
T0004250,20240030,2026-03-18,18:14:00,二食堂-面食窗口,食堂,10.4
T0004251,20230033,2026-03-05,07:21:00,二食堂-大众窗口,食堂,12.52
T0004252,20230053,2026-03-07,18:03:00,一食堂-大众窗口,食堂,12.57
T0004253,20230053,2026-03-18,18:17:00,二食堂-面食窗口,食堂,16.19
T0004254,20220120,2026-03-22,13:13:00,二食堂-大众窗口,食堂,12.94
T0004255,20250039,2026-03-19,07:54:00,一食堂-大众窗口,食堂,12.75
T0004256,20240118,2026-03-17,08:17:00,二食堂-大众窗口,食堂,12.95
T0004257,20250115,2026-03-09,12:45:00,一食堂-大众窗口,食堂,13.33
T0004258,20250087,2026-03-10,07:03:00,二食堂-面食窗口,食堂,16.75
T0004259,20240010,2026-03-15,17:37:00,一食堂-大众窗口,食堂,10.5
T0004260,20250067,2026-03-15,13:28:00,二食堂-面食窗口,食堂,15.45
T0004261,20240106,2026-03-14,18:28:00,一食堂-风味窗口,食堂,14.51
T0004262,20250015,2026-03-22,11:54:00,二食堂-大众窗口,食堂,11.06
T0004263,20250119,2026-03-05,15:11:00,咖啡店,饮品,9.42
T0004264,20240002,2026-03-17,18:54:00,二食堂-面食窗口,食堂,15.14
T0004265,20240018,2026-03-20,13:32:00,一食堂-风味窗口,食堂,20.96
T0004266,20230101,2026-03-06,17:04:00,一食堂-大众窗口,食堂,11.53
T0004267,20250023,2026-03-13,17:02:00,二食堂-面食窗口,食堂,16.87
T0004268,20240094,2026-03-08,18:11:00,一食堂-大众窗口,食堂,9.74
T0004269,20240054,2026-03-12,13:42:00,二食堂-面食窗口,食堂,16.9
T0004270,20220016,2026-03-14,18:30:00,一食堂-大众窗口,食堂,11.49
T0004271,20220020,2026-03-09,18:22:00,一食堂-大众窗口,食堂,14.1
T0004272,20250031,2026-03-15,12:17:00,一食堂-大众窗口,食堂,10.58
T0004273,20220108,2026-03-17,08:01:00,一食堂-大众窗口,食堂,10.22
T0004274,20230001,2026-03-15,18:32:00,一食堂-风味窗口,食堂,13.97
T0004275,20250079,2026-03-04,08:40:00,一食堂-大众窗口,食堂,8.68
T0004276,20220060,2026-03-15,11:02:00,二食堂-面食窗口,食堂,14.6
T0004277,20220044,2026-03-10,12:24:00,一食堂-风味窗口,食堂,15.89
T0004278,20230049,2026-03-20,12:18:00,一食堂-风味窗口,食堂,16.24
T0004279,20230085,2026-03-10,17:32:00,一食堂-风味窗口,食堂,17.67
T0004280,20230037,2026-03-05,18:19:00,二食堂-面食窗口,食堂,16.97
T0004281,20240034,2026-03-07,13:08:00,一食堂-风味窗口,食堂,18.96
T0004282,20240074,2026-03-20,18:20:00,一食堂-大众窗口,食堂,12.01
T0004283,20220040,2026-03-10,11:41:00,二食堂-大众窗口,食堂,12.12
T0004284,20230029,2026-03-14,18:37:00,一食堂-大众窗口,食堂,13.4
T0004285,20250083,2026-03-10,17:41:00,二食堂-面食窗口,食堂,12.86
T0004286,20250059,2026-03-04,07:15:00,一食堂-风味窗口,食堂,19.65
T0004287,20250091,2026-03-22,17:17:00,一食堂-大众窗口,食堂,10.14
T0004288,20220100,2026-03-10,17:44:00,二食堂-大众窗口,食堂,14.87
T0004289,20230057,2026-03-06,18:14:00,一食堂-大众窗口,食堂,13.12
T0004290,20220032,2026-03-03,07:50:00,二食堂-大众窗口,食堂,8.46
T0004291,20240106,2026-03-07,12:11:00,二食堂-面食窗口,食堂,12.97
T0004292,20230101,2026-03-20,12:47:00,二食堂-面食窗口,食堂,13.88
T0004293,20220020,2026-03-12,08:50:00,二食堂-大众窗口,食堂,10.55
T0004294,20240090,2026-03-10,08:45:00,一食堂-风味窗口,食堂,16.98
T0004295,20250103,2026-03-11,11:17:00,二食堂-大众窗口,食堂,9.71
T0004296,20250063,2026-03-18,17:12:00,二食堂-面食窗口,食堂,17.3
T0004297,20230077,2026-03-03,07:48:00,一食堂-风味窗口,食堂,17.95
T0004298,20240006,2026-03-19,12:49:00,二食堂-面食窗口,食堂,16.25
T0004299,20230081,2026-03-22,18:56:00,一食堂-风味窗口,食堂,12.63
T0004300,20240098,2026-03-20,18:15:00,二食堂-大众窗口,食堂,11.75
T0004301,20240002,2026-03-02,12:51:00,二食堂-大众窗口,食堂,10.59
T0004302,20230041,2026-03-07,17:45:00,一食堂-大众窗口,食堂,12.56
T0004303,20220116,2026-03-18,07:49:00,一食堂-风味窗口,食堂,19.13
T0004304,20240034,2026-03-06,12:51:00,二食堂-大众窗口,食堂,10.41
T0004305,20230029,2026-03-22,11:19:00,二食堂-大众窗口,食堂,11.12
T0004306,20250007,2026-03-02,07:09:00,一食堂-风味窗口,食堂,14.01
T0004307,20230025,2026-03-17,08:26:00,二食堂-面食窗口,食堂,15.58
T0004308,20250043,2026-03-15,13:08:00,一食堂-大众窗口,食堂,13.06
T0004309,20250115,2026-03-16,12:58:00,二食堂-面食窗口,食堂,14.66
T0004310,20240094,2026-03-15,15:24:00,便利店,超市,4.31
T0004311,20250111,2026-03-11,08:56:00,二食堂-面食窗口,食堂,15.51
T0004312,20230025,2026-03-13,11:57:00,一食堂-风味窗口,食堂,16.67
T0004313,20250047,2026-03-17,07:00:00,一食堂-大众窗口,食堂,13.72
T0004314,20240074,2026-03-12,18:47:00,二食堂-面食窗口,食堂,16.0
T0004315,20230001,2026-03-17,18:18:00,二食堂-大众窗口,食堂,8.17
T0004316,20240110,2026-03-09,12:08:00,二食堂-大众窗口,食堂,14.47
T0004317,20250047,2026-03-19,18:06:00,一食堂-风味窗口,食堂,14.0
T0004318,20220084,2026-03-13,18:52:00,一食堂-风味窗口,食堂,13.1
T0004319,20250039,2026-03-03,12:12:00,一食堂-大众窗口,食堂,12.95
T0004320,20230101,2026-03-12,07:17:00,一食堂-风味窗口,食堂,21.5
T0004321,20240074,2026-03-20,07:24:00,二食堂-大众窗口,食堂,14.62
T0004322,20230033,2026-03-18,12:34:00,二食堂-大众窗口,食堂,14.79
T0004323,20220016,2026-03-09,07:43:00,一食堂-风味窗口,食堂,18.87
T0004324,20250115,2026-03-10,13:51:00,一食堂-大众窗口,食堂,8.94
T0004325,20220120,2026-03-09,13:04:00,二食堂-面食窗口,食堂,12.71
T0004326,20220052,2026-03-07,18:55:00,二食堂-大众窗口,食堂,13.19
T0004327,20220004,2026-03-20,12:43:00,二食堂-大众窗口,食堂,8.43
T0004328,20230013,2026-03-14,12:06:00,二食堂-面食窗口,食堂,14.97
T0004329,20240086,2026-03-05,18:31:00,二食堂-面食窗口,食堂,15.82
T0004330,20230113,2026-03-14,08:32:00,二食堂-大众窗口,食堂,13.67
T0004331,20230057,2026-03-05,12:25:00,二食堂-面食窗口,食堂,15.45
T0004332,20230001,2026-03-19,08:36:00,二食堂-面食窗口,食堂,11.53
T0004333,20240062,2026-03-17,17:32:00,二食堂-面食窗口,食堂,14.4
T0004334,20220020,2026-03-04,12:56:00,一食堂-风味窗口,食堂,15.25
T0004335,20230045,2026-03-05,18:04:00,二食堂-面食窗口,食堂,13.46
T0004336,20240098,2026-03-17,18:55:00,二食堂-面食窗口,食堂,10.91
T0004337,20220036,2026-03-10,07:39:00,二食堂-面食窗口,食堂,16.24
T0004338,20220068,2026-03-13,18:17:00,二食堂-面食窗口,食堂,12.61
T0004339,20230073,2026-03-18,12:15:00,二食堂-面食窗口,食堂,15.79
T0004340,20230017,2026-03-21,15:26:00,便利店,超市,9.13
T0004341,20250027,2026-03-02,12:18:00,一食堂-大众窗口,食堂,9.9
T0004342,20250103,2026-03-08,12:33:00,二食堂-大众窗口,食堂,14.02
T0004343,20250031,2026-03-09,08:49:00,二食堂-大众窗口,食堂,13.07
T0004344,20230001,2026-03-02,18:43:00,二食堂-面食窗口,食堂,13.12
T0004345,20220020,2026-03-17,07:30:00,二食堂-大众窗口,食堂,9.62
T0004346,20240022,2026-03-02,08:26:00,一食堂-大众窗口,食堂,9.43
T0004347,20230073,2026-03-15,12:28:00,一食堂-大众窗口,食堂,13.48
T0004348,20250015,2026-03-18,18:13:00,一食堂-大众窗口,食堂,13.86
T0004349,20230109,2026-03-22,19:17:00,咖啡店,饮品,20.2
T0004350,20220060,2026-03-16,12:59:00,一食堂-风味窗口,食堂,16.01
T0004351,20240050,2026-03-20,18:49:00,二食堂-面食窗口,食堂,14.38
T0004352,20230013,2026-03-11,17:12:00,二食堂-面食窗口,食堂,15.8
T0004353,20240062,2026-03-16,17:44:00,一食堂-大众窗口,食堂,9.98
T0004354,20220080,2026-03-22,07:28:00,一食堂-大众窗口,食堂,9.29
T0004355,20240014,2026-03-11,12:06:00,二食堂-大众窗口,食堂,8.09
T0004356,20240114,2026-03-21,12:20:00,二食堂-大众窗口,食堂,14.84
T0004357,20220080,2026-03-19,08:53:00,一食堂-风味窗口,食堂,20.6
T0004358,20220076,2026-03-19,12:26:00,一食堂-风味窗口,食堂,21.81
T0004359,20240090,2026-03-12,11:37:00,二食堂-面食窗口,食堂,14.59
T0004360,20220120,2026-03-12,11:57:00,一食堂-风味窗口,食堂,18.83
T0004361,20230049,2026-03-19,08:27:00,二食堂-面食窗口,食堂,13.57
T0004362,20250095,2026-03-09,12:04:00,二食堂-大众窗口,食堂,11.28
T0004363,20230117,2026-03-10,13:34:00,一食堂-风味窗口,食堂,18.77
T0004364,20230113,2026-03-16,18:58:00,一食堂-大众窗口,食堂,14.72
T0004365,20250095,2026-03-20,17:10:00,二食堂-面食窗口,食堂,12.91
T0004366,20220040,2026-03-03,19:04:00,咖啡店,饮品,11.47
T0004367,20250087,2026-03-03,17:34:00,一食堂-大众窗口,食堂,10.14
T0004368,20240066,2026-03-19,17:59:00,一食堂-风味窗口,食堂,15.52
T0004369,20230089,2026-03-16,12:04:00,一食堂-风味窗口,食堂,14.05
T0004370,20220092,2026-03-04,17:25:00,二食堂-大众窗口,食堂,12.32
T0004371,20250119,2026-03-16,12:32:00,一食堂-大众窗口,食堂,13.73
T0004372,20240050,2026-03-05,13:12:00,二食堂-面食窗口,食堂,10.78
T0004373,20240038,2026-03-09,07:10:00,二食堂-大众窗口,食堂,13.86
T0004374,20230069,2026-03-11,18:23:00,二食堂-面食窗口,食堂,17.43
T0004375,20220024,2026-03-03,11:05:00,一食堂-大众窗口,食堂,8.21
T0004376,20230117,2026-03-10,18:18:00,一食堂-风味窗口,食堂,21.76
T0004377,20220052,2026-03-10,12:27:00,二食堂-大众窗口,食堂,12.78
T0004378,20220004,2026-03-20,18:12:00,一食堂-风味窗口,食堂,18.33
T0004379,20220104,2026-03-07,17:25:00,二食堂-面食窗口,食堂,12.08
T0004380,20220108,2026-03-15,18:04:00,一食堂-大众窗口,食堂,12.08
T0004381,20240018,2026-03-09,12:39:00,二食堂-面食窗口,食堂,13.03
T0004382,20250015,2026-03-05,08:14:00,一食堂-大众窗口,食堂,11.65
T0004383,20230049,2026-03-06,18:26:00,二食堂-大众窗口,食堂,8.0
T0004384,20240050,2026-03-02,12:23:00,一食堂-风味窗口,食堂,13.18
T0004385,20250023,2026-03-10,13:58:00,一食堂-风味窗口,食堂,14.37
T0004386,20220088,2026-03-09,18:25:00,二食堂-面食窗口,食堂,12.45
T0004387,20240074,2026-03-18,12:54:00,一食堂-风味窗口,食堂,20.84
T0004388,20220016,2026-03-10,07:55:00,一食堂-大众窗口,食堂,8.31
T0004389,20240006,2026-03-17,07:55:00,二食堂-面食窗口,食堂,12.17
T0004390,20220076,2026-03-17,13:35:00,一食堂-风味窗口,食堂,18.76
T0004391,20240014,2026-03-10,11:03:00,二食堂-面食窗口,食堂,16.09
T0004392,20250075,2026-03-14,07:16:00,一食堂-大众窗口,食堂,13.71
T0004393,20250055,2026-03-09,18:20:00,一食堂-风味窗口,食堂,15.21
T0004394,20220052,2026-03-10,15:29:00,水果店,超市,8.61
T0004395,20240034,2026-03-16,07:27:00,二食堂-大众窗口,食堂,9.73
T0004396,20250031,2026-03-21,21:17:00,超市A,超市,4.4
T0004397,20230101,2026-03-03,11:03:00,二食堂-面食窗口,食堂,13.96
T0004398,20220012,2026-03-04,18:17:00,一食堂-大众窗口,食堂,14.62
T0004399,20240110,2026-03-08,17:55:00,一食堂-风味窗口,食堂,15.61
T0004400,20250119,2026-03-21,17:14:00,一食堂-风味窗口,食堂,13.28
T0004401,20220020,2026-03-02,10:16:00,咖啡店,饮品,14.24
T0004402,20240038,2026-03-18,08:17:00,一食堂-风味窗口,食堂,15.24
T0004403,20220048,2026-03-09,12:54:00,一食堂-大众窗口,食堂,11.06
T0004404,20250095,2026-03-14,17:10:00,二食堂-大众窗口,食堂,10.03
T0004405,20220096,2026-03-06,12:53:00,二食堂-面食窗口,食堂,14.61
T0004406,20230037,2026-03-20,07:03:00,二食堂-大众窗口,食堂,11.78
T0004407,20250115,2026-03-22,12:32:00,二食堂-面食窗口,食堂,11.67
T0004408,20240118,2026-03-19,08:09:00,一食堂-大众窗口,食堂,9.08
T0004409,20230017,2026-03-16,08:52:00,一食堂-大众窗口,食堂,10.44
T0004410,20220116,2026-03-14,17:23:00,二食堂-大众窗口,食堂,9.01
T0004411,20220060,2026-03-19,08:16:00,一食堂-大众窗口,食堂,8.71
T0004412,20250023,2026-03-19,18:10:00,二食堂-大众窗口,食堂,12.8
T0004413,20240074,2026-03-16,11:30:00,一食堂-风味窗口,食堂,17.67
T0004414,20230089,2026-03-19,18:18:00,二食堂-面食窗口,食堂,10.53
T0004415,20220108,2026-03-22,11:41:00,一食堂-大众窗口,食堂,10.62
T0004416,20250051,2026-03-13,21:16:00,咖啡店,饮品,14.73
T0004417,20250039,2026-03-18,12:36:00,一食堂-风味窗口,食堂,17.75
T0004418,20250115,2026-03-04,07:48:00,一食堂-大众窗口,食堂,13.85
T0004419,20230073,2026-03-16,12:16:00,二食堂-大众窗口,食堂,11.03
T0004420,20230113,2026-03-06,12:35:00,一食堂-风味窗口,食堂,14.46
T0004421,20250107,2026-03-17,18:19:00,二食堂-大众窗口,食堂,13.53
T0004422,20230021,2026-03-20,08:58:00,一食堂-大众窗口,食堂,14.69
T0004423,20230101,2026-03-13,18:25:00,二食堂-面食窗口,食堂,13.42
T0004424,20230073,2026-03-14,17:24:00,一食堂-大众窗口,食堂,11.47
T0004425,20220072,2026-03-04,18:49:00,二食堂-大众窗口,食堂,13.98
T0004426,20230053,2026-03-17,13:09:00,二食堂-大众窗口,食堂,10.86
T0004427,20230021,2026-03-12,19:21:00,咖啡店,饮品,18.03
T0004428,20250051,2026-03-06,18:05:00,一食堂-风味窗口,食堂,13.79
T0004429,20240034,2026-03-06,18:27:00,二食堂-面食窗口,食堂,17.3
T0004430,20230009,2026-03-12,17:53:00,一食堂-大众窗口,食堂,13.58
T0004431,20240010,2026-03-19,07:52:00,二食堂-大众窗口,食堂,14.47
T0004432,20230109,2026-03-21,17:47:00,一食堂-风味窗口,食堂,17.18
T0004433,20240070,2026-03-06,11:26:00,二食堂-大众窗口,食堂,10.85
T0004434,20240106,2026-03-16,13:57:00,一食堂-大众窗口,食堂,14.09
T0004435,20240086,2026-03-15,17:41:00,一食堂-大众窗口,食堂,9.6
T0004436,20230013,2026-03-19,08:58:00,二食堂-大众窗口,食堂,12.33
T0004437,20240006,2026-03-06,12:00:00,一食堂-大众窗口,食堂,12.39
T0004438,20220068,2026-03-18,13:49:00,二食堂-大众窗口,食堂,13.18
T0004439,20220116,2026-03-20,18:33:00,一食堂-大众窗口,食堂,11.07
T0004440,20230109,2026-03-12,18:02:00,二食堂-面食窗口,食堂,17.34
T0004441,20220112,2026-03-21,18:17:00,一食堂-风味窗口,食堂,21.28
T0004442,20220076,2026-03-03,18:37:00,二食堂-面食窗口,食堂,11.12
T0004443,20250019,2026-03-18,13:25:00,一食堂-风味窗口,食堂,12.36
T0004444,20230013,2026-03-13,08:32:00,一食堂-风味窗口,食堂,18.89
T0004445,20240034,2026-03-10,07:43:00,一食堂-大众窗口,食堂,12.58
T0004446,20240010,2026-03-05,11:38:00,二食堂-面食窗口,食堂,10.26
T0004447,20240034,2026-03-20,18:28:00,二食堂-大众窗口,食堂,8.47
T0004448,20240014,2026-03-03,18:12:00,一食堂-大众窗口,食堂,10.74
T0004449,20240066,2026-03-12,15:14:00,奶茶店,饮品,16.39
T0004450,20250099,2026-03-09,12:27:00,一食堂-风味窗口,食堂,15.98
T0004451,20230093,2026-03-02,07:38:00,一食堂-大众窗口,食堂,12.29
T0004452,20230025,2026-03-17,11:43:00,二食堂-面食窗口,食堂,17.38
T0004453,20240074,2026-03-13,18:10:00,二食堂-面食窗口,食堂,12.24
T0004454,20240030,2026-03-02,17:53:00,一食堂-风味窗口,食堂,15.38
T0004455,20240022,2026-03-15,12:44:00,二食堂-面食窗口,食堂,13.0
T0004456,20240022,2026-03-11,19:21:00,超市A,超市,3.52
T0004457,20240006,2026-03-07,17:47:00,二食堂-大众窗口,食堂,12.91
T0004458,20220064,2026-03-02,11:53:00,一食堂-大众窗口,食堂,12.32
T0004459,20250087,2026-03-11,07:19:00,二食堂-大众窗口,食堂,14.38
T0004460,20240050,2026-03-02,17:12:00,二食堂-大众窗口,食堂,13.54
T0004461,20230033,2026-03-05,18:02:00,一食堂-大众窗口,食堂,8.03
T0004462,20220040,2026-03-16,13:06:00,一食堂-大众窗口,食堂,13.8
T0004463,20220016,2026-03-05,13:54:00,一食堂-大众窗口,食堂,12.57
T0004464,20240006,2026-03-07,10:58:00,水果店,超市,26.55
T0004465,20220096,2026-03-18,13:58:00,二食堂-面食窗口,食堂,16.38
T0004466,20220048,2026-03-10,15:07:00,奶茶店,饮品,11.43
T0004467,20250071,2026-03-02,18:58:00,一食堂-大众窗口,食堂,11.98
T0004468,20230029,2026-03-09,07:08:00,二食堂-面食窗口,食堂,16.62
T0004469,20240030,2026-03-07,12:33:00,一食堂-大众窗口,食堂,14.0
T0004470,20220068,2026-03-18,07:24:00,一食堂-大众窗口,食堂,12.67
T0004471,20230097,2026-03-19,17:32:00,二食堂-大众窗口,食堂,14.46
T0004472,20240054,2026-03-20,17:18:00,二食堂-大众窗口,食堂,11.08
T0004473,20250051,2026-03-21,17:40:00,二食堂-大众窗口,食堂,12.4
T0004474,20250003,2026-03-04,12:33:00,一食堂-大众窗口,食堂,9.96
T0004475,20230033,2026-03-13,12:08:00,二食堂-大众窗口,食堂,9.32
T0004476,20220032,2026-03-22,18:37:00,一食堂-风味窗口,食堂,16.92
T0004477,20250047,2026-03-14,13:21:00,二食堂-面食窗口,食堂,15.59
T0004478,20220120,2026-03-12,07:04:00,一食堂-风味窗口,食堂,13.11
T0004479,20220116,2026-03-09,12:39:00,二食堂-大众窗口,食堂,13.96
T0004480,20240102,2026-03-10,19:30:00,奶茶店,饮品,11.74
T0004481,20230013,2026-03-19,12:37:00,二食堂-面食窗口,食堂,10.36
T0004482,20250115,2026-03-04,18:25:00,一食堂-大众窗口,食堂,11.26
T0004483,20250083,2026-03-03,07:43:00,二食堂-面食窗口,食堂,17.7
T0004484,20230045,2026-03-02,12:37:00,二食堂-大众窗口,食堂,8.28
T0004485,20220060,2026-03-13,12:00:00,二食堂-面食窗口,食堂,17.3
T0004486,20230065,2026-03-02,08:21:00,二食堂-面食窗口,食堂,10.9
T0004487,20250063,2026-03-09,13:46:00,二食堂-大众窗口,食堂,13.07
T0004488,20240050,2026-03-10,08:29:00,一食堂-风味窗口,食堂,18.06
T0004489,20250019,2026-03-04,07:58:00,二食堂-面食窗口,食堂,14.33
T0004490,20220076,2026-03-09,21:08:00,水果店,超市,28.46
T0004491,20220112,2026-03-18,15:57:00,便利店,超市,7.77
T0004492,20240038,2026-03-18,18:55:00,一食堂-大众窗口,食堂,11.29
T0004493,20230057,2026-03-04,18:37:00,一食堂-风味窗口,食堂,18.18
T0004494,20220004,2026-03-02,13:24:00,二食堂-面食窗口,食堂,11.83
T0004495,20220092,2026-03-20,12:51:00,二食堂-面食窗口,食堂,14.03
T0004496,20250067,2026-03-02,12:46:00,二食堂-面食窗口,食堂,11.2
T0004497,20220092,2026-03-03,17:02:00,二食堂-面食窗口,食堂,17.18
T0004498,20230033,2026-03-15,18:16:00,一食堂-大众窗口,食堂,9.36
T0004499,20250039,2026-03-04,11:08:00,二食堂-大众窗口,食堂,9.15
T0004500,20250087,2026-03-12,07:32:00,二食堂-面食窗口,食堂,15.81
T0004501,20220120,2026-03-19,18:56:00,二食堂-大众窗口,食堂,8.3
T0004502,20220028,2026-03-09,08:43:00,一食堂-大众窗口,食堂,14.56
T0004503,20230033,2026-03-10,11:49:00,二食堂-大众窗口,食堂,8.03
T0004504,20230085,2026-03-03,08:42:00,一食堂-大众窗口,食堂,12.34
T0004505,20250003,2026-03-19,08:53:00,一食堂-风味窗口,食堂,13.38
T0004506,20240114,2026-03-19,07:22:00,二食堂-面食窗口,食堂,10.8
T0004507,20250115,2026-03-06,18:00:00,一食堂-风味窗口,食堂,13.83
T0004508,20220044,2026-03-12,17:16:00,一食堂-大众窗口,食堂,14.23
T0004509,20230009,2026-03-13,07:20:00,二食堂-面食窗口,食堂,13.72
T0004510,20250115,2026-03-14,07:30:00,二食堂-大众窗口,食堂,13.6
T0004511,20220052,2026-03-10,18:10:00,二食堂-大众窗口,食堂,12.72
T0004512,20220004,2026-03-21,17:50:00,一食堂-风味窗口,食堂,14.93
T0004513,20230101,2026-03-06,12:46:00,二食堂-面食窗口,食堂,13.9
T0004514,20240026,2026-03-03,08:30:00,二食堂-大众窗口,食堂,8.17
T0004515,20250043,2026-03-10,15:19:00,奶茶店,饮品,8.43
T0004516,20220052,2026-03-06,13:19:00,一食堂-风味窗口,食堂,13.11
T0004517,20240074,2026-03-12,08:01:00,二食堂-大众窗口,食堂,12.96
T0004518,20250111,2026-03-13,15:26:00,奶茶店,饮品,7.08
T0004519,20230109,2026-03-10,13:43:00,二食堂-大众窗口,食堂,12.7
T0004520,20220076,2026-03-20,08:43:00,二食堂-大众窗口,食堂,8.1
T0004521,20240074,2026-03-18,18:00:00,一食堂-风味窗口,食堂,20.82
T0004522,20250011,2026-03-21,18:45:00,二食堂-大众窗口,食堂,10.34
T0004523,20230021,2026-03-03,12:27:00,一食堂-风味窗口,食堂,13.52
T0004524,20230061,2026-03-15,18:20:00,一食堂-大众窗口,食堂,13.93
T0004525,20230093,2026-03-13,11:25:00,一食堂-大众窗口,食堂,9.43
T0004526,20230105,2026-03-10,07:01:00,一食堂-风味窗口,食堂,16.25
T0004527,20240062,2026-03-13,18:52:00,二食堂-大众窗口,食堂,11.05
T0004528,20250063,2026-03-17,07:59:00,一食堂-风味窗口,食堂,18.85
T0004529,20230061,2026-03-04,12:43:00,二食堂-大众窗口,食堂,8.79
T0004530,20250103,2026-03-17,18:06:00,一食堂-大众窗口,食堂,10.59
T0004531,20220096,2026-03-13,13:29:00,一食堂-大众窗口,食堂,12.84
T0004532,20230037,2026-03-14,19:47:00,咖啡店,饮品,22.44
T0004533,20230089,2026-03-18,07:11:00,一食堂-大众窗口,食堂,12.36
T0004534,20250103,2026-03-18,10:23:00,超市A,超市,10.18
T0004535,20220108,2026-03-18,13:24:00,二食堂-大众窗口,食堂,9.78
T0004536,20220044,2026-03-19,13:45:00,一食堂-风味窗口,食堂,16.65
T0004537,20250095,2026-03-19,12:41:00,一食堂-大众窗口,食堂,12.29
T0004538,20250111,2026-03-15,18:17:00,二食堂-面食窗口,食堂,16.93
T0004539,20230041,2026-03-09,17:40:00,二食堂-面食窗口,食堂,17.24
T0004540,20230045,2026-03-10,08:08:00,一食堂-风味窗口,食堂,17.94
T0004541,20230021,2026-03-05,17:47:00,二食堂-面食窗口,食堂,13.97
T0004542,20220020,2026-03-10,10:38:00,咖啡店,饮品,13.89
T0004543,20230097,2026-03-05,18:06:00,二食堂-大众窗口,食堂,13.04
T0004544,20250095,2026-03-05,12:30:00,一食堂-大众窗口,食堂,8.48
T0004545,20250011,2026-03-18,18:10:00,一食堂-风味窗口,食堂,16.46
T0004546,20240062,2026-03-14,12:45:00,一食堂-大众窗口,食堂,12.15
T0004547,20250063,2026-03-09,18:23:00,一食堂-风味窗口,食堂,15.97
T0004548,20240070,2026-03-17,12:44:00,一食堂-大众窗口,食堂,14.15
T0004549,20240010,2026-03-14,12:36:00,二食堂-大众窗口,食堂,12.84
T0004550,20250087,2026-03-10,12:28:00,二食堂-面食窗口,食堂,13.05
T0004551,20240102,2026-03-14,12:38:00,二食堂-面食窗口,食堂,13.42
T0004552,20230009,2026-03-18,08:06:00,一食堂-大众窗口,食堂,8.53
T0004553,20230085,2026-03-04,11:18:00,二食堂-面食窗口,食堂,13.96
T0004554,20250075,2026-03-05,17:52:00,二食堂-大众窗口,食堂,11.41
T0004555,20230077,2026-03-17,12:02:00,一食堂-风味窗口,食堂,15.86
T0004556,20220112,2026-03-03,18:55:00,一食堂-大众窗口,食堂,13.52
T0004557,20230061,2026-03-22,12:01:00,二食堂-大众窗口,食堂,11.25
T0004558,20230089,2026-03-11,12:50:00,一食堂-大众窗口,食堂,13.33
T0004559,20250055,2026-03-03,18:21:00,二食堂-面食窗口,食堂,16.81
T0004560,20220040,2026-03-19,07:15:00,二食堂-大众窗口,食堂,11.55
T0004561,20220088,2026-03-07,07:53:00,二食堂-大众窗口,食堂,13.32
T0004562,20220112,2026-03-04,12:25:00,二食堂-大众窗口,食堂,9.12
T0004563,20250115,2026-03-15,07:16:00,一食堂-风味窗口,食堂,21.17
T0004564,20250019,2026-03-10,21:00:00,超市A,超市,3.79
T0004565,20230093,2026-03-03,21:35:00,便利店,超市,10.67
T0004566,20220104,2026-03-19,12:11:00,二食堂-大众窗口,食堂,11.06
T0004567,20230041,2026-03-12,13:39:00,一食堂-大众窗口,食堂,10.79
T0004568,20230101,2026-03-22,12:52:00,一食堂-风味窗口,食堂,16.2
T0004569,20220092,2026-03-20,18:28:00,二食堂-大众窗口,食堂,13.74
T0004570,20240014,2026-03-13,11:13:00,二食堂-大众窗口,食堂,8.95
T0004571,20240090,2026-03-18,17:58:00,二食堂-面食窗口,食堂,10.03
T0004572,20250027,2026-03-16,18:14:00,二食堂-面食窗口,食堂,11.61
T0004573,20240042,2026-03-12,07:37:00,二食堂-大众窗口,食堂,11.5
T0004574,20230005,2026-03-17,12:13:00,一食堂-风味窗口,食堂,12.33
T0004575,20230009,2026-03-22,07:00:00,二食堂-大众窗口,食堂,14.76
T0004576,20230093,2026-03-17,17:38:00,一食堂-大众窗口,食堂,12.79
T0004577,20240018,2026-03-06,12:42:00,一食堂-风味窗口,食堂,18.6
T0004578,20240094,2026-03-10,18:36:00,一食堂-风味窗口,食堂,13.81
T0004579,20220112,2026-03-07,17:29:00,一食堂-大众窗口,食堂,10.11
T0004580,20240042,2026-03-18,17:29:00,二食堂-面食窗口,食堂,16.57
T0004581,20230093,2026-03-22,18:35:00,一食堂-风味窗口,食堂,19.75
T0004582,20250023,2026-03-17,11:19:00,二食堂-面食窗口,食堂,13.67
T0004583,20250039,2026-03-14,12:30:00,二食堂-大众窗口,食堂,14.31
T0004584,20220012,2026-03-06,07:56:00,一食堂-风味窗口,食堂,12.88
T0004585,20250107,2026-03-04,18:01:00,二食堂-面食窗口,食堂,11.59
T0004586,20250091,2026-03-22,12:02:00,二食堂-面食窗口,食堂,17.56
T0004587,20240070,2026-03-12,12:44:00,二食堂-面食窗口,食堂,16.7
T0004588,20230097,2026-03-15,12:18:00,一食堂-大众窗口,食堂,9.68
T0004589,20230069,2026-03-12,18:55:00,一食堂-大众窗口,食堂,12.42
T0004590,20240118,2026-03-04,12:17:00,二食堂-大众窗口,食堂,14.59
T0004591,20220044,2026-03-17,08:25:00,一食堂-大众窗口,食堂,8.26
T0004592,20220004,2026-03-21,13:28:00,二食堂-面食窗口,食堂,16.6
T0004593,20240058,2026-03-10,12:42:00,二食堂-面食窗口,食堂,11.71
T0004594,20250103,2026-03-15,19:21:00,超市A,超市,14.65
T0004595,20250095,2026-03-17,11:53:00,二食堂-面食窗口,食堂,15.72
T0004596,20240014,2026-03-12,08:37:00,二食堂-大众窗口,食堂,13.16
T0004597,20230041,2026-03-14,17:57:00,一食堂-风味窗口,食堂,21.6
T0004598,20250063,2026-03-04,08:30:00,一食堂-大众窗口,食堂,9.79
T0004599,20220092,2026-03-14,07:53:00,一食堂-大众窗口,食堂,12.83
T0004600,20230049,2026-03-21,15:23:00,便利店,超市,8.79
T0004601,20230069,2026-03-08,17:17:00,二食堂-面食窗口,食堂,12.29
T0004602,20230049,2026-03-13,07:08:00,一食堂-风味窗口,食堂,12.44
T0004603,20240050,2026-03-08,19:57:00,咖啡店,饮品,22.58
T0004604,20220112,2026-03-14,13:25:00,一食堂-风味窗口,食堂,16.62
T0004605,20220076,2026-03-02,19:50:00,便利店,超市,15.87
T0004606,20220112,2026-03-20,12:01:00,一食堂-大众窗口,食堂,11.83
T0004607,20230093,2026-03-06,18:33:00,二食堂-大众窗口,食堂,11.19
T0004608,20240098,2026-03-02,18:42:00,一食堂-大众窗口,食堂,14.29
T0004609,20230049,2026-03-12,13:06:00,二食堂-面食窗口,食堂,13.52
T0004610,20250095,2026-03-07,12:20:00,二食堂-大众窗口,食堂,13.08
T0004611,20220052,2026-03-12,12:44:00,二食堂-面食窗口,食堂,11.58
T0004612,20220028,2026-03-07,12:59:00,二食堂-大众窗口,食堂,14.72
T0004613,20250051,2026-03-12,08:27:00,一食堂-大众窗口,食堂,8.43
T0004614,20220024,2026-03-22,18:24:00,二食堂-面食窗口,食堂,10.6
T0004615,20240038,2026-03-05,08:48:00,二食堂-大众窗口,食堂,14.81
T0004616,20220036,2026-03-22,18:03:00,二食堂-大众窗口,食堂,8.6
T0004617,20240106,2026-03-19,12:33:00,一食堂-大众窗口,食堂,14.01
T0004618,20250047,2026-03-18,12:45:00,二食堂-大众窗口,食堂,12.25
T0004619,20250035,2026-03-10,18:17:00,二食堂-大众窗口,食堂,8.05
T0004620,20230013,2026-03-15,18:18:00,一食堂-风味窗口,食堂,20.52
T0004621,20220088,2026-03-19,11:14:00,一食堂-大众窗口,食堂,10.63
T0004622,20230033,2026-03-08,12:10:00,一食堂-大众窗口,食堂,10.97
T0004623,20230033,2026-03-16,12:34:00,一食堂-大众窗口,食堂,8.48
T0004624,20220020,2026-03-07,17:53:00,二食堂-面食窗口,食堂,12.4
T0004625,20250091,2026-03-13,12:34:00,一食堂-风味窗口,食堂,12.57
T0004626,20240074,2026-03-04,19:03:00,奶茶店,饮品,14.8
T0004627,20250035,2026-03-21,18:11:00,二食堂-大众窗口,食堂,9.14
T0004628,20250015,2026-03-15,15:47:00,水果店,超市,26.06
T0004629,20250091,2026-03-15,18:45:00,二食堂-大众窗口,食堂,12.16
T0004630,20250111,2026-03-05,08:22:00,一食堂-风味窗口,食堂,19.83
T0004631,20250071,2026-03-11,18:51:00,一食堂-风味窗口,食堂,12.72
T0004632,20240054,2026-03-11,11:02:00,二食堂-面食窗口,食堂,15.84
T0004633,20220120,2026-03-14,19:54:00,水果店,超市,20.52
T0004634,20230089,2026-03-04,18:03:00,一食堂-大众窗口,食堂,8.92
T0004635,20250083,2026-03-18,18:41:00,一食堂-大众窗口,食堂,14.44
T0004636,20250035,2026-03-19,08:06:00,一食堂-大众窗口,食堂,11.9
T0004637,20240074,2026-03-04,11:06:00,二食堂-大众窗口,食堂,12.25
T0004638,20230049,2026-03-17,11:51:00,一食堂-大众窗口,食堂,8.58
T0004639,20240066,2026-03-16,07:22:00,二食堂-面食窗口,食堂,12.82
T0004640,20240074,2026-03-22,07:08:00,一食堂-大众窗口,食堂,14.36
T0004641,20220060,2026-03-11,07:23:00,一食堂-大众窗口,食堂,10.85
T0004642,20250063,2026-03-03,13:59:00,二食堂-面食窗口,食堂,13.56
T0004643,20250055,2026-03-16,07:04:00,二食堂-大众窗口,食堂,8.86
T0004644,20230021,2026-03-16,08:00:00,二食堂-面食窗口,食堂,12.53
T0004645,20240078,2026-03-09,18:05:00,二食堂-大众窗口,食堂,14.07
T0004646,20250023,2026-03-08,15:50:00,奶茶店,饮品,15.2
T0004647,20250099,2026-03-09,17:20:00,二食堂-大众窗口,食堂,12.64
T0004648,20220072,2026-03-17,07:45:00,一食堂-风味窗口,食堂,15.78
T0004649,20250011,2026-03-05,10:56:00,水果店,超市,10.25
T0004650,20220108,2026-03-05,08:50:00,一食堂-大众窗口,食堂,13.36
T0004651,20230105,2026-03-12,12:27:00,二食堂-面食窗口,食堂,11.03
T0004652,20240118,2026-03-06,12:44:00,二食堂-大众窗口,食堂,10.54
T0004653,20240062,2026-03-11,08:13:00,二食堂-大众窗口,食堂,10.09
T0004654,20220016,2026-03-15,17:54:00,二食堂-面食窗口,食堂,15.69
T0004655,20220020,2026-03-11,18:49:00,二食堂-大众窗口,食堂,9.68
T0004656,20240090,2026-03-11,18:41:00,二食堂-面食窗口,食堂,11.89
T0004657,20230021,2026-03-06,08:18:00,一食堂-大众窗口,食堂,14.92
T0004658,20250111,2026-03-07,17:10:00,一食堂-大众窗口,食堂,12.73
T0004659,20230017,2026-03-05,18:30:00,一食堂-风味窗口,食堂,18.56
T0004660,20220004,2026-03-16,12:38:00,一食堂-风味窗口,食堂,18.61
T0004661,20240106,2026-03-19,17:04:00,一食堂-风味窗口,食堂,17.07
T0004662,20220008,2026-03-21,19:09:00,便利店,超市,19.84
T0004663,20230117,2026-03-05,08:33:00,一食堂-风味窗口,食堂,21.56
T0004664,20220068,2026-03-05,08:06:00,二食堂-大众窗口,食堂,8.1
T0004665,20240046,2026-03-12,07:59:00,一食堂-大众窗口,食堂,13.44
T0004666,20230001,2026-03-20,08:12:00,二食堂-大众窗口,食堂,8.45
T0004667,20230029,2026-03-20,18:01:00,一食堂-大众窗口,食堂,11.9
T0004668,20250091,2026-03-03,07:22:00,二食堂-面食窗口,食堂,17.66
T0004669,20250079,2026-03-08,18:33:00,一食堂-大众窗口,食堂,8.58
T0004670,20230013,2026-03-15,12:07:00,一食堂-风味窗口,食堂,12.5
T0004671,20230021,2026-03-07,17:20:00,二食堂-大众窗口,食堂,13.46
T0004672,20250079,2026-03-05,11:22:00,二食堂-面食窗口,食堂,13.99
T0004673,20220068,2026-03-07,12:31:00,一食堂-风味窗口,食堂,17.21
T0004674,20240078,2026-03-16,19:30:00,奶茶店,饮品,8.49
T0004675,20230077,2026-03-08,18:00:00,一食堂-风味窗口,食堂,12.38
T0004676,20240006,2026-03-03,18:39:00,二食堂-面食窗口,食堂,10.37
T0004677,20220080,2026-03-17,07:26:00,一食堂-风味窗口,食堂,18.36
T0004678,20250059,2026-03-19,18:22:00,二食堂-大众窗口,食堂,8.18
T0004679,20250091,2026-03-17,12:01:00,一食堂-风味窗口,食堂,17.24
T0004680,20250079,2026-03-06,12:03:00,二食堂-大众窗口,食堂,11.06
T0004681,20250099,2026-03-18,07:26:00,一食堂-大众窗口,食堂,8.68
T0004682,20220004,2026-03-10,18:00:00,二食堂-大众窗口,食堂,10.36
T0004683,20220056,2026-03-03,11:39:00,二食堂-面食窗口,食堂,16.12
T0004684,20250035,2026-03-05,21:17:00,便利店,超市,3.2
T0004685,20230105,2026-03-13,12:26:00,二食堂-面食窗口,食堂,13.99
T0004686,20240034,2026-03-12,08:18:00,二食堂-面食窗口,食堂,14.43
T0004687,20250083,2026-03-08,12:54:00,二食堂-面食窗口,食堂,12.2
T0004688,20250011,2026-03-03,10:00:00,水果店,超市,9.02
T0004689,20250043,2026-03-17,11:08:00,一食堂-风味窗口,食堂,13.27
T0004690,20230081,2026-03-02,07:59:00,一食堂-风味窗口,食堂,14.62
T0004691,20250111,2026-03-03,18:40:00,二食堂-面食窗口,食堂,16.26
T0004692,20250067,2026-03-08,18:55:00,一食堂-风味窗口,食堂,21.37
T0004693,20230001,2026-03-04,07:19:00,二食堂-面食窗口,食堂,10.9
T0004694,20230025,2026-03-05,08:30:00,一食堂-大众窗口,食堂,10.04
T0004695,20220036,2026-03-19,08:05:00,二食堂-大众窗口,食堂,14.88
T0004696,20250111,2026-03-21,12:08:00,二食堂-大众窗口,食堂,10.34
T0004697,20250031,2026-03-06,17:15:00,二食堂-面食窗口,食堂,11.36
T0004698,20240014,2026-03-20,11:18:00,一食堂-大众窗口,食堂,14.3
T0004699,20240102,2026-03-13,12:12:00,一食堂-风味窗口,食堂,14.81
T0004700,20240098,2026-03-14,18:08:00,二食堂-面食窗口,食堂,17.93
T0004701,20250107,2026-03-22,17:24:00,二食堂-大众窗口,食堂,14.78
T0004702,20250083,2026-03-18,08:56:00,一食堂-风味窗口,食堂,0.0
T0004703,20240010,2026-03-07,18:28:00,一食堂-风味窗口,食堂,12.99
T0004704,20220004,2026-03-12,11:40:00,一食堂-风味窗口,食堂,17.1
T0004705,20230101,2026-03-15,11:43:00,一食堂-大众窗口,食堂,9.25
T0004706,20250111,2026-03-19,12:16:00,一食堂-大众窗口,食堂,14.26
T0004707,20240110,2026-03-16,11:58:00,一食堂-风味窗口,食堂,21.15
T0004708,20220112,2026-03-22,11:13:00,一食堂-大众窗口,食堂,11.74
T0004709,20250039,2026-03-05,08:35:00,一食堂-风味窗口,食堂,16.08
T0004710,20240002,2026-03-19,08:02:00,一食堂-风味窗口,食堂,12.4
T0004711,20250043,2026-03-20,07:42:00,一食堂-风味窗口,食堂,19.76
T0004712,20230117,2026-03-22,12:23:00,二食堂-大众窗口,食堂,9.48
T0004713,20240082,2026-03-09,12:07:00,一食堂-大众窗口,食堂,10.75
T0004714,20250055,2026-03-04,08:48:00,二食堂-面食窗口,食堂,14.94
T0004715,20220072,2026-03-22,17:00:00,二食堂-大众窗口,食堂,12.46
T0004716,20230117,2026-03-17,12:18:00,一食堂-大众窗口,食堂,10.23
T0004717,20250035,2026-03-10,13:50:00,一食堂-大众窗口,食堂,9.2
T0004718,20220064,2026-03-17,21:03:00,超市A,超市,4.28
T0004719,20240058,2026-03-04,12:53:00,一食堂-大众窗口,食堂,11.23
T0004720,20230097,2026-03-11,08:19:00,一食堂-大众窗口,食堂,12.29
T0004721,20230013,2026-03-02,12:02:00,一食堂-大众窗口,食堂,11.82
T0004722,20230065,2026-03-06,18:26:00,二食堂-大众窗口,食堂,13.94
T0004723,20250007,2026-03-20,18:41:00,一食堂-风味窗口,食堂,15.85
T0004724,20230077,2026-03-15,12:36:00,二食堂-大众窗口,食堂,9.51
T0004725,20230081,2026-03-02,21:13:00,便利店,超市,9.44
T0004726,20220084,2026-03-18,07:36:00,一食堂-大众窗口,食堂,9.37
T0004727,20250039,2026-03-21,13:08:00,二食堂-大众窗口,食堂,13.52
T0004728,20250099,2026-03-05,18:05:00,二食堂-大众窗口,食堂,14.98
T0004729,20240038,2026-03-04,12:13:00,一食堂-大众窗口,食堂,8.19
T0004730,20250031,2026-03-17,07:43:00,二食堂-大众窗口,食堂,12.26
T0004731,20230005,2026-03-04,12:43:00,一食堂-风味窗口,食堂,20.45
T0004732,20230093,2026-03-11,18:58:00,二食堂-大众窗口,食堂,10.99
T0004733,20230033,2026-03-20,07:16:00,一食堂-大众窗口,食堂,8.17
T0004734,20240022,2026-03-11,18:17:00,一食堂-风味窗口,食堂,12.95
T0004735,20240114,2026-03-10,18:49:00,一食堂-大众窗口,食堂,12.26
T0004736,20230057,2026-03-20,07:34:00,一食堂-大众窗口,食堂,14.63
T0004737,20240002,2026-03-12,12:46:00,二食堂-面食窗口,食堂,14.0
T0004738,20250031,2026-03-20,07:39:00,二食堂-大众窗口,食堂,8.69
T0004739,20230097,2026-03-22,07:29:00,一食堂-大众窗口,食堂,14.94
T0004740,20240054,2026-03-10,12:17:00,二食堂-面食窗口,食堂,15.12
T0004741,20220056,2026-03-17,07:33:00,一食堂-风味窗口,食堂,15.49
T0004742,20250091,2026-03-05,18:53:00,一食堂-大众窗口,食堂,13.31
T0004743,20250063,2026-03-08,17:49:00,二食堂-面食窗口,食堂,10.05
T0004744,20230017,2026-03-05,15:14:00,便利店,超市,9.59
T0004745,20230005,2026-03-04,07:16:00,二食堂-面食窗口,食堂,17.26
T0004746,20240014,2026-03-14,12:52:00,一食堂-风味窗口,食堂,18.16
T0004747,20220008,2026-03-14,18:07:00,二食堂-面食窗口,食堂,17.5
T0004748,20230029,2026-03-12,08:12:00,一食堂-风味窗口,食堂,12.2
T0004749,20220060,2026-03-17,11:56:00,二食堂-大众窗口,食堂,8.33
T0004750,20240062,2026-03-09,18:23:00,二食堂-大众窗口,食堂,10.32
T0004751,20250011,2026-03-05,18:56:00,二食堂-大众窗口,食堂,12.67
T0004752,20220036,2026-03-22,10:23:00,奶茶店,饮品,6.71
T0004753,20250115,2026-03-04,19:41:00,水果店,超市,27.36
T0004754,20220072,2026-03-09,18:18:00,一食堂-大众窗口,食堂,8.72
T0004755,20240114,2026-03-15,07:31:00,二食堂-面食窗口,食堂,16.99
T0004756,20230017,2026-03-15,12:21:00,二食堂-面食窗口,食堂,11.37
T0004757,20220048,2026-03-03,17:48:00,二食堂-大众窗口,食堂,10.37
T0004758,20240050,2026-03-14,19:47:00,咖啡店,饮品,13.18
T0004759,20220016,2026-03-12,08:24:00,一食堂-大众窗口,食堂,13.78
T0004760,20220008,2026-03-07,11:21:00,二食堂-大众窗口,食堂,10.73
T0004761,20240050,2026-03-08,11:23:00,二食堂-面食窗口,食堂,10.26
T0004762,20240054,2026-03-19,12:59:00,一食堂-风味窗口,食堂,12.83
T0004763,20250011,2026-03-14,12:49:00,一食堂-风味窗口,食堂,12.17
T0004764,20220052,2026-03-08,19:03:00,便利店,超市,11.03
T0004765,20220012,2026-03-10,08:39:00,一食堂-大众窗口,食堂,13.7
T0004766,20250007,2026-03-19,12:17:00,一食堂-风味窗口,食堂,16.35
T0004767,20230025,2026-03-02,08:17:00,二食堂-面食窗口,食堂,15.07
T0004768,20250083,2026-03-12,18:26:00,二食堂-面食窗口,食堂,10.61
T0004769,20230013,2026-03-16,18:54:00,一食堂-大众窗口,食堂,11.7
T0004770,20220004,2026-03-03,08:38:00,一食堂-风味窗口,食堂,13.91
T0004771,20230101,2026-03-02,07:52:00,一食堂-大众窗口,食堂,13.17
T0004772,20230025,2026-03-03,08:21:00,一食堂-大众窗口,食堂,9.44
T0004773,20250011,2026-03-16,08:00:00,二食堂-大众窗口,食堂,11.3
T0004774,20250059,2026-03-03,07:47:00,一食堂-大众窗口,食堂,10.42
T0004775,20250083,2026-03-09,13:52:00,二食堂-面食窗口,食堂,16.65
T0004776,20230037,2026-03-03,13:23:00,二食堂-面食窗口,食堂,15.64
T0004777,20250035,2026-03-09,08:00:00,一食堂-大众窗口,食堂,13.51
T0004778,20220016,2026-03-13,17:20:00,二食堂-面食窗口,食堂,17.66
T0004779,20240070,2026-03-11,13:39:00,二食堂-面食窗口,食堂,13.31
T0004780,20250031,2026-03-19,08:24:00,一食堂-风味窗口,食堂,16.99
T0004781,20240066,2026-03-03,17:28:00,一食堂-风味窗口,食堂,15.86
T0004782,20240086,2026-03-09,08:20:00,二食堂-面食窗口,食堂,17.26
T0004783,20220072,2026-03-09,12:50:00,一食堂-风味窗口,食堂,19.83
T0004784,20220012,2026-03-20,17:51:00,一食堂-风味窗口,食堂,21.5
T0004785,20230041,2026-03-20,07:41:00,一食堂-大众窗口,食堂,13.87
T0004786,20220092,2026-03-08,07:00:00,一食堂-大众窗口,食堂,9.32
T0004787,20250067,2026-03-17,17:10:00,一食堂-风味窗口,食堂,16.41
T0004788,20230077,2026-03-03,17:33:00,一食堂-风味窗口,食堂,19.26
T0004789,20250047,2026-03-03,13:19:00,一食堂-风味窗口,食堂,17.93
T0004790,20230017,2026-03-15,19:45:00,奶茶店,饮品,12.71
T0004791,20230049,2026-03-05,08:46:00,二食堂-面食窗口,食堂,12.08
T0004792,20240030,2026-03-12,12:40:00,一食堂-风味窗口,食堂,15.01
T0004793,20220060,2026-03-03,17:55:00,一食堂-大众窗口,食堂,11.14
T0004794,20250027,2026-03-03,18:43:00,二食堂-大众窗口,食堂,13.49
T0004795,20250119,2026-03-03,11:23:00,二食堂-面食窗口,食堂,10.53
T0004796,20250011,2026-03-04,11:46:00,二食堂-大众窗口,食堂,14.82
T0004797,20230053,2026-03-09,18:49:00,二食堂-面食窗口,食堂,15.4
T0004798,20240082,2026-03-14,17:58:00,一食堂-大众窗口,食堂,8.52
T0004799,20250087,2026-03-16,11:36:00,二食堂-面食窗口,食堂,14.92
T0004800,20230101,2026-03-21,12:12:00,一食堂-风味窗口,食堂,19.38
T0004801,20240070,2026-03-19,17:08:00,一食堂-风味窗口,食堂,20.12
T0004802,20220088,2026-03-21,18:57:00,二食堂-面食窗口,食堂,15.87
T0004803,20240086,2026-03-17,07:27:00,一食堂-大众窗口,食堂,12.01
T0004804,20230017,2026-03-16,12:49:00,一食堂-风味窗口,食堂,19.59
T0004805,20240082,2026-03-10,18:13:00,一食堂-风味窗口,食堂,21.17
T0004806,20240118,2026-03-22,21:13:00,水果店,超市,14.23
T0004807,20250115,2026-03-05,17:11:00,一食堂-大众窗口,食堂,13.8
T0004808,20230065,2026-03-14,12:34:00,二食堂-大众窗口,食堂,11.9
T0004809,20250031,2026-03-05,12:18:00,一食堂-风味窗口,食堂,18.91
T0004810,20250015,2026-03-02,19:59:00,便利店,超市,13.92
T0004811,20220064,2026-03-14,19:03:00,咖啡店,饮品,16.91
T0004812,20220016,2026-03-18,07:05:00,一食堂-风味窗口,食堂,16.95
T0004813,20230029,2026-03-07,18:47:00,一食堂-大众窗口,食堂,13.65
T0004814,20230093,2026-03-02,12:11:00,二食堂-大众窗口,食堂,9.3
T0004815,20240118,2026-03-05,07:41:00,二食堂-大众窗口,食堂,11.74
T0004816,20240050,2026-03-12,13:50:00,一食堂-风味窗口,食堂,20.12
T0004817,20240054,2026-03-13,12:56:00,一食堂-风味窗口,食堂,18.0
T0004818,20220024,2026-03-02,07:25:00,一食堂-大众窗口,食堂,9.28
T0004819,20230069,2026-03-05,07:55:00,一食堂-大众窗口,食堂,14.83
T0004820,20250047,2026-03-13,18:17:00,二食堂-大众窗口,食堂,8.66
T0004821,20230065,2026-03-09,18:20:00,二食堂-面食窗口,食堂,12.09
T0004822,20240070,2026-03-09,11:07:00,一食堂-风味窗口,食堂,14.83
T0004823,20220080,2026-03-14,12:36:00,二食堂-大众窗口,食堂,13.33
T0004824,20240058,2026-03-21,12:39:00,一食堂-大众窗口,食堂,12.59
T0004825,20250091,2026-03-05,12:51:00,一食堂-大众窗口,食堂,8.62
T0004826,20240074,2026-03-04,18:17:00,二食堂-大众窗口,食堂,10.22
T0004827,20230013,2026-03-03,12:47:00,二食堂-面食窗口,食堂,13.95
T0004828,20230013,2026-03-07,18:37:00,一食堂-风味窗口,食堂,21.67
T0004829,20240042,2026-03-13,12:32:00,二食堂-面食窗口,食堂,11.28
T0004830,20240026,2026-03-20,08:37:00,一食堂-大众窗口,食堂,12.26
T0004831,20230101,2026-03-10,08:19:00,二食堂-大众窗口,食堂,12.06
T0004832,20240086,2026-03-22,18:12:00,二食堂-大众窗口,食堂,11.71
T0004833,20240070,2026-03-04,07:36:00,一食堂-大众窗口,食堂,13.41
T0004834,20250087,2026-03-10,19:10:00,咖啡店,饮品,18.74
T0004835,20220080,2026-03-12,18:27:00,二食堂-面食窗口,食堂,12.29
T0004836,20230113,2026-03-16,12:26:00,二食堂-大众窗口,食堂,14.33
T0004837,20230013,2026-03-11,11:21:00,二食堂-面食窗口,食堂,10.22
T0004838,20250075,2026-03-03,18:43:00,一食堂-风味窗口,食堂,14.5
T0004839,20240046,2026-03-02,11:58:00,二食堂-面食窗口,食堂,15.84
T0004840,20240038,2026-03-09,12:33:00,二食堂-大众窗口,食堂,12.34
T0004841,20240046,2026-03-11,18:43:00,二食堂-大众窗口,食堂,11.25
T0004842,20220056,2026-03-21,17:43:00,二食堂-大众窗口,食堂,13.76
T0004843,20230081,2026-03-06,12:05:00,一食堂-大众窗口,食堂,12.67
T0004844,20220112,2026-03-12,18:29:00,二食堂-面食窗口,食堂,12.38
T0004845,20240106,2026-03-08,12:39:00,二食堂-大众窗口,食堂,8.03
T0004846,20250027,2026-03-04,18:36:00,二食堂-大众窗口,食堂,13.98
T0004847,20240110,2026-03-05,12:50:00,二食堂-面食窗口,食堂,15.09
T0004848,20240118,2026-03-10,12:36:00,一食堂-风味窗口,食堂,15.35
T0004849,20230065,2026-03-20,17:34:00,一食堂-大众窗口,食堂,9.83
T0004850,20240022,2026-03-15,18:31:00,二食堂-面食窗口,食堂,17.23
T0004851,20240022,2026-03-04,07:46:00,一食堂-大众窗口,食堂,9.44
T0004852,20220028,2026-03-17,12:06:00,一食堂-风味窗口,食堂,13.21
T0004853,20250027,2026-03-20,12:21:00,一食堂-大众窗口,食堂,9.89
T0004854,20230029,2026-03-12,17:39:00,二食堂-大众窗口,食堂,10.04
T0004855,20230065,2026-03-19,12:11:00,二食堂-大众窗口,食堂,13.94
T0004856,20230105,2026-03-04,07:37:00,一食堂-风味窗口,食堂,15.6
T0004857,20230013,2026-03-18,12:24:00,二食堂-大众窗口,食堂,13.76
T0004858,20240090,2026-03-08,11:01:00,二食堂-大众窗口,食堂,10.12
T0004859,20220116,2026-03-12,18:11:00,一食堂-大众窗口,食堂,8.88
T0004860,20220108,2026-03-08,13:09:00,二食堂-面食窗口,食堂,16.09
T0004861,20250059,2026-03-05,08:25:00,二食堂-面食窗口,食堂,14.03
T0004862,20220008,2026-03-19,07:35:00,二食堂-面食窗口,食堂,11.26
T0004863,20220016,2026-03-20,12:56:00,二食堂-面食窗口,食堂,17.4
T0004864,20240078,2026-03-08,18:17:00,一食堂-大众窗口,食堂,12.64
T0004865,20220096,2026-03-20,12:04:00,一食堂-大众窗口,食堂,14.89
T0004866,20230057,2026-03-17,07:53:00,一食堂-大众窗口,食堂,11.13
T0004867,20250007,2026-03-05,15:46:00,水果店,超市,9.71
T0004868,20240082,2026-03-19,17:03:00,一食堂-大众窗口,食堂,12.94
T0004869,20220108,2026-03-17,12:48:00,一食堂-大众窗口,食堂,8.1
T0004870,20220072,2026-03-14,17:10:00,二食堂-大众窗口,食堂,14.76
T0004871,20250043,2026-03-14,17:29:00,二食堂-面食窗口,食堂,17.53
T0004872,20220052,2026-03-04,07:07:00,一食堂-大众窗口,食堂,11.34
T0004873,20220004,2026-03-14,18:50:00,一食堂-风味窗口,食堂,15.79
T0004874,20240010,2026-03-09,15:44:00,咖啡店,饮品,13.76
T0004875,20250063,2026-03-15,17:26:00,二食堂-大众窗口,食堂,9.73
T0004876,20250047,2026-03-09,18:10:00,一食堂-风味窗口,食堂,20.34
T0004877,20240014,2026-03-18,17:55:00,一食堂-大众窗口,食堂,11.2
T0004878,20250035,2026-03-02,19:56:00,超市A,超市,14.22
T0004879,20250039,2026-03-05,11:47:00,二食堂-面食窗口,食堂,13.67
T0004880,20240054,2026-03-16,12:14:00,一食堂-风味窗口,食堂,21.79
T0004881,20250043,2026-03-14,12:30:00,二食堂-面食窗口,食堂,12.27
T0004882,20230069,2026-03-16,17:46:00,一食堂-大众窗口,食堂,10.11
T0004883,20220004,2026-03-11,12:46:00,一食堂-风味窗口,食堂,15.61
T0004884,20250083,2026-03-13,17:53:00,一食堂-风味窗口,食堂,21.36
T0004885,20220028,2026-03-02,17:21:00,二食堂-大众窗口,食堂,12.09
T0004886,20240066,2026-03-10,17:49:00,一食堂-大众窗口,食堂,9.48
T0004887,20240114,2026-03-03,17:06:00,一食堂-大众窗口,食堂,12.81
T0004888,20230037,2026-03-10,08:18:00,二食堂-大众窗口,食堂,14.05
T0004889,20240014,2026-03-19,18:03:00,一食堂-风味窗口,食堂,12.93
T0004890,20220088,2026-03-02,18:29:00,二食堂-面食窗口,食堂,16.13
T0004891,20230005,2026-03-02,12:30:00,二食堂-面食窗口,食堂,12.02
T0004892,20250007,2026-03-21,12:33:00,一食堂-大众窗口,食堂,9.12
T0004893,20250087,2026-03-18,13:16:00,一食堂-风味窗口,食堂,18.28
T0004894,20240054,2026-03-19,08:20:00,二食堂-大众窗口,食堂,9.16
T0004895,20250043,2026-03-22,18:52:00,二食堂-大众窗口,食堂,9.16
T0004896,20250067,2026-03-20,12:15:00,二食堂-大众窗口,食堂,14.86
T0004897,20240090,2026-03-20,17:37:00,二食堂-面食窗口,食堂,11.75
T0004898,20240010,2026-03-22,12:53:00,一食堂-大众窗口,食堂,8.92
T0004899,20240118,2026-03-19,11:58:00,二食堂-面食窗口,食堂,16.85
T0004900,20230049,2026-03-15,12:37:00,一食堂-大众窗口,食堂,11.3
T0004901,20220112,2026-03-04,08:26:00,一食堂-风味窗口,食堂,21.21
T0004902,20240074,2026-03-09,18:52:00,一食堂-风味窗口,食堂,18.54
T0004903,20230093,2026-03-05,11:25:00,一食堂-风味窗口,食堂,17.54
T0004904,20230017,2026-03-07,18:04:00,二食堂-大众窗口,食堂,14.55
T0004905,20250115,2026-03-09,10:57:00,超市A,超市,4.36
T0004906,20240102,2026-03-10,12:31:00,二食堂-大众窗口,食堂,14.39
T0004907,20240070,2026-03-02,07:58:00,二食堂-面食窗口,食堂,10.22
T0004908,20230053,2026-03-11,18:07:00,一食堂-大众窗口,食堂,13.91
T0004909,20230113,2026-03-05,08:05:00,一食堂-大众窗口,食堂,12.13
T0004910,20250063,2026-03-07,17:51:00,二食堂-大众窗口,食堂,13.69
T0004911,20230101,2026-03-09,19:43:00,超市A,超市,3.1
T0004912,20230093,2026-03-15,07:38:00,一食堂-风味窗口,食堂,20.3
T0004913,20230081,2026-03-16,12:39:00,一食堂-大众窗口,食堂,9.44
T0004914,20250119,2026-03-19,18:42:00,一食堂-风味窗口,食堂,19.8
T0004915,20240006,2026-03-08,18:17:00,一食堂-大众窗口,食堂,13.78
T0004916,20240106,2026-03-12,18:59:00,二食堂-面食窗口,食堂,10.02
T0004917,20220072,2026-03-21,12:01:00,一食堂-大众窗口,食堂,12.51
T0004918,20250099,2026-03-06,12:47:00,二食堂-大众窗口,食堂,9.41
T0004919,20240082,2026-03-05,08:15:00,二食堂-大众窗口,食堂,14.5
T0004920,20220088,2026-03-20,08:07:00,二食堂-面食窗口,食堂,10.26
T0004921,20250011,2026-03-05,08:27:00,二食堂-大众窗口,食堂,9.19
T0004922,20230101,2026-03-20,18:10:00,二食堂-面食窗口,食堂,17.27
T0004923,20230093,2026-03-09,18:43:00,二食堂-面食窗口,食堂,16.34
T0004924,20230033,2026-03-15,12:35:00,二食堂-面食窗口,食堂,10.3
T0004925,20230081,2026-03-13,17:42:00,一食堂-大众窗口,食堂,9.09
T0004926,20250055,2026-03-17,12:34:00,一食堂-大众窗口,食堂,12.15
T0004927,20220100,2026-03-14,12:21:00,一食堂-大众窗口,食堂,11.25
T0004928,20240114,2026-03-02,17:33:00,一食堂-大众窗口,食堂,14.35
T0004929,20230049,2026-03-04,17:44:00,一食堂-大众窗口,食堂,14.73
T0004930,20220096,2026-03-05,07:06:00,一食堂-大众窗口,食堂,9.27
T0004931,20240010,2026-03-04,12:39:00,二食堂-面食窗口,食堂,16.35
T0004932,20240002,2026-03-10,07:15:00,二食堂-面食窗口,食堂,15.5
T0004933,20250023,2026-03-20,21:30:00,便利店,超市,19.12
T0004934,20250059,2026-03-15,11:26:00,二食堂-面食窗口,食堂,16.04
T0004935,20250095,2026-03-17,07:40:00,一食堂-风味窗口,食堂,15.48
T0004936,20230085,2026-03-07,11:08:00,二食堂-面食窗口,食堂,16.94
T0004937,20250047,2026-03-14,07:17:00,一食堂-风味窗口,食堂,18.68
T0004938,20250063,2026-03-22,08:39:00,二食堂-面食窗口,食堂,17.33
T0004939,20230105,2026-03-09,17:02:00,一食堂-大众窗口,食堂,10.16
T0004940,20230113,2026-03-09,18:45:00,二食堂-面食窗口,食堂,12.66
T0004941,20240034,2026-03-05,12:44:00,二食堂-面食窗口,食堂,17.84
T0004942,20250067,2026-03-11,07:26:00,二食堂-大众窗口,食堂,8.25
T0004943,20220016,2026-03-21,08:07:00,二食堂-大众窗口,食堂,13.18
T0004944,20220032,2026-03-21,12:12:00,二食堂-大众窗口,食堂,12.66
T0004945,20230029,2026-03-07,11:48:00,二食堂-大众窗口,食堂,11.84
T0004946,20250007,2026-03-19,17:04:00,二食堂-大众窗口,食堂,11.5
T0004947,20250031,2026-03-17,12:20:00,一食堂-风味窗口,食堂,17.09
T0004948,20250111,2026-03-20,07:38:00,二食堂-大众窗口,食堂,8.69
T0004949,20230069,2026-03-20,12:01:00,一食堂-大众窗口,食堂,11.36
T0004950,20240098,2026-03-19,19:53:00,水果店,超市,17.47
T0004951,20250091,2026-03-18,13:42:00,二食堂-大众窗口,食堂,10.96
T0004952,20240118,2026-03-13,07:40:00,二食堂-面食窗口,食堂,17.08
T0004953,20250119,2026-03-20,08:32:00,二食堂-大众窗口,食堂,10.92
T0004954,20250047,2026-03-16,07:54:00,一食堂-大众窗口,食堂,13.42
T0004955,20250115,2026-03-18,18:00:00,二食堂-大众窗口,食堂,11.58
T0004956,20220096,2026-03-15,18:22:00,一食堂-大众窗口,食堂,8.86
T0004957,20220008,2026-03-08,17:10:00,一食堂-大众窗口,食堂,14.51
T0004958,20230029,2026-03-09,11:53:00,一食堂-风味窗口,食堂,19.2
T0004959,20220020,2026-03-22,18:41:00,一食堂-大众窗口,食堂,12.26
T0004960,20230085,2026-03-03,12:23:00,一食堂-风味窗口,食堂,14.94
T0004961,20230009,2026-03-17,11:08:00,二食堂-面食窗口,食堂,11.7
T0004962,20220068,2026-03-12,18:01:00,二食堂-大众窗口,食堂,10.66
T0004963,20240098,2026-03-09,18:47:00,一食堂-风味窗口,食堂,15.37
T0004964,20240106,2026-03-04,07:00:00,一食堂-大众窗口,食堂,8.51
T0004965,20250035,2026-03-15,13:11:00,二食堂-大众窗口,食堂,8.15
T0004966,20240030,2026-03-17,18:33:00,一食堂-大众窗口,食堂,12.7
T0004967,20250095,2026-03-03,13:57:00,一食堂-风味窗口,食堂,12.29
T0004968,20250019,2026-03-16,17:29:00,一食堂-风味窗口,食堂,14.25
T0004969,20230085,2026-03-02,17:50:00,一食堂-大众窗口,食堂,8.02
T0004970,20240010,2026-03-15,12:02:00,二食堂-大众窗口,食堂,12.25
T0004971,20230077,2026-03-02,18:24:00,二食堂-面食窗口,食堂,12.15
T0004972,20240030,2026-03-02,12:30:00,二食堂-面食窗口,食堂,14.38
T0004973,20230089,2026-03-11,08:57:00,一食堂-大众窗口,食堂,9.64
T0004974,20240058,2026-03-18,18:51:00,一食堂-风味窗口,食堂,16.51
T0004975,20220008,2026-03-02,07:00:00,二食堂-面食窗口,食堂,10.49
T0004976,20250051,2026-03-19,12:44:00,一食堂-大众窗口,食堂,13.9
T0004977,20250071,2026-03-14,12:33:00,一食堂-大众窗口,食堂,10.9
T0004978,20250031,2026-03-08,13:09:00,二食堂-大众窗口,食堂,8.44
T0004979,20220084,2026-03-19,17:09:00,一食堂-大众窗口,食堂,11.83
T0004980,20230081,2026-03-14,21:24:00,便利店,超市,9.98
T0004981,20240042,2026-03-13,17:08:00,二食堂-面食窗口,食堂,17.52
T0004982,20230025,2026-03-09,18:24:00,一食堂-大众窗口,食堂,9.75
T0004983,20250087,2026-03-22,12:58:00,一食堂-风味窗口,食堂,21.42
T0004984,20230037,2026-03-04,11:46:00,二食堂-面食窗口,食堂,10.25
T0004985,20230029,2026-03-13,07:06:00,一食堂-大众窗口,食堂,12.62
T0004986,20230109,2026-03-12,08:38:00,一食堂-大众窗口,食堂,9.22
T0004987,20240006,2026-03-02,12:31:00,一食堂-大众窗口,食堂,9.2
T0004988,20220080,2026-03-10,11:26:00,二食堂-面食窗口,食堂,10.84
T0004989,20240082,2026-03-03,11:39:00,一食堂-大众窗口,食堂,11.53
T0004990,20250099,2026-03-02,13:35:00,一食堂-大众窗口,食堂,14.85
T0004991,20240118,2026-03-13,17:18:00,一食堂-风味窗口,食堂,17.5
T0004992,20220044,2026-03-03,07:41:00,二食堂-面食窗口,食堂,16.98
T0004993,20230029,2026-03-16,18:54:00,一食堂-风味窗口,食堂,21.71
T0004994,20240030,2026-03-03,11:03:00,二食堂-大众窗口,食堂,9.6
T0004995,20250091,2026-03-07,17:13:00,二食堂-大众窗口,食堂,10.35
T0004996,20230109,2026-03-20,17:14:00,一食堂-风味窗口,食堂,15.82
T0004997,20220048,2026-03-20,18:42:00,一食堂-风味窗口,食堂,17.23
T0004998,20230017,2026-03-09,10:58:00,便利店,超市,14.88
T0004999,20220032,2026-03-14,13:14:00,二食堂-面食窗口,食堂,17.72
T0005000,20250115,2026-03-15,11:03:00,一食堂-风味窗口,食堂,15.03
T0005001,20230041,2026-03-22,18:37:00,一食堂-风味窗口,食堂,21.86
T0005002,20250019,2026-03-20,18:48:00,一食堂-风味窗口,食堂,12.21
T0005003,20250019,2026-03-22,17:31:00,二食堂-面食窗口,食堂,17.93
T0005004,20240114,2026-03-07,18:59:00,二食堂-面食窗口,食堂,14.17
T0005005,20220116,2026-03-17,11:39:00,二食堂-面食窗口,食堂,12.83
T0005006,20240094,2026-03-10,18:36:00,一食堂-风味窗口,食堂,13.81
T0005007,20250119,2026-03-17,08:04:00,二食堂-面食窗口,食堂,11.53
T0005008,20240098,2026-03-14,10:10:00,水果店,超市,5.62
T0005009,20220076,2026-03-22,18:12:00,二食堂-大众窗口,食堂,8.42
T0005010,20220056,2026-03-04,12:58:00,二食堂-大众窗口,食堂,14.87
T0005011,20220116,2026-03-15,13:09:00,一食堂-风味窗口,食堂,14.55
T0005012,20250115,2026-03-08,08:00:00,一食堂-大众窗口,食堂,12.67
T0005013,20250095,2026-03-04,12:31:00,二食堂-大众窗口,食堂,11.75
T0005014,20220048,2026-03-03,10:40:00,便利店,超市,6.17
T0005015,20250007,2026-03-18,13:34:00,二食堂-面食窗口,食堂,12.29
T0005016,20240094,2026-03-13,18:56:00,二食堂-面食窗口,食堂,15.34
T0005017,20250099,2026-03-12,13:56:00,一食堂-大众窗口,食堂,12.82
T0005018,20240086,2026-03-02,12:26:00,一食堂-大众窗口,食堂,9.67
T0005019,20250007,2026-03-21,07:28:00,一食堂-风味窗口,食堂,16.7
T0005020,20240038,2026-03-10,11:19:00,一食堂-大众窗口,食堂,11.47
T0005021,20250023,2026-03-16,11:46:00,二食堂-大众窗口,食堂,12.44
T0005022,20250007,2026-03-11,12:02:00,一食堂-风味窗口,食堂,13.81
T0005023,20220044,2026-03-13,13:00:00,二食堂-面食窗口,食堂,16.12
T0005024,20250111,2026-03-15,12:43:00,一食堂-风味窗口,食堂,18.2
T0005025,20240094,2026-03-15,17:04:00,二食堂-面食窗口,食堂,11.44
T0005026,20250027,2026-03-03,12:58:00,二食堂-大众窗口,食堂,12.97
T0005027,20250043,2026-03-21,18:04:00,一食堂-大众窗口,食堂,9.93
T0005028,20240050,2026-03-22,12:02:00,一食堂-大众窗口,食堂,11.28
T0005029,20230085,2026-03-21,13:56:00,一食堂-风味窗口,食堂,13.86
T0005030,20250039,2026-03-09,15:32:00,水果店,超市,22.86
T0005031,20240110,2026-03-04,08:31:00,二食堂-面食窗口,食堂,12.36
T0005032,20250039,2026-03-18,17:42:00,一食堂-风味窗口,食堂,16.56
T0005033,20250071,2026-03-05,07:04:00,一食堂-风味窗口,食堂,13.16
T0005034,20250071,2026-03-16,11:58:00,一食堂-大众窗口,食堂,12.81
T0005035,20250003,2026-03-04,17:21:00,二食堂-大众窗口,食堂,8.79
T0005036,20220108,2026-03-18,07:48:00,一食堂-大众窗口,食堂,12.38
T0005037,20240034,2026-03-03,17:35:00,一食堂-大众窗口,食堂,14.41
T0005038,20230073,2026-03-10,07:11:00,二食堂-大众窗口,食堂,14.81
T0005039,20250107,2026-03-09,12:34:00,二食堂-面食窗口,食堂,14.11
T0005040,20240038,2026-03-20,12:40:00,二食堂-面食窗口,食堂,13.66
T0005041,20220008,2026-03-03,10:24:00,奶茶店,饮品,15.55
T0005042,20250031,2026-03-13,11:01:00,一食堂-风味窗口,食堂,20.03
T0005043,20230029,2026-03-19,13:38:00,二食堂-大众窗口,食堂,13.15
T0005044,20220108,2026-03-15,08:44:00,一食堂-风味窗口,食堂,18.34
T0005045,20240102,2026-03-06,18:18:00,二食堂-大众窗口,食堂,12.33
T0005046,20250031,2026-03-03,12:14:00,一食堂-大众窗口,食堂,9.28
T0005047,20240066,2026-03-20,17:39:00,二食堂-面食窗口,食堂,17.82
T0005048,20220020,2026-03-19,12:19:00,二食堂-面食窗口,食堂,15.46
T0005049,20250011,2026-03-10,07:52:00,一食堂-风味窗口,食堂,16.75
T0005050,20220080,2026-03-18,13:48:00,一食堂-风味窗口,食堂,19.56
T0005051,20250043,2026-03-17,18:12:00,二食堂-面食窗口,食堂,15.82
T0005052,20250007,2026-03-19,07:42:00,二食堂-面食窗口,食堂,17.67
T0005053,20220020,2026-03-06,13:49:00,二食堂-面食窗口,食堂,16.69
T0005054,20230065,2026-03-16,11:46:00,二食堂-大众窗口,食堂,14.76
T0005055,20240042,2026-03-10,08:31:00,一食堂-风味窗口,食堂,16.28
T0005056,20230049,2026-03-20,17:40:00,一食堂-大众窗口,食堂,9.37
T0005057,20250043,2026-03-15,18:11:00,一食堂-大众窗口,食堂,10.93
T0005058,20240030,2026-03-03,15:25:00,奶茶店,饮品,7.88
T0005059,20250023,2026-03-05,12:57:00,一食堂-风味窗口,食堂,20.02
T0005060,20240098,2026-03-05,08:15:00,一食堂-大众窗口,食堂,12.17
T0005061,20240110,2026-03-04,18:44:00,一食堂-风味窗口,食堂,15.36
T0005062,20250095,2026-03-06,13:24:00,一食堂-大众窗口,食堂,12.35
T0005063,20230021,2026-03-02,18:53:00,一食堂-大众窗口,食堂,13.45
T0005064,20220072,2026-03-02,08:39:00,二食堂-大众窗口,食堂,9.74
T0005065,20220064,2026-03-06,12:50:00,一食堂-风味窗口,食堂,13.59
T0005066,20230057,2026-03-03,18:42:00,一食堂-风味窗口,食堂,17.52
T0005067,20250091,2026-03-16,08:07:00,二食堂-面食窗口,食堂,17.71
T0005068,20230017,2026-03-18,18:15:00,一食堂-风味窗口,食堂,20.75
T0005069,20250083,2026-03-19,12:01:00,二食堂-面食窗口,食堂,14.45
T0005070,20240050,2026-03-08,18:25:00,二食堂-面食窗口,食堂,13.21
T0005071,20250047,2026-03-05,08:44:00,二食堂-大众窗口,食堂,12.48
T0005072,20230053,2026-03-15,18:31:00,二食堂-大众窗口,食堂,14.93
T0005073,20220108,2026-03-15,11:16:00,一食堂-大众窗口,食堂,9.8
T0005074,20220120,2026-03-05,11:20:00,二食堂-大众窗口,食堂,12.48
T0005075,20240094,2026-03-12,08:29:00,二食堂-面食窗口,食堂,14.66
T0005076,20240046,2026-03-19,13:38:00,一食堂-大众窗口,食堂,13.33
T0005077,20220044,2026-03-18,17:34:00,一食堂-大众窗口,食堂,13.15
T0005078,20230065,2026-03-20,07:47:00,一食堂-大众窗口,食堂,13.74
T0005079,20230113,2026-03-19,08:30:00,一食堂-风味窗口,食堂,19.3
T0005080,20250003,2026-03-19,18:05:00,二食堂-面食窗口,食堂,15.59
T0005081,20220092,2026-03-15,12:19:00,一食堂-风味窗口,食堂,18.2
T0005082,20220064,2026-03-17,17:00:00,一食堂-风味窗口,食堂,20.1
T0005083,20240118,2026-03-20,12:01:00,一食堂-大众窗口,食堂,14.2
T0005084,20230009,2026-03-17,08:18:00,一食堂-风味窗口,食堂,13.17
T0005085,20230085,2026-03-20,08:25:00,一食堂-风味窗口,食堂,13.47
T0005086,20250015,2026-03-10,11:47:00,一食堂-风味窗口,食堂,19.73
T0005087,20240062,2026-03-10,17:40:00,二食堂-大众窗口,食堂,13.16
T0005088,20250111,2026-03-12,18:40:00,一食堂-风味窗口,食堂,14.49
T0005089,20240078,2026-03-11,07:49:00,一食堂-大众窗口,食堂,13.78
T0005090,20250071,2026-03-18,18:06:00,二食堂-大众窗口,食堂,8.93
T0005091,20220072,2026-03-12,12:22:00,一食堂-大众窗口,食堂,8.13
T0005092,20220028,2026-03-15,18:58:00,二食堂-大众窗口,食堂,14.67
T0005093,20250079,2026-03-12,12:00:00,一食堂-风味窗口,食堂,15.91
T0005094,20250051,2026-03-05,17:48:00,一食堂-大众窗口,食堂,13.98
T0005095,20240034,2026-03-13,18:33:00,二食堂-面食窗口,食堂,15.1
T0005096,20240046,2026-03-08,12:31:00,一食堂-风味窗口,食堂,14.98
T0005097,20230117,2026-03-07,12:14:00,一食堂-大众窗口,食堂,12.99
T0005098,20220064,2026-03-07,12:05:00,一食堂-风味窗口,食堂,18.89
T0005099,20240010,2026-03-17,17:27:00,二食堂-面食窗口,食堂,16.3
T0005100,20230089,2026-03-06,12:52:00,二食堂-大众窗口,食堂,11.68
T0005101,20230113,2026-03-14,12:52:00,二食堂-面食窗口,食堂,10.7
T0005102,20240014,2026-03-02,12:12:00,二食堂-大众窗口,食堂,11.41
T0005103,20220004,2026-03-02,07:38:00,一食堂-风味窗口,食堂,1394.24
T0005104,20240014,2026-03-11,18:07:00,一食堂-大众窗口,食堂,8.77
T0005105,20240034,2026-03-09,13:33:00,二食堂-大众窗口,食堂,10.31
T0005106,20220096,2026-03-15,13:43:00,一食堂-风味窗口,食堂,15.54
T0005107,20240018,2026-03-03,17:54:00,一食堂-大众窗口,食堂,9.61
T0005108,20220048,2026-03-16,08:16:00,一食堂-大众窗口,食堂,11.71
T0005109,20250059,2026-03-10,12:13:00,二食堂-大众窗口,食堂,14.99
T0005110,20250027,2026-03-13,17:11:00,二食堂-大众窗口,食堂,13.47
T0005111,20220104,2026-03-09,12:39:00,一食堂-风味窗口,食堂,18.52
T0005112,20230105,2026-03-22,07:04:00,一食堂-风味窗口,食堂,21.13
T0005113,20230065,2026-03-11,08:54:00,一食堂-大众窗口,食堂,13.99
T0005114,20230045,2026-03-22,18:06:00,二食堂-大众窗口,食堂,13.55
T0005115,20220060,2026-03-17,18:47:00,二食堂-面食窗口,食堂,15.49
T0005116,20240058,2026-03-17,18:06:00,二食堂-大众窗口,食堂,11.69
T0005117,20240010,2026-03-14,08:25:00,二食堂-大众窗口,食堂,11.43
T0005118,20250051,2026-03-04,18:39:00,一食堂-大众窗口,食堂,14.79
T0005119,20230069,2026-03-09,08:36:00,二食堂-大众窗口,食堂,9.19
T0005120,20230093,2026-03-10,12:34:00,一食堂-风味窗口,食堂,15.6
T0005121,20220052,2026-03-07,08:55:00,一食堂-大众窗口,食堂,10.17
T0005122,20220084,2026-03-07,08:24:00,二食堂-面食窗口,食堂,14.43
T0005123,20240002,2026-03-13,21:09:00,奶茶店,饮品,9.1
T0005124,20230105,2026-03-17,18:57:00,一食堂-大众窗口,食堂,10.43
T0005125,20220056,2026-03-19,18:13:00,一食堂-风味窗口,食堂,15.48
T0005126,20250031,2026-03-02,13:20:00,一食堂-大众窗口,食堂,13.44
T0005127,20220112,2026-03-19,18:25:00,二食堂-面食窗口,食堂,15.02
T0005128,20250003,2026-03-20,21:42:00,奶茶店,饮品,10.62
T0005129,20240114,2026-03-14,12:51:00,一食堂-风味窗口,食堂,19.57
T0005130,20220028,2026-03-15,12:09:00,一食堂-风味窗口,食堂,20.89
T0005131,20240030,2026-03-02,07:37:00,一食堂-风味窗口,食堂,13.36
T0005132,20230113,2026-03-09,08:28:00,二食堂-大众窗口,食堂,13.33
T0005133,20250095,2026-03-06,07:59:00,一食堂-风味窗口,食堂,14.14
T0005134,20240074,2026-03-08,12:28:00,二食堂-大众窗口,食堂,13.07
T0005135,20230053,2026-03-06,13:34:00,一食堂-大众窗口,食堂,12.45
T0005136,20220052,2026-03-19,17:34:00,一食堂-风味窗口,食堂,12.6
T0005137,20230037,2026-03-13,07:16:00,一食堂-风味窗口,食堂,16.21
T0005138,20230065,2026-03-18,08:54:00,二食堂-面食窗口,食堂,16.85
T0005139,20250003,2026-03-13,18:23:00,一食堂-风味窗口,食堂,12.68
T0005140,20220096,2026-03-17,18:23:00,二食堂-面食窗口,食堂,15.9
T0005141,20240046,2026-03-18,12:20:00,二食堂-大众窗口,食堂,12.47
T0005142,20230089,2026-03-08,08:20:00,一食堂-风味窗口,食堂,17.39
T0005143,20240050,2026-03-09,13:38:00,一食堂-大众窗口,食堂,11.02
T0005144,20230009,2026-03-09,07:11:00,二食堂-面食窗口,食堂,12.63
T0005145,20220056,2026-03-14,18:34:00,二食堂-面食窗口,食堂,11.91
T0005146,20220080,2026-03-22,12:02:00,一食堂-大众窗口,食堂,14.77
T0005147,20250111,2026-03-11,18:57:00,二食堂-大众窗口,食堂,11.51
T0005148,20240070,2026-03-14,13:55:00,二食堂-面食窗口,食堂,16.88
T0005149,20240074,2026-03-14,18:08:00,一食堂-大众窗口,食堂,11.41
T0005150,20250111,2026-03-20,13:52:00,一食堂-大众窗口,食堂,12.81
T0005151,20230077,2026-03-06,17:19:00,二食堂-面食窗口,食堂,17.45
T0005152,20250011,2026-03-15,12:46:00,二食堂-面食窗口,食堂,17.0
T0005153,20220096,2026-03-07,18:42:00,一食堂-风味窗口,食堂,17.7
T0005154,20220052,2026-03-05,11:10:00,二食堂-大众窗口,食堂,14.79
T0005155,20230057,2026-03-02,12:25:00,二食堂-面食窗口,食堂,12.21
T0005156,20220080,2026-03-17,12:06:00,一食堂-大众窗口,食堂,9.99
T0005157,20250099,2026-03-20,12:28:00,二食堂-面食窗口,食堂,15.26
T0005158,20250083,2026-03-13,07:52:00,一食堂-大众窗口,食堂,11.43
T0005159,20250103,2026-03-05,08:55:00,一食堂-大众窗口,食堂,8.55
T0005160,20220120,2026-03-05,08:13:00,二食堂-大众窗口,食堂,11.34
T0005161,20220076,2026-03-06,13:18:00,一食堂-大众窗口,食堂,14.52
T0005162,20230077,2026-03-16,12:25:00,二食堂-大众窗口,食堂,8.92
T0005163,20250055,2026-03-06,07:01:00,二食堂-面食窗口,食堂,14.01
T0005164,20230089,2026-03-16,18:40:00,二食堂-大众窗口,食堂,14.49
T0005165,20250115,2026-03-12,13:30:00,一食堂-风味窗口,食堂,20.92
T0005166,20220044,2026-03-02,17:39:00,一食堂-大众窗口,食堂,8.86
T0005167,20250087,2026-03-11,13:32:00,一食堂-风味窗口,食堂,14.75
T0005168,20220068,2026-03-07,18:03:00,二食堂-大众窗口,食堂,14.52
T0005169,20240046,2026-03-16,18:06:00,一食堂-大众窗口,食堂,9.68
T0005170,20250119,2026-03-04,17:25:00,一食堂-大众窗口,食堂,8.53
T0005171,20250099,2026-03-16,17:59:00,二食堂-大众窗口,食堂,10.87
T0005172,20220120,2026-03-03,18:30:00,一食堂-大众窗口,食堂,10.12
T0005173,20240086,2026-03-13,18:47:00,二食堂-大众窗口,食堂,8.79
T0005174,20240014,2026-03-13,18:57:00,一食堂-风味窗口,食堂,20.27
T0005175,20220052,2026-03-12,07:19:00,二食堂-大众窗口,食堂,13.2
T0005176,20220092,2026-03-12,17:22:00,二食堂-大众窗口,食堂,9.79
T0005177,20240010,2026-03-05,21:39:00,奶茶店,饮品,14.07
T0005178,20250115,2026-03-06,12:43:00,一食堂-大众窗口,食堂,8.65
T0005179,20240114,2026-03-16,17:54:00,二食堂-大众窗口,食堂,9.07
T0005180,20220108,2026-03-04,12:02:00,一食堂-大众窗口,食堂,8.1
T0005181,20230005,2026-03-19,17:11:00,一食堂-风味窗口,食堂,21.77
T0005182,20240070,2026-03-07,12:14:00,一食堂-风味窗口,食堂,16.16
T0005183,20230049,2026-03-06,12:21:00,二食堂-面食窗口,食堂,11.77
T0005184,20250055,2026-03-14,12:45:00,二食堂-大众窗口,食堂,14.21
T0005185,20230085,2026-03-22,11:13:00,一食堂-风味窗口,食堂,12.4
T0005186,20250079,2026-03-16,17:41:00,二食堂-面食窗口,食堂,11.16
T0005187,20230081,2026-03-10,12:29:00,一食堂-大众窗口,食堂,10.46
T0005188,20220104,2026-03-13,17:43:00,二食堂-面食窗口,食堂,10.29
T0005189,20220108,2026-03-13,07:47:00,二食堂-大众窗口,食堂,9.29
T0005190,20230025,2026-03-20,08:19:00,二食堂-大众窗口,食堂,14.82
T0005191,20230025,2026-03-02,12:13:00,二食堂-大众窗口,食堂,11.61
T0005192,20250119,2026-03-06,11:40:00,一食堂-大众窗口,食堂,8.8
T0005193,20250027,2026-03-14,12:17:00,二食堂-大众窗口,食堂,11.18
T0005194,20250035,2026-03-22,17:28:00,二食堂-面食窗口,食堂,15.53
T0005195,20220080,2026-03-02,19:42:00,奶茶店,饮品,11.89
T0005196,20250063,2026-03-19,07:11:00,一食堂-风味窗口,食堂,12.4
T0005197,20240074,2026-03-19,12:04:00,二食堂-大众窗口,食堂,14.52
T0005198,20230025,2026-03-02,18:13:00,二食堂-大众窗口,食堂,10.59
T0005199,20220008,2026-03-02,11:51:00,一食堂-风味窗口,食堂,19.13
T0005200,20250011,2026-03-17,17:55:00,二食堂-大众窗口,食堂,10.82
T0005201,20250007,2026-03-08,11:46:00,二食堂-大众窗口,食堂,9.48
T0005202,20240102,2026-03-10,08:21:00,一食堂-风味窗口,食堂,20.14
T0005203,20230093,2026-03-12,18:12:00,二食堂-大众窗口,食堂,11.55
T0005204,20230037,2026-03-14,18:30:00,一食堂-风味窗口,食堂,13.4
T0005205,20240006,2026-03-22,12:18:00,一食堂-风味窗口,食堂,20.71
T0005206,20220020,2026-03-08,17:08:00,一食堂-风味窗口,食堂,17.73
T0005207,20230117,2026-03-08,12:40:00,一食堂-大众窗口,食堂,8.66
T0005208,20230037,2026-03-22,12:05:00,二食堂-面食窗口,食堂,13.76
T0005209,20250007,2026-03-17,18:28:00,一食堂-风味窗口,食堂,16.98
T0005210,20250039,2026-03-20,07:06:00,二食堂-面食窗口,食堂,10.34
T0005211,20250079,2026-03-16,11:54:00,二食堂-面食窗口,食堂,11.31
T0005212,20220060,2026-03-08,18:14:00,一食堂-风味窗口,食堂,14.94
T0005213,20250115,2026-03-16,17:31:00,二食堂-面食窗口,食堂,13.9
T0005214,20230017,2026-03-09,11:01:00,二食堂-大众窗口,食堂,8.97
T0005215,20250087,2026-03-19,11:59:00,二食堂-面食窗口,食堂,14.34
T0005216,20220084,2026-03-11,11:49:00,二食堂-面食窗口,食堂,15.49
T0005217,20220084,2026-03-16,17:42:00,二食堂-大众窗口,食堂,8.06
T0005218,20230089,2026-03-16,07:48:00,一食堂-大众窗口,食堂,11.83
T0005219,20240102,2026-03-20,08:44:00,二食堂-面食窗口,食堂,11.36
T0005220,20250067,2026-03-18,11:31:00,二食堂-面食窗口,食堂,16.98
T0005221,20240014,2026-03-02,07:11:00,二食堂-面食窗口,食堂,15.05
T0005222,20220008,2026-03-18,17:24:00,一食堂-风味窗口,食堂,15.75
T0005223,20240078,2026-03-07,17:27:00,二食堂-面食窗口,食堂,14.3
T0005224,20230005,2026-03-08,18:11:00,一食堂-风味窗口,食堂,21.01
T0005225,20230037,2026-03-10,18:22:00,二食堂-大众窗口,食堂,13.59
T0005226,20240094,2026-03-19,21:01:00,便利店,超市,5.96
T0005227,20220044,2026-03-16,18:46:00,二食堂-面食窗口,食堂,15.68
T0005228,20250015,2026-03-19,18:32:00,二食堂-大众窗口,食堂,8.75
T0005229,20220068,2026-03-16,18:14:00,二食堂-大众窗口,食堂,8.75
T0005230,20230097,2026-03-04,12:39:00,一食堂-风味窗口,食堂,15.17
T0005231,20250047,2026-03-06,08:07:00,二食堂-大众窗口,食堂,8.17
T0005232,20250047,2026-03-07,08:54:00,一食堂-大众窗口,食堂,12.54
T0005233,20230045,2026-03-16,11:16:00,二食堂-面食窗口,食堂,10.96
T0005234,20250031,2026-03-14,18:43:00,一食堂-大众窗口,食堂,9.79
T0005235,20240050,2026-03-09,08:48:00,二食堂-面食窗口,食堂,11.27
T0005236,20240058,2026-03-05,11:41:00,二食堂-面食窗口,食堂,16.72
T0005237,20250003,2026-03-08,11:07:00,一食堂-风味窗口,食堂,19.94
T0005238,20220072,2026-03-18,12:26:00,一食堂-大众窗口,食堂,12.37
T0005239,20230069,2026-03-18,18:45:00,二食堂-大众窗口,食堂,9.67
T0005240,20230101,2026-03-11,18:53:00,一食堂-大众窗口,食堂,14.3
T0005241,20220104,2026-03-18,13:03:00,二食堂-面食窗口,食堂,15.66
T0005242,20240046,2026-03-22,17:18:00,一食堂-风味窗口,食堂,17.14
T0005243,20240022,2026-03-03,07:17:00,一食堂-风味窗口,食堂,19.92
T0005244,20240054,2026-03-04,12:15:00,二食堂-面食窗口,食堂,13.92
T0005245,20250031,2026-03-18,12:13:00,二食堂-面食窗口,食堂,16.88
T0005246,20230109,2026-03-22,17:51:00,二食堂-大众窗口,食堂,9.9
T0005247,20240058,2026-03-14,17:24:00,二食堂-面食窗口,食堂,12.36
T0005248,20220084,2026-03-20,18:39:00,一食堂-风味窗口,食堂,21.12
T0005249,20240102,2026-03-19,12:31:00,一食堂-大众窗口,食堂,13.03
T0005250,20220024,2026-03-03,18:58:00,二食堂-面食窗口,食堂,15.4
T0005251,20240046,2026-03-11,11:52:00,二食堂-面食窗口,食堂,15.8
T0005252,20250091,2026-03-10,17:27:00,一食堂-大众窗口,食堂,14.12
T0005253,20240082,2026-03-10,07:26:00,一食堂-风味窗口,食堂,20.51
T0005254,20240054,2026-03-10,17:28:00,二食堂-大众窗口,食堂,8.97
T0005255,20230105,2026-03-18,12:44:00,一食堂-风味窗口,食堂,18.34
T0005256,20230033,2026-03-13,17:18:00,一食堂-风味窗口,食堂,17.63
T0005257,20230033,2026-03-04,08:08:00,一食堂-风味窗口,食堂,21.14
T0005258,20220096,2026-03-13,08:01:00,二食堂-面食窗口,食堂,14.82
T0005259,20240098,2026-03-04,08:17:00,二食堂-面食窗口,食堂,13.89
T0005260,20220112,2026-03-04,17:49:00,二食堂-面食窗口,食堂,10.22
T0005261,20240106,2026-03-02,12:17:00,一食堂-大众窗口,食堂,13.19
T0005262,20250091,2026-03-20,18:56:00,一食堂-风味窗口,食堂,21.06
T0005263,20220084,2026-03-17,18:27:00,一食堂-大众窗口,食堂,8.58
T0005264,20220064,2026-03-05,11:44:00,二食堂-大众窗口,食堂,12.63
T0005265,20230109,2026-03-08,18:50:00,二食堂-面食窗口,食堂,11.68
T0005266,20250095,2026-03-21,07:34:00,二食堂-面食窗口,食堂,17.24
T0005267,20230041,2026-03-14,12:35:00,一食堂-大众窗口,食堂,11.73
T0005268,20250083,2026-03-05,18:22:00,二食堂-大众窗口,食堂,11.79
T0005269,20250051,2026-03-11,08:44:00,二食堂-面食窗口,食堂,13.29
T0005270,20220020,2026-03-21,08:36:00,一食堂-大众窗口,食堂,9.96
T0005271,20230101,2026-03-19,17:46:00,二食堂-面食窗口,食堂,15.27
T0005272,20240038,2026-03-05,13:09:00,二食堂-大众窗口,食堂,12.79
T0005273,20230117,2026-03-11,07:29:00,二食堂-面食窗口,食堂,16.98
T0005274,20220008,2026-03-21,13:11:00,二食堂-面食窗口,食堂,17.42
T0005275,20220100,2026-03-22,08:40:00,二食堂-面食窗口,食堂,10.86
T0005276,20220116,2026-03-10,17:29:00,二食堂-面食窗口,食堂,16.8
T0005277,20220056,2026-03-04,08:04:00,一食堂-大众窗口,食堂,8.83
T0005278,20240062,2026-03-21,12:45:00,一食堂-风味窗口,食堂,18.06
T0005279,20250071,2026-03-22,17:27:00,一食堂-大众窗口,食堂,10.36
T0005280,20240098,2026-03-18,12:39:00,一食堂-风味窗口,食堂,17.29
T0005281,20220068,2026-03-04,13:42:00,二食堂-大众窗口,食堂,9.77
T0005282,20250115,2026-03-03,11:51:00,二食堂-大众窗口,食堂,8.09
T0005283,20240070,2026-03-16,12:27:00,一食堂-风味窗口,食堂,14.54
T0005284,20220040,2026-03-21,12:15:00,二食堂-大众窗口,食堂,12.53
T0005285,20220004,2026-03-12,18:57:00,一食堂-大众窗口,食堂,14.37
T0005286,20250111,2026-03-05,12:12:00,二食堂-大众窗口,食堂,14.73
T0005287,20240026,2026-03-02,18:24:00,二食堂-面食窗口,食堂,12.57
T0005288,20220100,2026-03-10,13:34:00,一食堂-风味窗口,食堂,15.97
T0005289,20230001,2026-03-03,18:06:00,二食堂-面食窗口,食堂,10.55
T0005290,20240022,2026-03-10,12:07:00,二食堂-大众窗口,食堂,13.33
T0005291,20230037,2026-03-21,12:49:00,二食堂-面食窗口,食堂,16.82
T0005292,20250003,2026-03-13,07:55:00,二食堂-面食窗口,食堂,12.1
T0005293,20240082,2026-03-11,17:42:00,一食堂-大众窗口,食堂,14.64
T0005294,20220068,2026-03-17,18:57:00,二食堂-面食窗口,食堂,17.6
T0005295,20240034,2026-03-13,12:43:00,一食堂-风味窗口,食堂,18.12
T0005296,20240094,2026-03-11,13:04:00,二食堂-大众窗口,食堂,9.64
T0005297,20220116,2026-03-04,12:42:00,二食堂-大众窗口,食堂,10.87
T0005298,20250099,2026-03-06,07:32:00,二食堂-面食窗口,食堂,11.91
T0005299,20220088,2026-03-04,10:35:00,水果店,超市,14.06
T0005300,20240118,2026-03-11,07:33:00,二食堂-面食窗口,食堂,11.15
T0005301,20220080,2026-03-12,08:31:00,一食堂-风味窗口,食堂,15.01
T0005302,20230025,2026-03-07,12:30:00,一食堂-风味窗口,食堂,18.76
T0005303,20230053,2026-03-18,07:56:00,一食堂-大众窗口,食堂,9.86
T0005304,20220096,2026-03-19,19:20:00,奶茶店,饮品,16.35
T0005305,20240006,2026-03-18,18:00:00,二食堂-大众窗口,食堂,13.41
T0005306,20230037,2026-03-12,12:54:00,一食堂-风味窗口,食堂,18.81
T0005307,20250015,2026-03-02,17:16:00,一食堂-风味窗口,食堂,18.2
T0005308,20230073,2026-03-03,12:06:00,一食堂-风味窗口,食堂,18.55
T0005309,20220060,2026-03-12,07:52:00,一食堂-大众窗口,食堂,8.73
T0005310,20250015,2026-03-16,08:18:00,一食堂-风味窗口,食堂,13.88
T0005311,20240098,2026-03-20,08:14:00,二食堂-面食窗口,食堂,15.49
T0005312,20230077,2026-03-13,12:37:00,二食堂-大众窗口,食堂,14.2
T0005313,20250047,2026-03-19,08:19:00,二食堂-面食窗口,食堂,12.64
T0005314,20250107,2026-03-11,07:28:00,一食堂-风味窗口,食堂,14.32
T0005315,20220048,2026-03-06,08:43:00,二食堂-面食窗口,食堂,17.38
T0005316,20220004,2026-03-16,18:04:00,二食堂-面食窗口,食堂,13.91
T0005317,20220044,2026-03-13,08:02:00,二食堂-面食窗口,食堂,17.57
T0005318,20230089,2026-03-18,18:18:00,二食堂-大众窗口,食堂,9.72
T0005319,20250111,2026-03-13,13:47:00,一食堂-大众窗口,食堂,10.07
T0005320,20240078,2026-03-19,07:06:00,一食堂-大众窗口,食堂,10.67
T0005321,20250119,2026-03-05,11:27:00,二食堂-面食窗口,食堂,10.62
T0005322,20250059,2026-03-15,15:12:00,便利店,超市,17.4
T0005323,20230001,2026-03-11,12:05:00,二食堂-大众窗口,食堂,13.95
T0005324,20250023,2026-03-12,07:54:00,一食堂-大众窗口,食堂,8.96
T0005325,20230081,2026-03-05,17:04:00,一食堂-大众窗口,食堂,8.03
T0005326,20250071,2026-03-02,21:06:00,奶茶店,饮品,10.85
T0005327,20240070,2026-03-08,12:16:00,一食堂-大众窗口,食堂,14.05
T0005328,20240034,2026-03-03,07:47:00,一食堂-大众窗口,食堂,12.49
T0005329,20220044,2026-03-14,11:09:00,二食堂-大众窗口,食堂,9.7
T0005330,20220048,2026-03-09,17:08:00,二食堂-大众窗口,食堂,9.57
T0005331,20240042,2026-03-07,15:33:00,水果店,超市,22.56
T0005332,20240086,2026-03-19,18:43:00,二食堂-面食窗口,食堂,15.73
T0005333,20230097,2026-03-17,08:33:00,二食堂-面食窗口,食堂,15.7
T0005334,20220108,2026-03-22,17:04:00,一食堂-风味窗口,食堂,12.83
T0005335,20240118,2026-03-05,18:08:00,二食堂-面食窗口,食堂,17.17
T0005336,20230113,2026-03-19,18:29:00,二食堂-大众窗口,食堂,14.73
T0005337,20220044,2026-03-10,18:39:00,二食堂-大众窗口,食堂,10.54
T0005338,20240106,2026-03-05,11:42:00,一食堂-风味窗口,食堂,12.96
T0005339,20250047,2026-03-11,07:50:00,二食堂-面食窗口,食堂,17.74
T0005340,20240054,2026-03-15,12:18:00,二食堂-面食窗口,食堂,15.2
T0005341,20250079,2026-03-08,08:50:00,一食堂-大众窗口,食堂,10.59
T0005342,20240058,2026-03-09,19:01:00,便利店,超市,8.05
T0005343,20230017,2026-03-03,17:00:00,二食堂-面食窗口,食堂,15.67
T0005344,20240054,2026-03-09,15:38:00,超市A,超市,6.1
T0005345,20240010,2026-03-03,18:25:00,二食堂-面食窗口,食堂,17.21
T0005346,20250051,2026-03-17,17:08:00,二食堂-大众窗口,食堂,11.83
T0005347,20230049,2026-03-22,12:49:00,二食堂-面食窗口,食堂,14.66
T0005348,20220064,2026-03-16,18:33:00,二食堂-大众窗口,食堂,8.99
T0005349,20240018,2026-03-05,12:48:00,一食堂-风味窗口,食堂,18.71
T0005350,20230093,2026-03-16,12:55:00,一食堂-大众窗口,食堂,10.48
T0005351,20240106,2026-03-14,11:40:00,一食堂-大众窗口,食堂,8.1
T0005352,20220116,2026-03-04,07:21:00,一食堂-大众窗口,食堂,10.63
T0005353,20230009,2026-03-11,18:47:00,二食堂-大众窗口,食堂,8.29
T0005354,20230017,2026-03-04,12:17:00,二食堂-面食窗口,食堂,14.58
T0005355,20220012,2026-03-02,18:53:00,一食堂-风味窗口,食堂,12.82
T0005356,20230085,2026-03-14,18:57:00,二食堂-大众窗口,食堂,12.91
T0005357,20250099,2026-03-10,17:50:00,一食堂-大众窗口,食堂,14.26
T0005358,20240022,2026-03-10,18:01:00,二食堂-大众窗口,食堂,9.98
T0005359,20230113,2026-03-04,17:10:00,二食堂-大众窗口,食堂,13.37
T0005360,20250111,2026-03-17,12:54:00,二食堂-大众窗口,食堂,11.66
T0005361,20240102,2026-03-14,07:35:00,二食堂-大众窗口,食堂,14.27
T0005362,20230029,2026-03-06,17:38:00,二食堂-大众窗口,食堂,12.76
T0005363,20240046,2026-03-21,15:55:00,咖啡店,饮品,22.62
T0005364,20230069,2026-03-17,18:25:00,一食堂-风味窗口,食堂,14.25
T0005365,20230057,2026-03-20,18:50:00,二食堂-面食窗口,食堂,14.83
T0005366,20220040,2026-03-12,18:28:00,二食堂-面食窗口,食堂,11.15
T0005367,20220060,2026-03-22,21:02:00,便利店,超市,19.5
T0005368,20250115,2026-03-07,19:50:00,超市A,超市,10.31
T0005369,20220108,2026-03-10,08:50:00,一食堂-风味窗口,食堂,20.31
T0005370,20240018,2026-03-11,18:59:00,二食堂-大众窗口,食堂,8.51
T0005371,20240110,2026-03-03,11:13:00,二食堂-面食窗口,食堂,13.53
T0005372,20240018,2026-03-16,21:10:00,咖啡店,饮品,24.18
T0005373,20240002,2026-03-12,18:31:00,一食堂-风味窗口,食堂,14.36
T0005374,20250087,2026-03-17,08:10:00,一食堂-大众窗口,食堂,11.64
T0005375,20220092,2026-03-14,12:26:00,一食堂-大众窗口,食堂,12.92
T0005376,20240038,2026-03-11,12:21:00,二食堂-面食窗口,食堂,15.33
T0005377,20250099,2026-03-11,18:54:00,一食堂-风味窗口,食堂,18.0
T0005378,20220040,2026-03-19,12:17:00,二食堂-大众窗口,食堂,14.0
T0005379,20250023,2026-03-19,07:23:00,一食堂-大众窗口,食堂,11.63
T0005380,20240070,2026-03-05,07:38:00,二食堂-大众窗口,食堂,8.3
T0005381,20220080,2026-03-03,18:34:00,一食堂-风味窗口,食堂,14.23
T0005382,20220040,2026-03-14,13:41:00,二食堂-面食窗口,食堂,15.75
T0005383,20240034,2026-03-11,12:20:00,二食堂-大众窗口,食堂,11.27
T0005384,20230045,2026-03-17,12:18:00,二食堂-大众窗口,食堂,13.38
T0005385,20230081,2026-03-18,13:46:00,二食堂-面食窗口,食堂,12.38
T0005386,20230077,2026-03-09,07:26:00,一食堂-大众窗口,食堂,10.66
T0005387,20220052,2026-03-13,18:22:00,一食堂-风味窗口,食堂,13.65
T0005388,20220072,2026-03-04,08:04:00,一食堂-大众窗口,食堂,9.42
T0005389,20250059,2026-03-17,11:08:00,二食堂-面食窗口,食堂,17.0
T0005390,20220032,2026-03-11,17:33:00,二食堂-大众窗口,食堂,12.34
T0005391,20240062,2026-03-16,12:55:00,一食堂-风味窗口,食堂,21.01
T0005392,20240098,2026-03-13,13:01:00,一食堂-大众窗口,食堂,8.39
T0005393,20240118,2026-03-07,11:27:00,一食堂-风味窗口,食堂,16.45
T0005394,20220076,2026-03-16,18:02:00,一食堂-大众窗口,食堂,9.82
T0005395,20230089,2026-03-02,19:38:00,超市A,超市,12.24
T0005396,20230085,2026-03-12,15:52:00,奶茶店,饮品,12.06
T0005397,20240082,2026-03-21,18:58:00,二食堂-面食窗口,食堂,13.93
T0005398,20250051,2026-03-15,11:36:00,一食堂-风味窗口,食堂,20.72
T0005399,20250047,2026-03-10,18:14:00,一食堂-风味窗口,食堂,20.69
T0005400,20240022,2026-03-05,18:03:00,二食堂-大众窗口,食堂,8.68
T0005401,20240038,2026-03-12,21:39:00,水果店,超市,25.39
T0005402,20230089,2026-03-14,11:26:00,二食堂-大众窗口,食堂,13.7
T0005403,20250047,2026-03-04,12:21:00,二食堂-面食窗口,食堂,10.9
T0005404,20250071,2026-03-09,12:48:00,一食堂-风味窗口,食堂,14.33
T0005405,20220096,2026-03-22,08:22:00,二食堂-大众窗口,食堂,8.47
T0005406,20240062,2026-03-19,17:11:00,一食堂-大众窗口,食堂,10.44
T0005407,20250079,2026-03-22,18:23:00,二食堂-面食窗口,食堂,15.1
T0005408,20240042,2026-03-19,07:24:00,二食堂-大众窗口,食堂,9.15
T0005409,20230021,2026-03-06,13:33:00,一食堂-大众窗口,食堂,10.08
T0005410,20230097,2026-03-11,12:53:00,一食堂-风味窗口,食堂,13.69
T0005411,20240094,2026-03-22,15:23:00,水果店,超市,24.78
T0005412,20250103,2026-03-21,11:20:00,二食堂-大众窗口,食堂,9.77
T0005413,20240046,2026-03-04,18:49:00,一食堂-风味窗口,食堂,15.93
T0005414,20240022,2026-03-10,19:35:00,超市A,超市,9.42
T0005415,20230033,2026-03-06,08:44:00,一食堂-风味窗口,食堂,19.56
T0005416,20240082,2026-03-05,18:39:00,二食堂-大众窗口,食堂,11.61
T0005417,20220032,2026-03-16,08:16:00,一食堂-大众窗口,食堂,11.35
T0005418,20220064,2026-03-04,12:03:00,二食堂-大众窗口,食堂,11.82
T0005419,20250091,2026-03-20,07:03:00,一食堂-风味窗口,食堂,15.59
T0005420,20240098,2026-03-05,12:26:00,二食堂-面食窗口,食堂,10.66
T0005421,20240074,2026-03-03,08:58:00,二食堂-面食窗口,食堂,16.55
T0005422,20240018,2026-03-14,18:34:00,二食堂-大众窗口,食堂,13.97
T0005423,20220008,2026-03-06,12:14:00,一食堂-大众窗口,食堂,14.54
T0005424,20230049,2026-03-21,18:19:00,二食堂-面食窗口,食堂,16.11
T0005425,20240058,2026-03-15,12:11:00,一食堂-大众窗口,食堂,12.72
T0005426,20250019,2026-03-13,18:08:00,二食堂-面食窗口,食堂,17.89
T0005427,20250047,2026-03-19,19:31:00,水果店,超市,13.03
T0005428,20230061,2026-03-09,12:26:00,一食堂-大众窗口,食堂,9.89
T0005429,20230101,2026-03-03,18:16:00,二食堂-面食窗口,食堂,16.54
T0005430,20230093,2026-03-11,13:13:00,二食堂-大众窗口,食堂,12.98
T0005431,20220120,2026-03-16,17:10:00,二食堂-大众窗口,食堂,11.25
T0005432,20250087,2026-03-08,12:55:00,二食堂-面食窗口,食堂,16.61
T0005433,20240114,2026-03-13,08:32:00,二食堂-面食窗口,食堂,10.89
T0005434,20250067,2026-03-03,18:59:00,一食堂-大众窗口,食堂,8.45
T0005435,20240098,2026-03-07,13:14:00,一食堂-风味窗口,食堂,18.97
T0005436,20250035,2026-03-18,07:48:00,一食堂-风味窗口,食堂,16.59
T0005437,20220084,2026-03-14,18:55:00,二食堂-面食窗口,食堂,17.05
T0005438,20250067,2026-03-16,21:50:00,奶茶店,饮品,10.1
T0005439,20240078,2026-03-19,17:22:00,二食堂-大众窗口,食堂,12.08
T0005440,20250007,2026-03-08,18:35:00,二食堂-大众窗口,食堂,9.0
T0005441,20230113,2026-03-03,11:24:00,一食堂-大众窗口,食堂,12.5
T0005442,20220040,2026-03-15,12:00:00,一食堂-风味窗口,食堂,17.72
T0005443,20250039,2026-03-04,08:13:00,二食堂-面食窗口,食堂,13.36
T0005444,20240042,2026-03-11,08:47:00,一食堂-大众窗口,食堂,9.99
T0005445,20250011,2026-03-16,12:16:00,一食堂-风味窗口,食堂,19.57
T0005446,20230017,2026-03-02,08:12:00,一食堂-风味窗口,食堂,18.47
T0005447,20220020,2026-03-17,13:25:00,二食堂-大众窗口,食堂,11.78
T0005448,20240118,2026-03-03,07:14:00,一食堂-大众窗口,食堂,8.62
T0005449,20250043,2026-03-09,12:40:00,一食堂-大众窗口,食堂,12.42
T0005450,20220012,2026-03-10,17:06:00,二食堂-大众窗口,食堂,8.23
T0005451,20220028,2026-03-08,17:43:00,二食堂-大众窗口,食堂,12.97
T0005452,20240026,2026-03-19,18:48:00,二食堂-面食窗口,食堂,11.31
T0005453,20230025,2026-03-16,18:29:00,二食堂-大众窗口,食堂,14.93
T0005454,20250107,2026-03-12,08:57:00,一食堂-大众窗口,食堂,13.56
T0005455,20230017,2026-03-03,07:45:00,一食堂-风味窗口,食堂,13.97
T0005456,20240006,2026-03-06,07:25:00,一食堂-风味窗口,食堂,15.69
T0005457,20220048,2026-03-20,12:32:00,一食堂-大众窗口,食堂,13.08
T0005458,20220020,2026-03-09,07:45:00,二食堂-大众窗口,食堂,14.79
T0005459,20230073,2026-03-02,18:10:00,一食堂-大众窗口,食堂,14.36
T0005460,20220048,2026-03-22,12:27:00,二食堂-大众窗口,食堂,10.14
T0005461,20240026,2026-03-03,11:16:00,一食堂-大众窗口,食堂,10.61
T0005462,20240010,2026-03-11,11:37:00,一食堂-风味窗口,食堂,18.57
T0005463,20230089,2026-03-17,11:02:00,二食堂-大众窗口,食堂,8.66
T0005464,20240050,2026-03-13,18:06:00,二食堂-大众窗口,食堂,11.75
T0005465,20230021,2026-03-13,17:55:00,一食堂-风味窗口,食堂,17.86
T0005466,20240066,2026-03-10,08:37:00,一食堂-风味窗口,食堂,15.89
T0005467,20230093,2026-03-06,07:53:00,二食堂-大众窗口,食堂,10.74
T0005468,20240006,2026-03-03,11:11:00,二食堂-面食窗口,食堂,11.04
T0005469,20230097,2026-03-19,08:04:00,二食堂-大众窗口,食堂,13.83
T0005470,20250007,2026-03-11,07:50:00,一食堂-大众窗口,食堂,10.54
T0005471,20220024,2026-03-10,12:23:00,一食堂-风味窗口,食堂,15.38
T0005472,20250043,2026-03-13,17:39:00,一食堂-大众窗口,食堂,12.95
T0005473,20240046,2026-03-06,08:52:00,二食堂-面食窗口,食堂,17.59
T0005474,20250003,2026-03-16,17:14:00,一食堂-风味窗口,食堂,13.16
T0005475,20230093,2026-03-19,18:17:00,二食堂-大众窗口,食堂,13.89
T0005476,20240090,2026-03-05,08:53:00,二食堂-面食窗口,食堂,10.29
T0005477,20230025,2026-03-14,11:44:00,二食堂-大众窗口,食堂,12.94
T0005478,20240114,2026-03-04,18:42:00,二食堂-大众窗口,食堂,9.53
T0005479,20220116,2026-03-22,11:14:00,一食堂-风味窗口,食堂,15.67
T0005480,20230105,2026-03-19,19:11:00,便利店,超市,11.93
T0005481,20230085,2026-03-17,12:32:00,一食堂-大众窗口,食堂,14.34
T0005482,20240026,2026-03-19,12:07:00,二食堂-面食窗口,食堂,11.02
T0005483,20250039,2026-03-13,17:01:00,二食堂-面食窗口,食堂,12.26
T0005484,20230065,2026-03-04,13:53:00,二食堂-面食窗口,食堂,11.47
T0005485,20240046,2026-03-21,12:05:00,二食堂-大众窗口,食堂,12.6
T0005486,20240018,2026-03-15,12:49:00,一食堂-大众窗口,食堂,12.44
T0005487,20240034,2026-03-16,18:37:00,二食堂-大众窗口,食堂,12.31
T0005488,20240086,2026-03-18,12:25:00,一食堂-大众窗口,食堂,10.52
T0005489,20250087,2026-03-02,12:46:00,二食堂-面食窗口,食堂,13.87
T0005490,20220048,2026-03-16,17:10:00,一食堂-风味窗口,食堂,20.54
T0005491,20250075,2026-03-04,17:29:00,二食堂-大众窗口,食堂,14.17
T0005492,20240030,2026-03-21,13:38:00,二食堂-大众窗口,食堂,9.95
T0005493,20250071,2026-03-03,08:37:00,二食堂-大众窗口,食堂,13.16
T0005494,20220056,2026-03-02,08:54:00,二食堂-大众窗口,食堂,11.85
T0005495,20230081,2026-03-03,12:20:00,二食堂-面食窗口,食堂,10.97
T0005496,20230005,2026-03-05,18:45:00,二食堂-大众窗口,食堂,13.67
T0005497,20250015,2026-03-18,07:38:00,一食堂-风味窗口,食堂,12.92
T0005498,20220028,2026-03-14,12:32:00,二食堂-大众窗口,食堂,12.26
T0005499,20230109,2026-03-14,10:06:00,奶茶店,饮品,7.51
T0005500,20250059,2026-03-06,12:38:00,二食堂-面食窗口,食堂,12.44
T0005501,20240010,2026-03-10,17:54:00,一食堂-风味窗口,食堂,18.48
T0005502,20240046,2026-03-03,13:30:00,二食堂-面食窗口,食堂,14.12
T0005503,20230041,2026-03-21,13:00:00,二食堂-大众窗口,食堂,14.55
T0005504,20250003,2026-03-21,12:05:00,一食堂-风味窗口,食堂,16.39
T0005505,20220028,2026-03-20,08:41:00,二食堂-大众窗口,食堂,13.6
T0005506,20230029,2026-03-02,11:27:00,二食堂-面食窗口,食堂,10.59
T0005507,20220044,2026-03-11,18:14:00,一食堂-大众窗口,食堂,12.24
T0005508,20250103,2026-03-20,08:45:00,一食堂-大众窗口,食堂,8.31
T0005509,20240006,2026-03-16,07:00:00,一食堂-大众窗口,食堂,10.72
T0005510,20250047,2026-03-05,17:52:00,一食堂-大众窗口,食堂,14.99
T0005511,20230033,2026-03-10,07:18:00,二食堂-面食窗口,食堂,12.11
T0005512,20220104,2026-03-09,10:09:00,咖啡店,饮品,10.91
T0005513,20250091,2026-03-02,18:14:00,一食堂-风味窗口,食堂,15.48
T0005514,20230109,2026-03-06,18:28:00,一食堂-大众窗口,食堂,14.19
T0005515,20240034,2026-03-21,17:00:00,一食堂-大众窗口,食堂,13.91
T0005516,20230053,2026-03-16,17:55:00,二食堂-大众窗口,食堂,11.64
T0005517,20220092,2026-03-16,08:51:00,一食堂-风味窗口,食堂,19.36
T0005518,20240002,2026-03-02,07:12:00,一食堂-大众窗口,食堂,11.18
T0005519,20250015,2026-03-06,19:11:00,奶茶店,饮品,7.79
T0005520,20230113,2026-03-04,07:59:00,一食堂-风味窗口,食堂,19.4
T0005521,20240018,2026-03-17,18:57:00,一食堂-风味窗口,食堂,14.26
T0005522,20250103,2026-03-22,12:36:00,二食堂-大众窗口,食堂,8.91
T0005523,20220024,2026-03-09,07:24:00,二食堂-面食窗口,食堂,14.02
T0005524,20250039,2026-03-07,12:25:00,二食堂-面食窗口,食堂,15.12
T0005525,20220056,2026-03-20,18:56:00,一食堂-大众窗口,食堂,9.61
T0005526,20230005,2026-03-07,11:39:00,一食堂-大众窗口,食堂,9.76
T0005527,20240078,2026-03-09,11:00:00,一食堂-大众窗口,食堂,12.88
T0005528,20250031,2026-03-07,12:05:00,二食堂-大众窗口,食堂,14.66
T0005529,20250071,2026-03-21,18:51:00,一食堂-风味窗口,食堂,19.64
T0005530,20220072,2026-03-12,17:09:00,二食堂-大众窗口,食堂,13.47
T0005531,20220036,2026-03-08,18:51:00,一食堂-风味窗口,食堂,21.42
T0005532,20230109,2026-03-19,21:30:00,咖啡店,饮品,8.59
T0005533,20230085,2026-03-02,08:04:00,一食堂-风味窗口,食堂,20.63
T0005534,20220064,2026-03-22,11:46:00,二食堂-大众窗口,食堂,9.82
T0005535,20220004,2026-03-18,18:57:00,一食堂-大众窗口,食堂,9.65
T0005536,20230117,2026-03-19,19:41:00,咖啡店,饮品,15.9
T0005537,20220032,2026-03-21,18:52:00,一食堂-大众窗口,食堂,14.62
T0005538,20250087,2026-03-11,18:59:00,一食堂-风味窗口,食堂,19.47
T0005539,20240042,2026-03-09,07:54:00,一食堂-大众窗口,食堂,13.41
T0005540,20250095,2026-03-09,07:30:00,一食堂-大众窗口,食堂,9.97
T0005541,20220028,2026-03-12,13:17:00,二食堂-大众窗口,食堂,9.27
T0005542,20220104,2026-03-03,17:37:00,二食堂-大众窗口,食堂,14.26
T0005543,20240078,2026-03-16,17:08:00,二食堂-大众窗口,食堂,10.93
T0005544,20240002,2026-03-17,12:22:00,二食堂-大众窗口,食堂,11.37
T0005545,20240034,2026-03-10,11:51:00,一食堂-大众窗口,食堂,13.93
T0005546,20250015,2026-03-06,18:23:00,二食堂-面食窗口,食堂,13.51
T0005547,20230041,2026-03-06,12:24:00,二食堂-大众窗口,食堂,10.88
T0005548,20240018,2026-03-12,08:49:00,一食堂-风味窗口,食堂,17.64
T0005549,20230029,2026-03-19,07:52:00,二食堂-面食窗口,食堂,13.24
T0005550,20240066,2026-03-11,18:45:00,二食堂-面食窗口,食堂,11.9
T0005551,20220072,2026-03-16,11:32:00,一食堂-风味窗口,食堂,14.06
T0005552,20240086,2026-03-03,08:47:00,一食堂-风味窗口,食堂,14.86
T0005553,20250119,2026-03-12,10:04:00,奶茶店,饮品,14.38
T0005554,20220060,2026-03-09,21:02:00,奶茶店,饮品,10.17
T0005555,20240102,2026-03-09,12:56:00,一食堂-风味窗口,食堂,17.98
T0005556,20250103,2026-03-22,17:17:00,二食堂-大众窗口,食堂,12.33
T0005557,20220120,2026-03-17,07:43:00,一食堂-大众窗口,食堂,9.94
T0005558,20230029,2026-03-18,08:51:00,一食堂-大众窗口,食堂,9.51
T0005559,20230109,2026-03-06,07:08:00,一食堂-大众窗口,食堂,10.22
T0005560,20220100,2026-03-15,11:04:00,二食堂-面食窗口,食堂,14.7
T0005561,20230053,2026-03-11,07:34:00,二食堂-面食窗口,食堂,14.86
T0005562,20250015,2026-03-12,17:01:00,二食堂-面食窗口,食堂,10.29
T0005563,20230025,2026-03-15,13:56:00,二食堂-面食窗口,食堂,13.79
T0005564,20240038,2026-03-20,18:50:00,一食堂-大众窗口,食堂,13.21
T0005565,20240086,2026-03-16,17:11:00,二食堂-大众窗口,食堂,9.46
T0005566,20230013,2026-03-11,07:50:00,二食堂-大众窗口,食堂,13.13
T0005567,20230025,2026-03-05,18:15:00,二食堂-大众窗口,食堂,11.59
T0005568,20230101,2026-03-11,12:08:00,一食堂-风味窗口,食堂,14.4
T0005569,20230013,2026-03-04,08:26:00,一食堂-风味窗口,食堂,14.65
T0005570,20220028,2026-03-14,17:18:00,二食堂-大众窗口,食堂,13.23
T0005571,20250023,2026-03-22,17:00:00,一食堂-风味窗口,食堂,20.37
T0005572,20240074,2026-03-21,18:20:00,二食堂-大众窗口,食堂,12.9
T0005573,20230013,2026-03-21,18:58:00,一食堂-大众窗口,食堂,8.43
T0005574,20250015,2026-03-17,11:07:00,一食堂-大众窗口,食堂,10.17
T0005575,20250011,2026-03-21,13:23:00,二食堂-面食窗口,食堂,11.85
T0005576,20250027,2026-03-09,19:33:00,奶茶店,饮品,15.27
T0005577,20220032,2026-03-08,18:19:00,一食堂-风味窗口,食堂,21.6
T0005578,20230057,2026-03-12,18:26:00,一食堂-大众窗口,食堂,11.5
T0005579,20240026,2026-03-05,08:03:00,一食堂-风味窗口,食堂,21.94
T0005580,20230037,2026-03-20,11:20:00,二食堂-大众窗口,食堂,8.21
T0005581,20240006,2026-03-19,08:32:00,二食堂-面食窗口,食堂,15.77
T0005582,20250119,2026-03-20,17:27:00,一食堂-风味窗口,食堂,13.96
T0005583,20230053,2026-03-10,12:30:00,二食堂-面食窗口,食堂,10.32
T0005584,20240030,2026-03-02,15:44:00,超市A,超市,12.11
T0005585,20220016,2026-03-16,18:58:00,二食堂-大众窗口,食堂,14.24
T0005586,20240030,2026-03-08,12:17:00,一食堂-大众窗口,食堂,13.26
T0005587,20230017,2026-03-10,08:01:00,二食堂-大众窗口,食堂,13.96
T0005588,20230101,2026-03-11,07:22:00,一食堂-风味窗口,食堂,15.15
T0005589,20220012,2026-03-22,12:01:00,一食堂-风味窗口,食堂,14.65
T0005590,20220112,2026-03-09,11:37:00,一食堂-大众窗口,食堂,10.25
T0005591,20240038,2026-03-19,08:40:00,二食堂-面食窗口,食堂,14.11
T0005592,20240110,2026-03-12,18:51:00,二食堂-大众窗口,食堂,12.16
T0005593,20220084,2026-03-20,07:52:00,二食堂-面食窗口,食堂,11.61
T0005594,20230057,2026-03-16,12:59:00,一食堂-风味窗口,食堂,14.6
T0005595,20240102,2026-03-02,10:10:00,超市A,超市,3.15
T0005596,20250051,2026-03-21,11:51:00,一食堂-风味窗口,食堂,13.17
T0005597,20230117,2026-03-13,17:12:00,二食堂-大众窗口,食堂,12.77
T0005598,20220024,2026-03-12,12:46:00,二食堂-面食窗口,食堂,17.19
T0005599,20230001,2026-03-13,18:54:00,一食堂-大众窗口,食堂,11.66
T0005600,20250027,2026-03-09,07:20:00,二食堂-大众窗口,食堂,9.46
T0005601,20240002,2026-03-19,17:25:00,二食堂-面食窗口,食堂,16.21
T0005602,20220096,2026-03-14,08:30:00,一食堂-风味窗口,食堂,17.98
T0005603,20250115,2026-03-12,18:41:00,二食堂-面食窗口,食堂,17.85
T0005604,20220020,2026-03-03,12:07:00,一食堂-大众窗口,食堂,11.88
T0005605,20230065,2026-03-06,07:45:00,一食堂-风味窗口,食堂,17.12
T0005606,20240062,2026-03-05,17:45:00,二食堂-大众窗口,食堂,11.46
T0005607,20240018,2026-03-15,17:09:00,一食堂-风味窗口,食堂,20.24
T0005608,20240070,2026-03-18,10:55:00,便利店,超市,14.65
T0005609,20250107,2026-03-02,12:42:00,一食堂-风味窗口,食堂,18.31
T0005610,20230049,2026-03-19,21:27:00,便利店,超市,3.9
T0005611,20240058,2026-03-19,17:36:00,一食堂-大众窗口,食堂,10.91
T0005612,20230061,2026-03-21,12:19:00,二食堂-面食窗口,食堂,17.32
T0005613,20220008,2026-03-15,11:47:00,二食堂-大众窗口,食堂,8.65
T0005614,20220048,2026-03-06,12:01:00,一食堂-大众窗口,食堂,11.91
T0005615,20250043,2026-03-14,10:16:00,便利店,超市,12.04
T0005616,20250035,2026-03-19,12:33:00,一食堂-大众窗口,食堂,8.17
T0005617,20250035,2026-03-13,08:45:00,二食堂-大众窗口,食堂,13.39
T0005618,20250055,2026-03-18,18:47:00,二食堂-面食窗口,食堂,12.81
T0005619,20230097,2026-03-12,11:18:00,一食堂-大众窗口,食堂,9.6
T0005620,20220032,2026-03-06,12:40:00,一食堂-风味窗口,食堂,18.27
T0005621,20230093,2026-03-14,12:01:00,二食堂-面食窗口,食堂,12.33
T0005622,20220084,2026-03-07,12:49:00,一食堂-风味窗口,食堂,20.34
T0005623,20240098,2026-03-10,18:55:00,一食堂-风味窗口,食堂,17.55
T0005624,20230001,2026-03-16,18:49:00,一食堂-大众窗口,食堂,14.5
T0005625,20230113,2026-03-16,08:49:00,一食堂-风味窗口,食堂,20.69
T0005626,20230069,2026-03-18,11:23:00,二食堂-面食窗口,食堂,13.72
T0005627,20230117,2026-03-21,17:55:00,一食堂-风味窗口,食堂,14.98
T0005628,20220088,2026-03-04,08:22:00,二食堂-大众窗口,食堂,9.35
T0005629,20230053,2026-03-19,10:03:00,便利店,超市,8.72
T0005630,20250059,2026-03-06,17:36:00,一食堂-大众窗口,食堂,8.8
T0005631,20250103,2026-03-15,11:36:00,二食堂-面食窗口,食堂,12.43
T0005632,20250039,2026-03-09,12:01:00,一食堂-风味窗口,食堂,17.71
T0005633,20230005,2026-03-18,18:44:00,二食堂-大众窗口,食堂,14.39
T0005634,20230029,2026-03-22,18:05:00,一食堂-风味窗口,食堂,18.1
T0005635,20240058,2026-03-16,07:32:00,一食堂-风味窗口,食堂,13.68
T0005636,20250015,2026-03-13,17:03:00,二食堂-大众窗口,食堂,9.62
T0005637,20220116,2026-03-07,08:26:00,一食堂-风味窗口,食堂,13.83
T0005638,20220088,2026-03-02,12:05:00,二食堂-大众窗口,食堂,12.72
T0005639,20220112,2026-03-13,17:27:00,二食堂-面食窗口,食堂,10.3
T0005640,20240118,2026-03-21,11:43:00,二食堂-面食窗口,食堂,15.63
T0005641,20240110,2026-03-04,12:29:00,二食堂-面食窗口,食堂,10.84
T0005642,20230077,2026-03-04,07:11:00,一食堂-大众窗口,食堂,8.04
T0005643,20240046,2026-03-09,12:41:00,一食堂-大众窗口,食堂,11.55
T0005644,20250107,2026-03-10,07:59:00,二食堂-大众窗口,食堂,14.55
T0005645,20230017,2026-03-02,12:43:00,二食堂-面食窗口,食堂,13.29
T0005646,20220032,2026-03-12,18:22:00,一食堂-风味窗口,食堂,15.44
T0005647,20230089,2026-03-03,13:09:00,二食堂-面食窗口,食堂,15.68
T0005648,20250059,2026-03-10,19:07:00,便利店,超市,5.75
T0005649,20230037,2026-03-15,12:43:00,一食堂-大众窗口,食堂,8.97
T0005650,20240050,2026-03-03,12:12:00,二食堂-大众窗口,食堂,8.7
T0005651,20250095,2026-03-22,11:57:00,一食堂-风味窗口,食堂,13.81
T0005652,20220088,2026-03-13,11:24:00,二食堂-大众窗口,食堂,14.59
T0005653,20240098,2026-03-12,17:56:00,一食堂-风味窗口,食堂,14.9
T0005654,20240050,2026-03-20,07:51:00,一食堂-大众窗口,食堂,10.37
T0005655,20230085,2026-03-06,18:54:00,一食堂-大众窗口,食堂,13.74
T0005656,20240090,2026-03-07,12:31:00,一食堂-风味窗口,食堂,17.43
T0005657,20220056,2026-03-17,18:16:00,二食堂-面食窗口,食堂,10.04
T0005658,20240054,2026-03-14,18:56:00,一食堂-大众窗口,食堂,11.4
T0005659,20250075,2026-03-09,18:39:00,二食堂-面食窗口,食堂,11.93
T0005660,20250103,2026-03-21,08:07:00,二食堂-大众窗口,食堂,9.25
T0005661,20230057,2026-03-20,19:30:00,水果店,超市,8.32
T0005662,20230045,2026-03-05,07:00:00,二食堂-面食窗口,食堂,15.56
T0005663,20240070,2026-03-02,18:51:00,一食堂-大众窗口,食堂,12.96
T0005664,20220040,2026-03-13,18:43:00,二食堂-面食窗口,食堂,16.02
T0005665,20240086,2026-03-21,11:26:00,二食堂-面食窗口,食堂,15.79
T0005666,20220084,2026-03-06,07:10:00,一食堂-大众窗口,食堂,11.08
T0005667,20250003,2026-03-20,11:34:00,二食堂-大众窗口,食堂,14.39
T0005668,20240062,2026-03-21,17:56:00,二食堂-大众窗口,食堂,11.45
T0005669,20240038,2026-03-19,12:24:00,一食堂-风味窗口,食堂,18.99
T0005670,20240034,2026-03-05,18:25:00,一食堂-大众窗口,食堂,9.85
T0005671,20250063,2026-03-21,08:05:00,二食堂-大众窗口,食堂,13.69
T0005672,20220044,2026-03-18,08:36:00,二食堂-面食窗口,食堂,16.91
T0005673,20230045,2026-03-20,13:02:00,一食堂-风味窗口,食堂,15.35
T0005674,20220096,2026-03-08,12:05:00,一食堂-大众窗口,食堂,8.05
T0005675,20220056,2026-03-11,18:00:00,二食堂-大众窗口,食堂,13.29
T0005676,20240090,2026-03-17,12:16:00,二食堂-大众窗口,食堂,9.84
T0005677,20250067,2026-03-05,08:26:00,一食堂-风味窗口,食堂,14.83
T0005678,20230037,2026-03-02,08:31:00,二食堂-面食窗口,食堂,16.66
T0005679,20240058,2026-03-08,10:22:00,奶茶店,饮品,10.41
T0005680,20220028,2026-03-13,13:04:00,一食堂-风味窗口,食堂,17.25
T0005681,20250039,2026-03-03,07:55:00,一食堂-大众窗口,食堂,12.7
T0005682,20230065,2026-03-15,10:15:00,咖啡店,饮品,10.77
T0005683,20240082,2026-03-16,18:09:00,一食堂-风味窗口,食堂,13.6
T0005684,20250039,2026-03-19,11:43:00,一食堂-风味窗口,食堂,16.74
T0005685,20220008,2026-03-03,12:33:00,二食堂-大众窗口,食堂,10.19
T0005686,20240110,2026-03-19,07:40:00,一食堂-大众窗口,食堂,8.96
T0005687,20240050,2026-03-21,18:44:00,一食堂-风味窗口,食堂,20.29
T0005688,20230033,2026-03-22,17:49:00,二食堂-大众窗口,食堂,12.61
T0005689,20250063,2026-03-03,08:00:00,二食堂-大众窗口,食堂,9.19
T0005690,20230045,2026-03-13,18:00:00,二食堂-面食窗口,食堂,10.08
T0005691,20230073,2026-03-09,18:57:00,二食堂-面食窗口,食堂,17.14
T0005692,20240098,2026-03-22,12:38:00,二食堂-面食窗口,食堂,13.5
T0005693,20240118,2026-03-03,12:52:00,一食堂-风味窗口,食堂,12.62
T0005694,20250059,2026-03-13,08:20:00,二食堂-面食窗口,食堂,11.99
T0005695,20230005,2026-03-16,08:53:00,二食堂-面食窗口,食堂,17.7
T0005696,20250083,2026-03-16,17:16:00,二食堂-面食窗口,食堂,13.59
T0005697,20230089,2026-03-18,11:45:00,二食堂-面食窗口,食堂,12.21
T0005698,20250067,2026-03-02,08:34:00,二食堂-面食窗口,食堂,11.91
T0005699,20220092,2026-03-12,12:24:00,一食堂-大众窗口,食堂,14.35
T0005700,20220076,2026-03-11,13:36:00,一食堂-大众窗口,食堂,8.89
T0005701,20220084,2026-03-16,12:50:00,一食堂-风味窗口,食堂,16.73
T0005702,20240018,2026-03-03,11:04:00,二食堂-面食窗口,食堂,11.38
T0005703,20240026,2026-03-13,18:46:00,二食堂-大众窗口,食堂,12.7
T0005704,20230057,2026-03-08,11:53:00,二食堂-面食窗口,食堂,15.07
T0005705,20230073,2026-03-19,12:59:00,二食堂-面食窗口,食堂,0.0
T0005706,20250047,2026-03-14,18:02:00,一食堂-大众窗口,食堂,13.32
T0005707,20230049,2026-03-17,07:53:00,一食堂-风味窗口,食堂,16.25
T0005708,20220116,2026-03-09,18:54:00,二食堂-大众窗口,食堂,11.58
T0005709,20240110,2026-03-13,12:29:00,二食堂-大众窗口,食堂,8.3
T0005710,20250055,2026-03-19,11:33:00,二食堂-面食窗口,食堂,17.1
T0005711,20240070,2026-03-16,08:28:00,一食堂-风味窗口,食堂,19.74
T0005712,20230049,2026-03-03,08:22:00,一食堂-风味窗口,食堂,20.97
T0005713,20250039,2026-03-16,08:25:00,二食堂-大众窗口,食堂,14.5
T0005714,20250031,2026-03-18,17:44:00,一食堂-风味窗口,食堂,15.47
T0005715,20250023,2026-03-14,17:53:00,一食堂-风味窗口,食堂,18.58
T0005716,20240102,2026-03-16,18:49:00,二食堂-面食窗口,食堂,17.28
T0005717,20220048,2026-03-09,08:38:00,二食堂-大众窗口,食堂,10.81
T0005718,20250111,2026-03-11,11:29:00,二食堂-大众窗口,食堂,8.43
T0005719,20220120,2026-03-07,18:54:00,一食堂-大众窗口,食堂,9.69
T0005720,20240082,2026-03-17,12:42:00,一食堂-大众窗口,食堂,13.18
T0005721,20240058,2026-03-06,18:30:00,二食堂-面食窗口,食堂,16.2
T0005722,20220108,2026-03-12,17:35:00,二食堂-面食窗口,食堂,17.6
T0005723,20250035,2026-03-03,08:49:00,二食堂-面食窗口,食堂,14.91
T0005724,20230001,2026-03-05,07:24:00,一食堂-大众窗口,食堂,13.08
T0005725,20220080,2026-03-15,18:14:00,二食堂-大众窗口,食堂,10.21
T0005726,20250039,2026-03-22,18:49:00,二食堂-大众窗口,食堂,10.71
T0005727,20220040,2026-03-16,18:37:00,二食堂-面食窗口,食堂,10.58
T0005728,20230093,2026-03-13,18:55:00,二食堂-面食窗口,食堂,11.64
T0005729,20250059,2026-03-13,12:47:00,二食堂-面食窗口,食堂,11.03
T0005730,20220064,2026-03-14,12:09:00,一食堂-大众窗口,食堂,11.85
T0005731,20220028,2026-03-18,12:52:00,一食堂-大众窗口,食堂,11.37
T0005732,20220076,2026-03-18,12:27:00,一食堂-大众窗口,食堂,9.33
T0005733,20240090,2026-03-19,07:29:00,一食堂-风味窗口,食堂,19.23
T0005734,20240110,2026-03-18,08:13:00,二食堂-大众窗口,食堂,11.71
T0005735,20250051,2026-03-19,18:10:00,一食堂-大众窗口,食堂,9.65
T0005736,20240002,2026-03-04,21:07:00,水果店,超市,17.63
T0005737,20250099,2026-03-07,18:18:00,一食堂-风味窗口,食堂,18.34
T0005738,20230101,2026-03-18,12:20:00,二食堂-面食窗口,食堂,14.47
T0005739,20250115,2026-03-11,13:57:00,一食堂-风味窗口,食堂,16.09
T0005740,20250107,2026-03-10,18:03:00,一食堂-大众窗口,食堂,9.87
T0005741,20240086,2026-03-19,12:27:00,一食堂-大众窗口,食堂,14.12
T0005742,20250079,2026-03-04,17:27:00,一食堂-大众窗口,食堂,9.97
T0005743,20240078,2026-03-06,08:23:00,一食堂-风味窗口,食堂,17.71
T0005744,20250091,2026-03-20,12:23:00,二食堂-面食窗口,食堂,17.42
T0005745,20250015,2026-03-15,11:31:00,一食堂-大众窗口,食堂,13.19
T0005746,20250107,2026-03-04,13:32:00,一食堂-大众窗口,食堂,12.34
T0005747,20220084,2026-03-21,18:01:00,一食堂-风味窗口,食堂,14.54
T0005748,20240114,2026-03-18,17:53:00,一食堂-大众窗口,食堂,10.01
T0005749,20220116,2026-03-03,08:20:00,二食堂-大众窗口,食堂,14.79
T0005750,20240014,2026-03-16,17:17:00,二食堂-面食窗口,食堂,11.2
T0005751,20230117,2026-03-18,08:45:00,二食堂-大众窗口,食堂,9.15
T0005752,20220020,2026-03-07,12:55:00,一食堂-风味窗口,食堂,16.9
T0005753,20250059,2026-03-02,17:55:00,一食堂-大众窗口,食堂,12.0
T0005754,20250119,2026-03-11,12:44:00,二食堂-大众窗口,食堂,14.38
T0005755,20230109,2026-03-11,07:11:00,一食堂-大众窗口,食堂,12.87
T0005756,20240086,2026-03-20,15:55:00,超市A,超市,7.54
T0005757,20220036,2026-03-02,18:32:00,一食堂-风味窗口,食堂,21.96
T0005758,20230113,2026-03-10,13:31:00,二食堂-大众窗口,食堂,10.18
T0005759,20250019,2026-03-02,18:24:00,二食堂-大众窗口,食堂,13.64
T0005760,20250087,2026-03-04,17:26:00,一食堂-大众窗口,食堂,13.7
T0005761,20230113,2026-03-21,13:20:00,二食堂-面食窗口,食堂,14.82
T0005762,20230009,2026-03-07,18:03:00,一食堂-风味窗口,食堂,13.07
T0005763,20240094,2026-03-20,18:19:00,二食堂-面食窗口,食堂,14.12
T0005764,20230021,2026-03-12,17:56:00,二食堂-面食窗口,食堂,14.11
T0005765,20230029,2026-03-19,17:16:00,二食堂-面食窗口,食堂,13.24
T0005766,20240058,2026-03-18,07:07:00,二食堂-面食窗口,食堂,12.94
T0005767,20220060,2026-03-03,12:15:00,二食堂-面食窗口,食堂,13.75
T0005768,20220108,2026-03-11,07:23:00,二食堂-大众窗口,食堂,11.71
T0005769,20220116,2026-03-07,17:23:00,二食堂-大众窗口,食堂,8.16
T0005770,20250043,2026-03-13,17:39:00,一食堂-大众窗口,食堂,12.95
T0005771,20230033,2026-03-03,18:34:00,二食堂-大众窗口,食堂,8.88
T0005772,20240086,2026-03-05,12:11:00,二食堂-面食窗口,食堂,16.64
T0005773,20220004,2026-03-08,11:24:00,一食堂-大众窗口,食堂,9.59
T0005774,20240002,2026-03-04,12:34:00,二食堂-面食窗口,食堂,11.6
T0005775,20240094,2026-03-02,18:45:00,一食堂-风味窗口,食堂,18.07
T0005776,20230049,2026-03-10,18:28:00,一食堂-风味窗口,食堂,16.68
T0005777,20230049,2026-03-22,17:19:00,二食堂-面食窗口,食堂,13.23
T0005778,20240098,2026-03-04,17:22:00,二食堂-面食窗口,食堂,15.62
T0005779,20250011,2026-03-18,11:42:00,一食堂-大众窗口,食堂,9.85
T0005780,20250047,2026-03-13,08:25:00,二食堂-大众窗口,食堂,11.2
T0005781,20230081,2026-03-20,18:12:00,二食堂-大众窗口,食堂,13.49
T0005782,20230005,2026-03-18,12:36:00,一食堂-风味窗口,食堂,17.43
T0005783,20230085,2026-03-15,17:13:00,二食堂-面食窗口,食堂,17.17
T0005784,20220048,2026-03-11,13:46:00,一食堂-大众窗口,食堂,8.42
T0005785,20240114,2026-03-06,08:11:00,一食堂-风味窗口,食堂,18.96
T0005786,20230061,2026-03-20,12:44:00,二食堂-大众窗口,食堂,9.57
T0005787,20230021,2026-03-09,12:00:00,一食堂-大众窗口,食堂,9.69
T0005788,20220080,2026-03-10,17:15:00,二食堂-面食窗口,食堂,11.79
T0005789,20230101,2026-03-12,17:14:00,二食堂-面食窗口,食堂,14.02
T0005790,20250079,2026-03-03,12:15:00,二食堂-面食窗口,食堂,14.39
T0005791,20250059,2026-03-05,15:22:00,便利店,超市,5.71
T0005792,20240094,2026-03-16,15:00:00,便利店,超市,13.92
T0005793,20240010,2026-03-20,18:15:00,一食堂-大众窗口,食堂,14.47
T0005794,20230057,2026-03-11,12:07:00,二食堂-面食窗口,食堂,12.76
T0005795,20220028,2026-03-16,18:43:00,一食堂-大众窗口,食堂,10.21
T0005796,20230069,2026-03-17,08:04:00,二食堂-面食窗口,食堂,15.96
T0005797,20250075,2026-03-10,08:26:00,一食堂-风味窗口,食堂,19.74
T0005798,20250059,2026-03-11,18:35:00,一食堂-大众窗口,食堂,10.14
T0005799,20250059,2026-03-22,18:17:00,一食堂-风味窗口,食堂,14.73
T0005800,20240026,2026-03-12,18:25:00,一食堂-大众窗口,食堂,9.42
T0005801,20250083,2026-03-07,13:12:00,一食堂-大众窗口,食堂,10.69
T0005802,20230065,2026-03-17,08:32:00,二食堂-面食窗口,食堂,11.24
T0005803,20240034,2026-03-15,17:12:00,二食堂-大众窗口,食堂,9.59
T0005804,20240010,2026-03-13,11:38:00,一食堂-大众窗口,食堂,13.42
T0005805,20230037,2026-03-16,17:12:00,一食堂-风味窗口,食堂,15.81
T0005806,20240106,2026-03-18,10:48:00,水果店,超市,24.68
T0005807,20240106,2026-03-05,07:08:00,一食堂-风味窗口,食堂,20.82
T0005808,20240090,2026-03-03,12:55:00,二食堂-面食窗口,食堂,17.81
T0005809,20230009,2026-03-04,13:48:00,一食堂-大众窗口,食堂,9.22
T0005810,20250007,2026-03-21,17:15:00,一食堂-大众窗口,食堂,11.19
T0005811,20220032,2026-03-15,12:11:00,一食堂-大众窗口,食堂,8.11
T0005812,20250099,2026-03-08,17:56:00,一食堂-大众窗口,食堂,9.0
T0005813,20250031,2026-03-16,17:30:00,一食堂-风味窗口,食堂,14.51
T0005814,20250091,2026-03-03,12:07:00,二食堂-面食窗口,食堂,16.14
T0005815,20240034,2026-03-03,11:21:00,二食堂-面食窗口,食堂,13.83
T0005816,20230061,2026-03-16,08:40:00,一食堂-大众窗口,食堂,11.61
T0005817,20240074,2026-03-02,12:25:00,二食堂-大众窗口,食堂,9.9
T0005818,20250087,2026-03-20,18:27:00,二食堂-面食窗口,食堂,13.05
T0005819,20220076,2026-03-17,18:58:00,二食堂-面食窗口,食堂,11.05
T0005820,20220116,2026-03-09,08:17:00,一食堂-大众窗口,食堂,14.33
T0005821,20250087,2026-03-17,11:21:00,二食堂-面食窗口,食堂,12.26
T0005822,20230025,2026-03-19,13:43:00,一食堂-风味窗口,食堂,13.56
T0005823,20240090,2026-03-07,08:32:00,二食堂-大众窗口,食堂,13.64
T0005824,20230013,2026-03-17,08:28:00,二食堂-大众窗口,食堂,12.38
T0005825,20230113,2026-03-21,18:53:00,二食堂-大众窗口,食堂,13.78
T0005826,20240114,2026-03-12,17:18:00,二食堂-面食窗口,食堂,13.27
T0005827,20240050,2026-03-17,11:20:00,一食堂-大众窗口,食堂,14.51
T0005828,20220052,2026-03-02,19:19:00,咖啡店,饮品,8.02
T0005829,20250051,2026-03-06,12:57:00,一食堂-大众窗口,食堂,10.26
T0005830,20250095,2026-03-07,18:09:00,一食堂-风味窗口,食堂,17.39
T0005831,20220084,2026-03-09,12:02:00,一食堂-风味窗口,食堂,16.26
T0005832,20240106,2026-03-04,17:00:00,二食堂-面食窗口,食堂,10.46
T0005833,20240098,2026-03-16,17:51:00,一食堂-大众窗口,食堂,10.64
T0005834,20230009,2026-03-12,08:19:00,一食堂-风味窗口,食堂,20.02
T0005835,20230065,2026-03-19,17:58:00,二食堂-面食窗口,食堂,13.58
T0005836,20230005,2026-03-22,18:11:00,二食堂-大众窗口,食堂,12.35
T0005837,20220036,2026-03-09,17:26:00,一食堂-大众窗口,食堂,12.75
T0005838,20250115,2026-03-21,18:02:00,二食堂-面食窗口,食堂,17.43
T0005839,20220048,2026-03-04,11:36:00,二食堂-面食窗口,食堂,15.0
T0005840,20220116,2026-03-15,17:53:00,一食堂-大众窗口,食堂,13.81
T0005841,20250019,2026-03-06,21:51:00,奶茶店,饮品,8.53
T0005842,20220040,2026-03-10,08:10:00,二食堂-大众窗口,食堂,8.89
T0005843,20250075,2026-03-22,10:51:00,奶茶店,饮品,17.26
T0005844,20230053,2026-03-06,18:38:00,二食堂-面食窗口,食堂,14.91
T0005845,20240002,2026-03-13,07:14:00,二食堂-大众窗口,食堂,9.11
T0005846,20230021,2026-03-19,18:01:00,一食堂-风味窗口,食堂,13.4
T0005847,20250019,2026-03-09,08:08:00,二食堂-面食窗口,食堂,16.64
T0005848,20240034,2026-03-14,17:35:00,一食堂-风味窗口,食堂,19.87
T0005849,20220120,2026-03-04,07:23:00,一食堂-风味窗口,食堂,17.8
T0005850,20220016,2026-03-21,18:07:00,二食堂-面食窗口,食堂,17.78
T0005851,20240026,2026-03-06,07:10:00,一食堂-风味窗口,食堂,15.87
T0005852,20240002,2026-03-08,18:41:00,一食堂-大众窗口,食堂,13.09
T0005853,20250027,2026-03-12,18:49:00,一食堂-大众窗口,食堂,11.24
T0005854,20250055,2026-03-11,18:26:00,一食堂-风味窗口,食堂,16.59
T0005855,20230081,2026-03-08,07:00:00,二食堂-大众窗口,食堂,14.19
T0005856,20250007,2026-03-06,08:45:00,二食堂-面食窗口,食堂,10.13
T0005857,20230097,2026-03-14,18:51:00,二食堂-大众窗口,食堂,9.56
T0005858,20240002,2026-03-16,18:03:00,一食堂-大众窗口,食堂,11.04
T0005859,20240002,2026-03-21,17:15:00,二食堂-面食窗口,食堂,17.85
T0005860,20230097,2026-03-05,13:22:00,一食堂-大众窗口,食堂,11.97
T0005861,20250039,2026-03-06,18:06:00,一食堂-风味窗口,食堂,15.03
T0005862,20240038,2026-03-13,07:08:00,一食堂-大众窗口,食堂,14.98
T0005863,20220036,2026-03-06,08:01:00,一食堂-风味窗口,食堂,13.76
T0005864,20220092,2026-03-08,18:45:00,一食堂-大众窗口,食堂,9.38
T0005865,20230053,2026-03-17,18:31:00,一食堂-大众窗口,食堂,13.72
T0005866,20220012,2026-03-09,18:14:00,二食堂-大众窗口,食堂,13.35
T0005867,20240010,2026-03-18,07:40:00,一食堂-大众窗口,食堂,11.94
T0005868,20240082,2026-03-14,13:38:00,二食堂-大众窗口,食堂,9.57
T0005869,20220112,2026-03-11,15:03:00,便利店,超市,12.72
T0005870,20240062,2026-03-03,11:17:00,二食堂-面食窗口,食堂,15.76
T0005871,20230045,2026-03-20,17:51:00,二食堂-大众窗口,食堂,8.56
T0005872,20220084,2026-03-22,07:51:00,一食堂-风味窗口,食堂,15.76
T0005873,20240078,2026-03-04,18:31:00,一食堂-风味窗口,食堂,13.06
T0005874,20240010,2026-03-09,17:01:00,一食堂-大众窗口,食堂,14.12
T0005875,20250011,2026-03-03,07:24:00,二食堂-大众窗口,食堂,13.12
T0005876,20240086,2026-03-07,18:04:00,一食堂-风味窗口,食堂,21.87
T0005877,20240078,2026-03-11,10:20:00,奶茶店,饮品,9.97
T0005878,20220084,2026-03-04,12:19:00,二食堂-面食窗口,食堂,13.3
T0005879,20240110,2026-03-07,07:58:00,二食堂-面食窗口,食堂,17.71
T0005880,20240026,2026-03-13,08:13:00,一食堂-风味窗口,食堂,17.11
T0005881,20240026,2026-03-04,12:55:00,一食堂-风味窗口,食堂,16.89
T0005882,20250087,2026-03-04,12:28:00,二食堂-大众窗口,食堂,10.12
T0005883,20250059,2026-03-08,08:00:00,一食堂-风味窗口,食堂,18.39
T0005884,20230105,2026-03-11,11:03:00,一食堂-风味窗口,食堂,13.29
T0005885,20240074,2026-03-22,13:13:00,一食堂-风味窗口,食堂,17.61
T0005886,20230113,2026-03-20,12:45:00,一食堂-大众窗口,食堂,12.2
T0005887,20250039,2026-03-10,18:20:00,二食堂-面食窗口,食堂,10.95
T0005888,20250071,2026-03-15,12:59:00,二食堂-大众窗口,食堂,10.37
T0005889,20220032,2026-03-07,18:08:00,二食堂-面食窗口,食堂,15.61
T0005890,20220072,2026-03-22,11:14:00,一食堂-大众窗口,食堂,14.18
T0005891,20220056,2026-03-19,07:17:00,二食堂-面食窗口,食堂,14.59
T0005892,20220088,2026-03-11,12:06:00,二食堂-面食窗口,食堂,12.29
T0005893,20250031,2026-03-10,17:35:00,二食堂-大众窗口,食堂,12.62
T0005894,20230037,2026-03-19,18:53:00,二食堂-大众窗口,食堂,9.44
T0005895,20220024,2026-03-20,07:41:00,二食堂-面食窗口,食堂,10.48
T0005896,20240106,2026-03-06,17:59:00,一食堂-大众窗口,食堂,9.94
T0005897,20240014,2026-03-16,07:38:00,二食堂-面食窗口,食堂,10.42
T0005898,20220036,2026-03-13,11:38:00,一食堂-大众窗口,食堂,12.59
T0005899,20250107,2026-03-03,07:06:00,一食堂-大众窗口,食堂,14.07
T0005900,20230085,2026-03-19,18:23:00,二食堂-大众窗口,食堂,14.35
T0005901,20220088,2026-03-04,12:57:00,一食堂-大众窗口,食堂,10.06
T0005902,20230009,2026-03-20,18:33:00,一食堂-大众窗口,食堂,11.54
T0005903,20250099,2026-03-13,18:19:00,一食堂-风味窗口,食堂,13.07
T0005904,20240042,2026-03-05,18:42:00,二食堂-面食窗口,食堂,10.97
T0005905,20240118,2026-03-09,15:37:00,咖啡店,饮品,17.51
T0005906,20230061,2026-03-03,12:36:00,二食堂-面食窗口,食堂,16.64
T0005907,20240002,2026-03-08,07:21:00,一食堂-大众窗口,食堂,11.83
T0005908,20240086,2026-03-04,07:00:00,一食堂-大众窗口,食堂,13.12
T0005909,20240002,2026-03-11,18:24:00,二食堂-面食窗口,食堂,14.19
T0005910,20220076,2026-03-07,13:30:00,二食堂-大众窗口,食堂,12.46
T0005911,20240006,2026-03-22,18:10:00,二食堂-面食窗口,食堂,15.71
T0005912,20230037,2026-03-05,13:33:00,二食堂-面食窗口,食堂,13.42
T0005913,20230065,2026-03-13,12:34:00,一食堂-大众窗口,食堂,0.0
T0005914,20250111,2026-03-03,12:10:00,一食堂-风味窗口,食堂,12.24
T0005915,20220100,2026-03-03,17:39:00,二食堂-大众窗口,食堂,8.21
T0005916,20220068,2026-03-17,12:04:00,二食堂-大众窗口,食堂,12.38
T0005917,20230081,2026-03-13,07:16:00,一食堂-大众窗口,食堂,12.55
T0005918,20240070,2026-03-06,07:37:00,二食堂-大众窗口,食堂,13.04
T0005919,20230101,2026-03-15,17:19:00,一食堂-风味窗口,食堂,12.73
T0005920,20220064,2026-03-09,18:44:00,二食堂-面食窗口,食堂,16.54
T0005921,20220052,2026-03-12,17:17:00,二食堂-大众窗口,食堂,12.65
T0005922,20220012,2026-03-20,07:58:00,一食堂-大众窗口,食堂,12.69
T0005923,20240022,2026-03-06,12:39:00,二食堂-面食窗口,食堂,10.54
T0005924,20250115,2026-03-21,15:15:00,超市A,超市,3.31
T0005925,20220084,2026-03-04,17:55:00,二食堂-大众窗口,食堂,12.27
T0005926,20250011,2026-03-02,08:38:00,二食堂-大众窗口,食堂,13.58
T0005927,20240030,2026-03-16,18:07:00,二食堂-面食窗口,食堂,12.21
T0005928,20240054,2026-03-22,10:33:00,奶茶店,饮品,9.57
T0005929,20250047,2026-03-21,15:53:00,奶茶店,饮品,9.45
T0005930,20250027,2026-03-02,18:15:00,一食堂-风味窗口,食堂,16.61
T0005931,20220092,2026-03-04,12:30:00,二食堂-大众窗口,食堂,10.41
T0005932,20230057,2026-03-22,18:53:00,二食堂-大众窗口,食堂,14.99
T0005933,20240042,2026-03-21,18:57:00,二食堂-面食窗口,食堂,15.63
T0005934,20250067,2026-03-09,18:50:00,一食堂-大众窗口,食堂,10.44
T0005935,20250075,2026-03-15,12:00:00,二食堂-面食窗口,食堂,10.48
T0005936,20250027,2026-03-17,11:06:00,一食堂-大众窗口,食堂,12.17
T0005937,20230105,2026-03-03,17:38:00,二食堂-大众窗口,食堂,13.02
T0005938,20230037,2026-03-16,15:33:00,水果店,超市,6.82
T0005939,20240062,2026-03-09,10:11:00,咖啡店,饮品,16.42
T0005940,20240114,2026-03-17,12:37:00,一食堂-大众窗口,食堂,9.44
T0005941,20220104,2026-03-12,12:55:00,一食堂-大众窗口,食堂,14.47
T0005942,20220120,2026-03-07,13:11:00,一食堂-风味窗口,食堂,21.78
T0005943,20250011,2026-03-12,08:34:00,二食堂-面食窗口,食堂,12.64
T0005944,20230041,2026-03-19,18:57:00,二食堂-面食窗口,食堂,14.43
T0005945,20220076,2026-03-22,12:48:00,一食堂-风味窗口,食堂,17.81
T0005946,20250095,2026-03-12,07:00:00,一食堂-风味窗口,食堂,19.14
T0005947,20220048,2026-03-17,12:32:00,一食堂-大众窗口,食堂,8.46
T0005948,20230061,2026-03-13,08:32:00,一食堂-风味窗口,食堂,17.84
T0005949,20230097,2026-03-04,07:47:00,二食堂-大众窗口,食堂,14.3
T0005950,20230109,2026-03-03,07:35:00,二食堂-面食窗口,食堂,10.73
T0005951,20240070,2026-03-18,11:38:00,一食堂-风味窗口,食堂,17.32
T0005952,20250119,2026-03-09,12:08:00,一食堂-大众窗口,食堂,13.56
T0005953,20220100,2026-03-09,11:19:00,一食堂-大众窗口,食堂,10.42
T0005954,20240090,2026-03-18,07:48:00,二食堂-大众窗口,食堂,12.01
T0005955,20220120,2026-03-08,13:11:00,二食堂-面食窗口,食堂,17.31
T0005956,20240014,2026-03-17,17:54:00,一食堂-风味窗口,食堂,20.11
T0005957,20230081,2026-03-02,18:22:00,二食堂-面食窗口,食堂,11.88
T0005958,20250023,2026-03-19,12:14:00,二食堂-大众窗口,食堂,8.57
T0005959,20250067,2026-03-07,18:51:00,二食堂-面食窗口,食堂,13.22
T0005960,20240090,2026-03-04,18:04:00,一食堂-大众窗口,食堂,13.16
T0005961,20230057,2026-03-16,15:03:00,咖啡店,饮品,21.08
T0005962,20220016,2026-03-08,13:01:00,一食堂-风味窗口,食堂,15.61
T0005963,20220088,2026-03-06,12:06:00,一食堂-大众窗口,食堂,9.63
T0005964,20240022,2026-03-09,12:49:00,一食堂-大众窗口,食堂,13.81
T0005965,20220060,2026-03-12,17:33:00,二食堂-面食窗口,食堂,14.45
T0005966,20220048,2026-03-07,07:44:00,一食堂-大众窗口,食堂,8.54
T0005967,20230077,2026-03-04,18:17:00,一食堂-风味窗口,食堂,14.92
T0005968,20220080,2026-03-18,18:53:00,二食堂-大众窗口,食堂,10.11
T0005969,20250103,2026-03-16,12:40:00,一食堂-大众窗口,食堂,9.56
T0005970,20220104,2026-03-04,11:47:00,二食堂-面食窗口,食堂,17.28
T0005971,20240002,2026-03-10,10:13:00,奶茶店,饮品,14.14
T0005972,20230109,2026-03-19,08:23:00,二食堂-大众窗口,食堂,8.88
T0005973,20240078,2026-03-02,17:50:00,一食堂-风味窗口,食堂,12.93
T0005974,20250079,2026-03-13,18:15:00,二食堂-大众窗口,食堂,10.82
T0005975,20250095,2026-03-05,08:43:00,二食堂-面食窗口,食堂,12.93
T0005976,20240062,2026-03-06,17:43:00,二食堂-面食窗口,食堂,10.98
T0005977,20220012,2026-03-12,07:10:00,一食堂-风味窗口,食堂,13.19
T0005978,20240090,2026-03-06,11:44:00,一食堂-大众窗口,食堂,13.94
T0005979,20240074,2026-03-05,18:27:00,二食堂-面食窗口,食堂,14.2
T0005980,20250063,2026-03-22,12:14:00,二食堂-面食窗口,食堂,17.63
T0005981,20220032,2026-03-19,17:25:00,一食堂-风味窗口,食堂,16.79
T0005982,20220068,2026-03-12,11:26:00,一食堂-大众窗口,食堂,10.12
T0005983,20240082,2026-03-06,17:09:00,一食堂-风味窗口,食堂,19.35
T0005984,20230109,2026-03-12,11:35:00,一食堂-风味窗口,食堂,15.61
T0005985,20230057,2026-03-05,17:10:00,二食堂-面食窗口,食堂,16.4
T0005986,20220116,2026-03-06,12:40:00,一食堂-风味窗口,食堂,18.81
T0005987,20230005,2026-03-17,18:04:00,一食堂-大众窗口,食堂,14.69
T0005988,20230009,2026-03-20,08:37:00,一食堂-大众窗口,食堂,13.35
T0005989,20230021,2026-03-10,21:51:00,便利店,超市,5.98
T0005990,20240002,2026-03-09,11:47:00,二食堂-面食窗口,食堂,10.38
T0005991,20220028,2026-03-11,08:11:00,二食堂-大众窗口,食堂,13.67
T0005992,20230065,2026-03-12,07:04:00,二食堂-大众窗口,食堂,11.28
T0005993,20250107,2026-03-14,12:50:00,一食堂-风味窗口,食堂,13.83
T0005994,20250007,2026-03-15,12:50:00,二食堂-面食窗口,食堂,17.66
T0005995,20220048,2026-03-02,11:29:00,二食堂-大众窗口,食堂,14.01
T0005996,20220104,2026-03-07,12:44:00,一食堂-风味窗口,食堂,14.8
T0005997,20250027,2026-03-19,13:50:00,二食堂-面食窗口,食堂,10.87
T0005998,20220068,2026-03-16,08:15:00,一食堂-风味窗口,食堂,13.91
T0005999,20240094,2026-03-18,18:24:00,一食堂-风味窗口,食堂,13.32
T0006000,20220108,2026-03-20,12:14:00,二食堂-大众窗口,食堂,12.88
T0006001,20250119,2026-03-22,07:30:00,一食堂-大众窗口,食堂,8.69
T0006002,20230117,2026-03-04,08:47:00,二食堂-大众窗口,食堂,13.89
T0006003,20250075,2026-03-06,17:41:00,二食堂-大众窗口,食堂,10.67
T0006004,20250099,2026-03-05,13:14:00,一食堂-大众窗口,食堂,13.39
T0006005,20240006,2026-03-16,21:53:00,便利店,超市,15.86
T0006006,20220064,2026-03-20,17:07:00,二食堂-大众窗口,食堂,9.61
T0006007,20220028,2026-03-19,07:18:00,一食堂-大众窗口,食堂,10.54
T0006008,20240006,2026-03-14,18:59:00,二食堂-大众窗口,食堂,12.76
T0006009,20240074,2026-03-14,12:42:00,二食堂-大众窗口,食堂,11.77
T0006010,20230073,2026-03-17,12:41:00,二食堂-大众窗口,食堂,10.85
T0006011,20230105,2026-03-02,18:15:00,二食堂-面食窗口,食堂,12.83
T0006012,20230085,2026-03-16,08:51:00,二食堂-大众窗口,食堂,11.87
T0006013,20250099,2026-03-12,18:47:00,一食堂-大众窗口,食堂,13.73
T0006014,20230029,2026-03-05,12:19:00,一食堂-风味窗口,食堂,17.98
T0006015,20220060,2026-03-19,18:48:00,二食堂-大众窗口,食堂,12.71
T0006016,20240110,2026-03-02,10:08:00,水果店,超市,27.33
T0006017,20240022,2026-03-06,07:55:00,二食堂-大众窗口,食堂,9.83
T0006018,20230089,2026-03-14,18:56:00,二食堂-面食窗口,食堂,12.69
T0006019,20230073,2026-03-20,17:27:00,一食堂-风味窗口,食堂,13.86
T0006020,20230025,2026-03-13,08:58:00,一食堂-风味窗口,食堂,17.44
T0006021,20240058,2026-03-02,18:07:00,二食堂-面食窗口,食堂,15.09
T0006022,20230009,2026-03-18,11:24:00,二食堂-面食窗口,食堂,13.83
T0006023,20230093,2026-03-09,12:10:00,二食堂-大众窗口,食堂,8.0
T0006024,20220056,2026-03-11,08:53:00,二食堂-大众窗口,食堂,14.43
T0006025,20230021,2026-03-14,18:58:00,一食堂-风味窗口,食堂,21.81
T0006026,20240074,2026-03-03,13:27:00,二食堂-面食窗口,食堂,12.63
T0006027,20230085,2026-03-12,18:06:00,一食堂-风味窗口,食堂,18.93
T0006028,20230061,2026-03-07,17:58:00,一食堂-风味窗口,食堂,13.75
T0006029,20250103,2026-03-18,12:22:00,二食堂-大众窗口,食堂,14.49
T0006030,20240026,2026-03-20,11:33:00,二食堂-大众窗口,食堂,14.99
T0006031,20240074,2026-03-15,12:08:00,二食堂-面食窗口,食堂,11.55
T0006032,20220116,2026-03-08,18:13:00,一食堂-风味窗口,食堂,13.87
T0006033,20220020,2026-03-22,11:36:00,二食堂-大众窗口,食堂,10.24
T0006034,20240066,2026-03-20,12:00:00,二食堂-大众窗口,食堂,8.71
T0006035,20230093,2026-03-18,18:23:00,一食堂-大众窗口,食堂,12.49
T0006036,20250003,2026-03-10,12:17:00,一食堂-风味窗口,食堂,12.5
T0006037,20250047,2026-03-12,21:05:00,超市A,超市,6.64
T0006038,20250011,2026-03-17,12:16:00,一食堂-风味窗口,食堂,15.2
T0006039,20240038,2026-03-15,18:50:00,一食堂-大众窗口,食堂,9.57
T0006040,20240070,2026-03-15,18:37:00,一食堂-风味窗口,食堂,20.42
T0006041,20220056,2026-03-22,12:03:00,一食堂-大众窗口,食堂,10.98
T0006042,20240066,2026-03-02,07:35:00,二食堂-大众窗口,食堂,9.68
T0006043,20240026,2026-03-07,08:42:00,二食堂-面食窗口,食堂,10.07
T0006044,20250103,2026-03-11,15:14:00,便利店,超市,19.54
T0006045,20250047,2026-03-02,12:50:00,二食堂-面食窗口,食堂,15.87
T0006046,20240006,2026-03-22,08:04:00,一食堂-大众窗口,食堂,11.17
T0006047,20240102,2026-03-20,17:25:00,二食堂-面食窗口,食堂,10.86
T0006048,20220084,2026-03-13,11:05:00,一食堂-大众窗口,食堂,13.59
T0006049,20250015,2026-03-16,12:14:00,二食堂-大众窗口,食堂,11.5
T0006050,20220064,2026-03-11,18:12:00,一食堂-大众窗口,食堂,14.23
T0006051,20220104,2026-03-11,12:04:00,一食堂-大众窗口,食堂,13.33
T0006052,20240006,2026-03-09,11:31:00,二食堂-大众窗口,食堂,10.15
T0006053,20240006,2026-03-17,18:13:00,一食堂-大众窗口,食堂,8.09
T0006054,20240082,2026-03-10,13:52:00,二食堂-大众窗口,食堂,9.78
T0006055,20230117,2026-03-15,12:34:00,二食堂-面食窗口,食堂,11.02
T0006056,20230109,2026-03-05,11:36:00,二食堂-大众窗口,食堂,12.07
T0006057,20230065,2026-03-10,12:50:00,二食堂-面食窗口,食堂,15.83
T0006058,20240062,2026-03-12,13:36:00,一食堂-风味窗口,食堂,13.51
T0006059,20240118,2026-03-17,18:44:00,一食堂-大众窗口,食堂,13.23
T0006060,20230061,2026-03-18,08:14:00,一食堂-风味窗口,食堂,19.58
T0006061,20230097,2026-03-09,12:51:00,一食堂-大众窗口,食堂,13.13
T0006062,20220084,2026-03-17,11:54:00,一食堂-风味窗口,食堂,21.0
T0006063,20220112,2026-03-19,11:18:00,二食堂-面食窗口,食堂,12.27
T0006064,20220120,2026-03-17,13:08:00,二食堂-面食窗口,食堂,10.44
T0006065,20250063,2026-03-16,15:07:00,水果店,超市,24.7
T0006066,20240038,2026-03-18,12:39:00,一食堂-大众窗口,食堂,11.52
T0006067,20230037,2026-03-22,17:19:00,二食堂-大众窗口,食堂,12.93
T0006068,20220036,2026-03-18,12:56:00,二食堂-大众窗口,食堂,11.5
T0006069,20230081,2026-03-11,13:25:00,二食堂-大众窗口,食堂,12.23
T0006070,20250063,2026-03-09,07:21:00,二食堂-面食窗口,食堂,13.36
T0006071,20230097,2026-03-16,18:52:00,二食堂-面食窗口,食堂,13.12
T0006072,20240070,2026-03-19,12:37:00,二食堂-面食窗口,食堂,13.56
T0006073,20250035,2026-03-19,17:29:00,一食堂-风味窗口,食堂,12.03
T0006074,20230077,2026-03-15,17:18:00,二食堂-大众窗口,食堂,14.18
T0006075,20230009,2026-03-03,17:04:00,一食堂-风味窗口,食堂,18.97
T0006076,20250103,2026-03-02,12:57:00,一食堂-大众窗口,食堂,9.66
T0006077,20240110,2026-03-02,18:37:00,一食堂-风味窗口,食堂,15.61
T0006078,20220084,2026-03-08,17:37:00,二食堂-面食窗口,食堂,12.6
T0006079,20240090,2026-03-21,17:16:00,二食堂-大众窗口,食堂,11.73
T0006080,20240074,2026-03-22,18:15:00,一食堂-大众窗口,食堂,12.19
T0006081,20240074,2026-03-10,12:21:00,一食堂-大众窗口,食堂,8.63
T0006082,20240058,2026-03-15,18:29:00,二食堂-面食窗口,食堂,12.98
T0006083,20230061,2026-03-05,12:46:00,一食堂-风味窗口,食堂,12.22
T0006084,20250107,2026-03-20,18:47:00,二食堂-面食窗口,食堂,10.54
T0006085,20230033,2026-03-21,11:41:00,一食堂-大众窗口,食堂,8.02
T0006086,20220096,2026-03-05,13:11:00,二食堂-面食窗口,食堂,13.51
T0006087,20230077,2026-03-12,07:44:00,一食堂-风味窗口,食堂,13.6
T0006088,20220016,2026-03-22,12:30:00,一食堂-大众窗口,食堂,11.68
T0006089,20240042,2026-03-04,07:32:00,一食堂-风味窗口,食堂,13.64
T0006090,20250047,2026-03-12,12:12:00,二食堂-大众窗口,食堂,13.39
T0006091,20250051,2026-03-03,12:50:00,一食堂-风味窗口,食堂,21.31
T0006092,20230053,2026-03-20,18:52:00,二食堂-面食窗口,食堂,17.55
T0006093,20220004,2026-03-04,17:04:00,一食堂-风味窗口,食堂,15.88
T0006094,20220096,2026-03-02,13:34:00,二食堂-大众窗口,食堂,10.46
T0006095,20240042,2026-03-17,11:19:00,二食堂-大众窗口,食堂,14.37
T0006096,20230045,2026-03-11,15:23:00,水果店,超市,24.64
T0006097,20250095,2026-03-19,17:57:00,二食堂-大众窗口,食堂,12.92
T0006098,20250079,2026-03-21,12:30:00,一食堂-风味窗口,食堂,12.7
T0006099,20240066,2026-03-21,18:18:00,一食堂-大众窗口,食堂,13.99
T0006100,20230001,2026-03-22,17:56:00,一食堂-大众窗口,食堂,11.18
T0006101,20230001,2026-03-07,11:09:00,二食堂-面食窗口,食堂,14.95
T0006102,20250055,2026-03-07,12:36:00,二食堂-大众窗口,食堂,12.55
T0006103,20230101,2026-03-10,18:49:00,一食堂-大众窗口,食堂,8.86
T0006104,20220032,2026-03-08,12:19:00,二食堂-面食窗口,食堂,13.03
T0006105,20250027,2026-03-04,11:14:00,一食堂-风味窗口,食堂,17.62
T0006106,20240014,2026-03-15,19:14:00,水果店,超市,4.95
T0006107,20230045,2026-03-16,17:07:00,二食堂-面食窗口,食堂,13.1
T0006108,20220100,2026-03-21,18:37:00,一食堂-大众窗口,食堂,11.01
T0006109,20240098,2026-03-17,08:52:00,二食堂-面食窗口,食堂,15.8
T0006110,20250063,2026-03-08,11:42:00,二食堂-面食窗口,食堂,13.8
T0006111,20250091,2026-03-18,18:52:00,一食堂-大众窗口,食堂,10.93
T0006112,20220040,2026-03-10,18:57:00,二食堂-大众窗口,食堂,12.12
T0006113,20250011,2026-03-20,08:30:00,二食堂-面食窗口,食堂,11.39
T0006114,20240102,2026-03-17,08:34:00,一食堂-大众窗口,食堂,13.2
T0006115,20240090,2026-03-22,19:12:00,咖啡店,饮品,12.86
T0006116,20220108,2026-03-09,08:30:00,一食堂-大众窗口,食堂,9.85
T0006117,20230009,2026-03-04,08:14:00,一食堂-大众窗口,食堂,9.94
T0006118,20240038,2026-03-03,17:11:00,一食堂-大众窗口,食堂,12.56
T0006119,20220008,2026-03-10,17:54:00,一食堂-大众窗口,食堂,13.41
T0006120,20240022,2026-03-10,08:33:00,二食堂-面食窗口,食堂,14.62
T0006121,20240066,2026-03-05,18:02:00,二食堂-大众窗口,食堂,13.63
T0006122,20220016,2026-03-06,13:53:00,一食堂-大众窗口,食堂,14.62
T0006123,20220084,2026-03-08,12:21:00,一食堂-大众窗口,食堂,9.17
T0006124,20220120,2026-03-11,18:27:00,二食堂-大众窗口,食堂,11.86
T0006125,20240042,2026-03-06,12:03:00,二食堂-大众窗口,食堂,12.07
T0006126,20220044,2026-03-19,08:33:00,二食堂-面食窗口,食堂,16.59
T0006127,20230045,2026-03-17,07:43:00,二食堂-面食窗口,食堂,17.14
T0006128,20240058,2026-03-11,18:34:00,二食堂-大众窗口,食堂,10.93
T0006129,20220024,2026-03-18,18:13:00,一食堂-风味窗口,食堂,18.22
T0006130,20250011,2026-03-13,11:14:00,一食堂-大众窗口,食堂,13.76
T0006131,20220088,2026-03-13,17:35:00,二食堂-大众窗口,食堂,12.47
T0006132,20230089,2026-03-15,12:31:00,一食堂-大众窗口,食堂,8.1
T0006133,20240030,2026-03-18,12:03:00,二食堂-大众窗口,食堂,9.72
T0006134,20230025,2026-03-06,12:11:00,一食堂-风味窗口,食堂,13.74
T0006135,20230053,2026-03-10,08:55:00,一食堂-风味窗口,食堂,17.08
T0006136,20250115,2026-03-18,13:36:00,二食堂-面食窗口,食堂,17.57
T0006137,20220092,2026-03-13,17:32:00,二食堂-大众窗口,食堂,14.76
T0006138,20230049,2026-03-18,12:06:00,二食堂-面食窗口,食堂,14.64
T0006139,20250063,2026-03-17,13:13:00,一食堂-风味窗口,食堂,19.99
T0006140,20240034,2026-03-14,12:58:00,二食堂-面食窗口,食堂,14.94
T0006141,20240006,2026-03-16,18:24:00,二食堂-大众窗口,食堂,10.49
T0006142,20250103,2026-03-08,17:34:00,一食堂-大众窗口,食堂,14.33
T0006143,20250035,2026-03-22,12:51:00,二食堂-大众窗口,食堂,9.75
T0006144,20230105,2026-03-14,17:18:00,一食堂-大众窗口,食堂,8.26
T0006145,20220048,2026-03-11,07:51:00,一食堂-风味窗口,食堂,17.47
T0006146,20230029,2026-03-02,08:15:00,二食堂-面食窗口,食堂,12.92
T0006147,20220004,2026-03-09,18:15:00,二食堂-面食窗口,食堂,17.41
T0006148,20220104,2026-03-05,08:56:00,二食堂-面食窗口,食堂,15.73
T0006149,20240110,2026-03-18,12:10:00,一食堂-大众窗口,食堂,11.76
T0006150,20220040,2026-03-05,08:22:00,一食堂-大众窗口,食堂,11.65
T0006151,20240106,2026-03-07,17:47:00,二食堂-大众窗口,食堂,14.34
T0006152,20220076,2026-03-20,13:46:00,二食堂-大众窗口,食堂,12.1
T0006153,20250099,2026-03-17,18:52:00,二食堂-大众窗口,食堂,12.25
T0006154,20250031,2026-03-22,13:16:00,一食堂-风味窗口,食堂,13.54
T0006155,20230049,2026-03-09,18:33:00,一食堂-大众窗口,食堂,11.67
T0006156,20220024,2026-03-12,08:37:00,二食堂-大众窗口,食堂,8.37
T0006157,20220040,2026-03-04,12:33:00,一食堂-风味窗口,食堂,17.84
T0006158,20240034,2026-03-06,07:36:00,一食堂-风味窗口,食堂,16.65
T0006159,20230105,2026-03-16,07:07:00,一食堂-大众窗口,食堂,11.49
T0006160,20240050,2026-03-19,12:18:00,二食堂-大众窗口,食堂,14.75
T0006161,20230077,2026-03-21,12:10:00,二食堂-面食窗口,食堂,17.0
T0006162,20250043,2026-03-05,12:48:00,一食堂-大众窗口,食堂,13.67
T0006163,20220052,2026-03-16,12:39:00,一食堂-大众窗口,食堂,12.73
T0006164,20220056,2026-03-17,18:16:00,二食堂-面食窗口,食堂,10.04
T0006165,20250075,2026-03-12,07:58:00,二食堂-大众窗口,食堂,12.35
T0006166,20250099,2026-03-07,10:16:00,水果店,超市,16.05
T0006167,20250027,2026-03-10,12:29:00,一食堂-大众窗口,食堂,12.25
T0006168,20220104,2026-03-08,10:01:00,水果店,超市,13.32
T0006169,20240022,2026-03-18,11:09:00,二食堂-面食窗口,食堂,10.59
T0006170,20230029,2026-03-21,18:40:00,二食堂-面食窗口,食堂,17.08
T0006171,20240094,2026-03-04,18:02:00,一食堂-大众窗口,食堂,12.81
T0006172,20230085,2026-03-12,08:19:00,一食堂-风味窗口,食堂,14.53
T0006173,20250043,2026-03-08,18:03:00,二食堂-面食窗口,食堂,12.68
T0006174,20230109,2026-03-05,18:06:00,一食堂-大众窗口,食堂,10.41
T0006175,20250103,2026-03-03,08:33:00,二食堂-大众窗口,食堂,11.57
T0006176,20220004,2026-03-14,12:25:00,二食堂-大众窗口,食堂,8.21
T0006177,20240058,2026-03-03,18:16:00,一食堂-大众窗口,食堂,11.16
T0006178,20250055,2026-03-06,13:16:00,一食堂-大众窗口,食堂,10.1
T0006179,20230001,2026-03-16,13:47:00,一食堂-风味窗口,食堂,16.73
T0006180,20250087,2026-03-09,12:05:00,二食堂-大众窗口,食堂,13.6
T0006181,20240118,2026-03-07,18:32:00,一食堂-风味窗口,食堂,18.49
T0006182,20250071,2026-03-12,07:35:00,一食堂-大众窗口,食堂,10.13
T0006183,20220120,2026-03-10,12:43:00,一食堂-风味窗口,食堂,15.46
T0006184,20250111,2026-03-21,10:44:00,咖啡店,饮品,13.18
T0006185,20250055,2026-03-12,07:08:00,二食堂-大众窗口,食堂,8.34
T0006186,20230013,2026-03-10,12:39:00,二食堂-大众窗口,食堂,11.25
T0006187,20230065,2026-03-05,19:23:00,奶茶店,饮品,10.18
T0006188,20250007,2026-03-17,12:03:00,二食堂-面食窗口,食堂,11.67
T0006189,20240050,2026-03-09,17:01:00,二食堂-大众窗口,食堂,10.14
T0006190,20250059,2026-03-20,12:19:00,一食堂-风味窗口,食堂,16.16
T0006191,20220056,2026-03-06,18:45:00,二食堂-面食窗口,食堂,13.73
T0006192,20220048,2026-03-02,15:37:00,咖啡店,饮品,8.54
T0006193,20240110,2026-03-17,12:56:00,二食堂-面食窗口,食堂,12.32
T0006194,20240114,2026-03-03,08:06:00,一食堂-大众窗口,食堂,14.99
T0006195,20240014,2026-03-08,15:16:00,便利店,超市,16.22
T0006196,20230085,2026-03-09,12:22:00,一食堂-大众窗口,食堂,13.26
T0006197,20240070,2026-03-20,17:45:00,一食堂-大众窗口,食堂,11.19
T0006198,20220092,2026-03-21,08:33:00,一食堂-风味窗口,食堂,16.46
T0006199,20240022,2026-03-11,13:55:00,二食堂-面食窗口,食堂,14.92
T0006200,20220048,2026-03-07,17:41:00,一食堂-风味窗口,食堂,18.5
T0006201,20220016,2026-03-20,17:37:00,一食堂-大众窗口,食堂,13.19
T0006202,20240094,2026-03-04,10:55:00,便利店,超市,13.85
T0006203,20240026,2026-03-03,18:45:00,一食堂-大众窗口,食堂,11.88
T0006204,,2026-03-06,12:20:00,二食堂-面食窗口,食堂,14.15
T0006205,20240094,2026-03-15,11:28:00,一食堂-风味窗口,食堂,18.71
T0006206,20230065,2026-03-13,18:50:00,一食堂-大众窗口,食堂,12.86
T0006207,20240074,2026-03-07,17:04:00,一食堂-风味窗口,食堂,16.51
T0006208,20250103,2026-03-03,13:48:00,一食堂-大众窗口,食堂,13.2
T0006209,20250035,2026-03-08,17:54:00,一食堂-大众窗口,食堂,11.25
T0006210,20250011,2026-03-07,12:52:00,二食堂-面食窗口,食堂,10.18
T0006211,20220028,2026-03-22,18:34:00,一食堂-大众窗口,食堂,8.8
T0006212,20230109,2026-03-02,12:49:00,二食堂-大众窗口,食堂,13.58
T0006213,20230069,2026-03-05,18:58:00,一食堂-大众窗口,食堂,13.75
T0006214,20240018,2026-03-12,13:49:00,一食堂-大众窗口,食堂,8.86
T0006215,20220064,2026-03-19,07:05:00,二食堂-面食窗口,食堂,11.55
T0006216,20220120,2026-03-15,10:59:00,水果店,超市,12.97
T0006217,20250051,2026-03-09,12:55:00,二食堂-大众窗口,食堂,11.83
T0006218,20240022,2026-03-03,11:33:00,一食堂-大众窗口,食堂,12.05
T0006219,20230093,2026-03-06,12:11:00,一食堂-大众窗口,食堂,14.73
T0006220,20220104,2026-03-22,12:37:00,一食堂-风味窗口,食堂,15.06
T0006221,20230073,2026-03-15,10:45:00,咖啡店,饮品,14.22
T0006222,20220056,2026-03-05,07:01:00,一食堂-风味窗口,食堂,20.63
T0006223,20230101,2026-03-22,18:07:00,一食堂-大众窗口,食堂,11.83
T0006224,20230101,2026-03-07,08:09:00,一食堂-大众窗口,食堂,11.67
T0006225,20230049,2026-03-07,18:22:00,二食堂-面食窗口,食堂,16.1
T0006226,20220012,2026-03-03,11:18:00,二食堂-大众窗口,食堂,11.39
T0006227,20230025,2026-03-20,12:07:00,一食堂-风味窗口,食堂,21.99
T0006228,20230113,2026-03-11,08:12:00,一食堂-大众窗口,食堂,8.2
T0006229,20220104,2026-03-19,18:05:00,一食堂-大众窗口,食堂,12.92
T0006230,20220024,2026-03-07,11:28:00,一食堂-大众窗口,食堂,13.78
T0006231,20220096,2026-03-08,18:07:00,二食堂-大众窗口,食堂,14.54
T0006232,20250099,2026-03-03,08:09:00,一食堂-风味窗口,食堂,20.62
T0006233,20230097,2026-03-06,12:45:00,一食堂-风味窗口,食堂,14.03
T0006234,20230021,2026-03-17,18:58:00,二食堂-面食窗口,食堂,11.82
T0006235,20220048,2026-03-02,07:48:00,二食堂-面食窗口,食堂,16.44
T0006236,20220068,2026-03-22,18:46:00,一食堂-风味窗口,食堂,12.36
T0006237,20220080,2026-03-08,13:14:00,二食堂-面食窗口,食堂,10.23
T0006238,20250095,2026-03-16,08:03:00,一食堂-大众窗口,食堂,9.44
T0006239,20230013,2026-03-06,12:17:00,二食堂-大众窗口,食堂,13.16
T0006240,20230109,2026-03-06,15:43:00,便利店,超市,13.83
T0006241,20230017,2026-03-08,10:25:00,奶茶店,饮品,6.69
T0006242,20240038,2026-03-08,12:50:00,二食堂-面食窗口,食堂,12.62
T0006243,20250099,2026-03-10,07:11:00,一食堂-大众窗口,食堂,9.3
T0006244,20250023,2026-03-17,18:50:00,一食堂-大众窗口,食堂,12.35
T0006245,20250035,2026-03-20,13:24:00,一食堂-大众窗口,食堂,9.57
T0006246,20250099,2026-03-02,08:47:00,二食堂-面食窗口,食堂,14.28
T0006247,20250027,2026-03-20,17:35:00,一食堂-大众窗口,食堂,11.28
T0006248,20250027,2026-03-13,12:01:00,一食堂-大众窗口,食堂,13.33
T0006249,20250039,2026-03-16,17:24:00,一食堂-大众窗口,食堂,13.61
T0006250,20240026,2026-03-09,17:36:00,一食堂-大众窗口,食堂,12.89
T0006251,20220020,2026-03-12,18:36:00,二食堂-面食窗口,食堂,16.36
T0006252,20240006,2026-03-14,07:37:00,一食堂-风味窗口,食堂,12.17
T0006253,20240106,2026-03-14,07:29:00,二食堂-大众窗口,食堂,9.26
T0006254,20250027,2026-03-19,08:06:00,一食堂-大众窗口,食堂,10.12
T0006255,20230025,2026-03-19,17:31:00,一食堂-风味窗口,食堂,13.14
T0006256,20250067,2026-03-11,11:30:00,二食堂-大众窗口,食堂,12.84
T0006257,20230057,2026-03-21,12:27:00,一食堂-风味窗口,食堂,14.08
T0006258,20230045,2026-03-22,08:37:00,二食堂-大众窗口,食堂,11.61
T0006259,20240042,2026-03-17,18:28:00,一食堂-风味窗口,食堂,17.68
T0006260,20250071,2026-03-19,13:57:00,一食堂-风味窗口,食堂,19.8
T0006261,20240018,2026-03-04,19:19:00,咖啡店,饮品,11.74
T0006262,20230025,2026-03-08,17:00:00,二食堂-大众窗口,食堂,10.38
T0006263,20220020,2026-03-03,18:37:00,一食堂-风味窗口,食堂,14.02
T0006264,20220104,2026-03-20,11:18:00,一食堂-大众窗口,食堂,12.09
T0006265,20250055,2026-03-21,18:55:00,二食堂-面食窗口,食堂,13.7
T0006266,20230005,2026-03-14,12:10:00,一食堂-风味窗口,食堂,16.01
T0006267,20250067,2026-03-14,19:16:00,水果店,超市,18.49
T0006268,20230117,2026-03-11,18:41:00,一食堂-大众窗口,食堂,10.26
T0006269,20220096,2026-03-22,12:29:00,一食堂-大众窗口,食堂,14.47
T0006270,20240038,2026-03-02,15:16:00,奶茶店,饮品,11.62
T0006271,20220096,2026-03-05,18:11:00,一食堂-风味窗口,食堂,17.26
T0006272,20240086,2026-03-20,17:32:00,一食堂-风味窗口,食堂,20.33
T0006273,20230113,2026-03-10,08:25:00,二食堂-大众窗口,食堂,9.16
T0006274,20250043,2026-03-10,07:08:00,一食堂-大众窗口,食堂,10.6
T0006275,20230017,2026-03-18,11:19:00,一食堂-大众窗口,食堂,12.48
T0006276,20230029,2026-03-20,11:04:00,一食堂-风味窗口,食堂,19.78
T0006277,20240086,2026-03-05,07:40:00,二食堂-面食窗口,食堂,13.76
T0006278,20250119,2026-03-19,12:41:00,一食堂-大众窗口,食堂,10.33
T0006279,20230053,2026-03-04,07:45:00,二食堂-大众窗口,食堂,10.22
T0006280,20250059,2026-03-17,08:32:00,一食堂-风味窗口,食堂,12.55
T0006281,20240050,2026-03-18,07:44:00,二食堂-面食窗口,食堂,15.23
T0006282,20240034,2026-03-22,13:05:00,一食堂-风味窗口,食堂,12.02
T0006283,20240086,2026-03-12,12:37:00,一食堂-大众窗口,食堂,12.04
T0006284,20240050,2026-03-11,08:40:00,二食堂-大众窗口,食堂,12.82
T0006285,20230113,2026-03-18,15:48:00,水果店,超市,6.22
T0006286,20220112,2026-03-11,07:20:00,二食堂-大众窗口,食堂,10.86
T0006287,20240086,2026-03-08,18:01:00,一食堂-风味窗口,食堂,13.3
T0006288,20240038,2026-03-22,12:23:00,一食堂-大众窗口,食堂,11.59
T0006289,20220012,2026-03-14,12:45:00,二食堂-面食窗口,食堂,17.95
T0006290,20250083,2026-03-17,11:01:00,二食堂-大众窗口,食堂,9.47
T0006291,20220112,2026-03-13,11:22:00,一食堂-大众窗口,食堂,14.28
T0006292,20220116,2026-03-02,12:01:00,二食堂-大众窗口,食堂,13.83
T0006293,20220036,2026-03-18,07:25:00,二食堂-大众窗口,食堂,14.03
T0006294,20230069,2026-03-15,19:46:00,超市A,超市,5.98
T0006295,20240098,2026-03-05,17:36:00,二食堂-面食窗口,食堂,16.6
T0006296,20240026,2026-03-17,08:16:00,二食堂-大众窗口,食堂,12.78
T0006297,20220012,2026-03-22,17:19:00,一食堂-大众窗口,食堂,13.55
T0006298,20240114,2026-03-19,11:40:00,二食堂-大众窗口,食堂,10.76
T0006299,20220036,2026-03-20,08:50:00,二食堂-面食窗口,食堂,14.04
T0006300,20250075,2026-03-14,12:35:00,二食堂-大众窗口,食堂,11.81
T0006301,20250011,2026-03-08,17:31:00,二食堂-面食窗口,食堂,14.96
T0006302,20220052,2026-03-09,17:24:00,二食堂-大众窗口,食堂,10.34
T0006303,20220024,2026-03-15,18:20:00,一食堂-大众窗口,食堂,11.64
T0006304,20250031,2026-03-18,08:23:00,一食堂-风味窗口,食堂,17.83
T0006305,20220100,2026-03-18,12:25:00,二食堂-面食窗口,食堂,12.09
T0006306,20220100,2026-03-13,18:44:00,二食堂-大众窗口,食堂,13.58
T0006307,20230041,2026-03-11,13:33:00,二食堂-面食窗口,食堂,17.23
T0006308,20240070,2026-03-11,17:36:00,一食堂-大众窗口,食堂,14.41
T0006309,20220064,2026-03-08,12:40:00,一食堂-大众窗口,食堂,12.36
T0006310,20240102,2026-03-15,18:57:00,二食堂-面食窗口,食堂,11.27
T0006311,20240050,2026-03-06,07:51:00,二食堂-面食窗口,食堂,11.72
T0006312,20250063,2026-03-15,12:38:00,一食堂-大众窗口,食堂,9.88
T0006313,20250119,2026-03-17,12:23:00,二食堂-大众窗口,食堂,12.91
T0006314,20230109,2026-03-04,12:47:00,二食堂-大众窗口,食堂,11.85
T0006315,20240058,2026-03-06,18:30:00,二食堂-面食窗口,食堂,16.2
T0006316,20230109,2026-03-17,12:23:00,二食堂-面食窗口,食堂,13.63
T0006317,20230041,2026-03-11,17:32:00,一食堂-风味窗口,食堂,15.89
T0006318,20230073,2026-03-10,13:15:00,二食堂-面食窗口,食堂,16.67
T0006319,20220088,2026-03-16,08:53:00,一食堂-大众窗口,食堂,12.53
T0006320,20230021,2026-03-04,18:37:00,二食堂-面食窗口,食堂,11.7
T0006321,20230017,2026-03-19,12:48:00,一食堂-风味窗口,食堂,16.67
T0006322,20240010,2026-03-03,08:31:00,二食堂-面食窗口,食堂,12.84
T0006323,20240018,2026-03-05,17:46:00,一食堂-风味窗口,食堂,14.72
T0006324,20240070,2026-03-12,07:45:00,一食堂-风味窗口,食堂,20.16
T0006325,20250059,2026-03-12,12:59:00,二食堂-面食窗口,食堂,13.38
T0006326,20250087,2026-03-20,08:02:00,二食堂-面食窗口,食堂,12.36
T0006327,20250007,2026-03-10,08:09:00,一食堂-风味窗口,食堂,15.81
T0006328,20250011,2026-03-03,18:05:00,二食堂-面食窗口,食堂,11.54
T0006329,20240106,2026-03-20,18:07:00,二食堂-大众窗口,食堂,8.44
T0006330,20220104,2026-03-02,18:06:00,一食堂-风味窗口,食堂,18.58
T0006331,20240038,2026-03-07,07:51:00,一食堂-大众窗口,食堂,11.6
T0006332,20250039,2026-03-16,13:42:00,二食堂-大众窗口,食堂,11.72
T0006333,20240118,2026-03-04,07:54:00,二食堂-面食窗口,食堂,13.03
T0006334,20240054,2026-03-09,12:19:00,一食堂-风味窗口,食堂,19.69
T0006335,20220016,2026-03-17,18:02:00,一食堂-风味窗口,食堂,20.29
T0006336,20230085,2026-03-11,12:00:00,一食堂-大众窗口,食堂,10.55
T0006337,20250015,2026-03-03,08:23:00,一食堂-风味窗口,食堂,14.95
T0006338,20240102,2026-03-05,18:34:00,二食堂-大众窗口,食堂,8.59
T0006339,20240030,2026-03-12,21:47:00,奶茶店,饮品,11.57
T0006340,20230001,2026-03-09,07:25:00,二食堂-大众窗口,食堂,8.49
T0006341,20220100,2026-03-19,07:19:00,二食堂-大众窗口,食堂,9.34
T0006342,20240114,2026-03-12,07:07:00,一食堂-风味窗口,食堂,20.99
T0006343,20230073,2026-03-13,07:01:00,一食堂-大众窗口,食堂,8.12
T0006344,20220024,2026-03-02,17:02:00,二食堂-面食窗口,食堂,11.23
T0006345,20250107,2026-03-12,12:18:00,二食堂-大众窗口,食堂,12.79
T0006346,20240026,2026-03-15,18:27:00,二食堂-大众窗口,食堂,14.7
T0006347,20250059,2026-03-11,11:15:00,一食堂-大众窗口,食堂,13.63
T0006348,20240102,2026-03-20,12:19:00,二食堂-大众窗口,食堂,10.42
T0006349,20230021,2026-03-07,12:30:00,一食堂-大众窗口,食堂,9.87
T0006350,20250023,2026-03-09,17:46:00,一食堂-大众窗口,食堂,12.15
T0006351,20230089,2026-03-11,17:13:00,二食堂-面食窗口,食堂,15.21
T0006352,20230037,2026-03-12,15:18:00,超市A,超市,14.86
T0006353,20240038,2026-03-13,11:21:00,一食堂-大众窗口,食堂,13.15
T0006354,20250075,2026-03-04,12:20:00,一食堂-风味窗口,食堂,13.94
T0006355,20220076,2026-03-19,18:45:00,一食堂-风味窗口,食堂,19.54
T0006356,20220008,2026-03-09,12:07:00,一食堂-大众窗口,食堂,13.55
T0006357,20240030,2026-03-20,08:24:00,二食堂-大众窗口,食堂,9.11
T0006358,20240010,2026-03-19,18:17:00,二食堂-面食窗口,食堂,10.61
T0006359,20240066,2026-03-06,11:17:00,一食堂-大众窗口,食堂,12.08
T0006360,20240066,2026-03-17,07:09:00,二食堂-大众窗口,食堂,9.51
T0006361,20250039,2026-03-08,17:46:00,二食堂-大众窗口,食堂,14.67
T0006362,20220096,2026-03-09,08:44:00,二食堂-面食窗口,食堂,14.35
T0006363,20250087,2026-03-18,18:58:00,二食堂-大众窗口,食堂,8.52
T0006364,20230021,2026-03-11,12:01:00,二食堂-大众窗口,食堂,8.26
T0006365,20220012,2026-03-19,07:43:00,一食堂-风味窗口,食堂,21.49
T0006366,20230001,2026-03-20,18:28:00,一食堂-大众窗口,食堂,1413.05
T0006367,20240002,2026-03-22,08:52:00,二食堂-大众窗口,食堂,8.12
T0006368,20250079,2026-03-10,17:54:00,一食堂-风味窗口,食堂,14.09
T0006369,20250019,2026-03-22,07:07:00,一食堂-大众窗口,食堂,11.27
T0006370,20230117,2026-03-21,12:52:00,一食堂-风味窗口,食堂,17.58
T0006371,20230105,2026-03-19,08:55:00,一食堂-大众窗口,食堂,9.29
T0006372,20240010,2026-03-12,13:45:00,二食堂-面食窗口,食堂,14.01
T0006373,20240050,2026-03-06,17:10:00,一食堂-大众窗口,食堂,10.45
T0006374,20220076,2026-03-16,15:35:00,奶茶店,饮品,10.59
T0006375,20250059,2026-03-02,12:33:00,二食堂-大众窗口,食堂,11.73
T0006376,20220064,2026-03-05,07:40:00,二食堂-面食窗口,食堂,14.81
T0006377,20250035,2026-03-14,12:41:00,二食堂-大众窗口,食堂,8.08
T0006378,20220060,2026-03-08,08:36:00,一食堂-风味窗口,食堂,17.08
T0006379,20250007,2026-03-03,17:38:00,一食堂-大众窗口,食堂,13.2
T0006380,20250039,2026-03-20,12:40:00,二食堂-大众窗口,食堂,10.72
T0006381,20250063,2026-03-19,11:58:00,一食堂-大众窗口,食堂,11.9
T0006382,20240114,2026-03-09,12:17:00,二食堂-面食窗口,食堂,11.15
T0006383,20220036,2026-03-11,12:16:00,二食堂-大众窗口,食堂,13.84
T0006384,20240070,2026-03-22,11:50:00,一食堂-大众窗口,食堂,9.45
T0006385,20230069,2026-03-09,15:01:00,便利店,超市,8.25
T0006386,20230037,2026-03-14,13:02:00,二食堂-大众窗口,食堂,12.63
T0006387,20250035,2026-03-18,18:20:00,一食堂-风味窗口,食堂,20.72
T0006388,20220104,2026-03-17,18:49:00,一食堂-大众窗口,食堂,11.42
T0006389,20230109,2026-03-04,08:21:00,一食堂-大众窗口,食堂,14.14
T0006390,20220008,2026-03-09,08:13:00,二食堂-面食窗口,食堂,16.29
T0006391,20230113,2026-03-06,17:28:00,二食堂-大众窗口,食堂,14.25
T0006392,20240090,2026-03-19,15:15:00,便利店,超市,15.86
T0006393,20220092,2026-03-13,12:57:00,二食堂-大众窗口,食堂,10.26
T0006394,20240070,2026-03-07,07:52:00,二食堂-面食窗口,食堂,10.79
T0006395,20220104,2026-03-21,13:38:00,二食堂-面食窗口,食堂,10.07
T0006396,20220036,2026-03-09,13:59:00,二食堂-大众窗口,食堂,9.56
T0006397,20250027,2026-03-11,12:06:00,一食堂-风味窗口,食堂,13.26
T0006398,20240030,2026-03-03,17:55:00,二食堂-面食窗口,食堂,13.47
T0006399,20240110,2026-03-10,18:03:00,一食堂-大众窗口,食堂,10.35
T0006400,20240106,2026-03-21,13:04:00,二食堂-大众窗口,食堂,12.32
T0006401,20220120,2026-03-16,07:48:00,二食堂-大众窗口,食堂,13.92
T0006402,20240054,2026-03-11,18:31:00,二食堂-大众窗口,食堂,9.36
T0006403,20230013,2026-03-12,08:32:00,二食堂-大众窗口,食堂,11.23
T0006404,20230077,2026-03-18,15:50:00,咖啡店,饮品,23.12
T0006405,20220040,2026-03-05,12:50:00,一食堂-风味窗口,食堂,17.77
T0006406,20240002,2026-03-03,12:56:00,一食堂-大众窗口,食堂,14.78
T0006407,20220004,2026-03-11,10:11:00,咖啡店,饮品,21.3
T0006408,20240030,2026-03-12,17:54:00,一食堂-大众窗口,食堂,12.44
T0006409,20240070,2026-03-22,08:57:00,一食堂-风味窗口,食堂,12.67
T0006410,20250079,2026-03-11,18:09:00,一食堂-大众窗口,食堂,11.63
T0006411,20240054,2026-03-07,12:03:00,一食堂-大众窗口,食堂,9.32
T0006412,20250003,2026-03-15,17:14:00,一食堂-风味窗口,食堂,15.55
T0006413,20230045,2026-03-02,18:44:00,二食堂-面食窗口,食堂,14.12
T0006414,20230049,2026-03-03,12:20:00,一食堂-大众窗口,食堂,8.43
T0006415,20220052,2026-03-07,11:51:00,一食堂-大众窗口,食堂,12.83
T0006416,20240026,2026-03-19,19:55:00,超市A,超市,4.36
T0006417,20240110,2026-03-05,08:13:00,一食堂-风味窗口,食堂,14.11
T0006418,20250019,2026-03-17,08:58:00,一食堂-大众窗口,食堂,8.23
T0006419,20240110,2026-03-14,17:58:00,二食堂-大众窗口,食堂,12.39
T0006420,20220072,2026-03-03,08:46:00,二食堂-大众窗口,食堂,10.22
T0006421,20220004,2026-03-17,08:55:00,一食堂-大众窗口,食堂,13.48
T0006422,20250111,2026-03-06,17:17:00,一食堂-大众窗口,食堂,8.72
T0006423,20240002,2026-03-03,18:25:00,一食堂-大众窗口,食堂,8.92
T0006424,20230117,2026-03-14,18:45:00,二食堂-大众窗口,食堂,8.14
T0006425,20230069,2026-03-14,08:02:00,一食堂-大众窗口,食堂,8.77
T0006426,20230033,2026-03-18,18:53:00,一食堂-风味窗口,食堂,18.12
T0006427,20250103,2026-03-19,07:39:00,二食堂-面食窗口,食堂,17.21
T0006428,20230021,2026-03-16,12:27:00,二食堂-面食窗口,食堂,14.44
T0006429,20220028,2026-03-06,12:55:00,二食堂-大众窗口,食堂,9.77
T0006430,20240050,2026-03-18,18:22:00,一食堂-风味窗口,食堂,21.2
T0006431,20240078,2026-03-05,17:55:00,一食堂-风味窗口,食堂,13.93
T0006432,20250039,2026-03-13,12:34:00,一食堂-大众窗口,食堂,9.61
T0006433,20250107,2026-03-02,08:58:00,二食堂-大众窗口,食堂,12.36
T0006434,20230097,2026-03-18,17:32:00,二食堂-面食窗口,食堂,11.12
T0006435,20230009,2026-03-12,12:59:00,二食堂-面食窗口,食堂,13.05
T0006436,20220008,2026-03-22,18:02:00,一食堂-大众窗口,食堂,12.25
T0006437,20240014,2026-03-02,17:59:00,一食堂-风味窗口,食堂,13.94
T0006438,20230021,2026-03-04,12:54:00,二食堂-大众窗口,食堂,14.36
T0006439,20220112,2026-03-19,08:46:00,二食堂-面食窗口,食堂,16.36
T0006440,20250011,2026-03-13,17:22:00,一食堂-大众窗口,食堂,8.11
T0006441,20230017,2026-03-09,17:29:00,一食堂-大众窗口,食堂,11.7
T0006442,20230041,2026-03-10,18:24:00,二食堂-大众窗口,食堂,8.23
T0006443,20250015,2026-03-04,11:04:00,一食堂-风味窗口,食堂,13.33
T0006444,20240014,2026-03-04,12:42:00,二食堂-大众窗口,食堂,13.84
T0006445,20230001,2026-03-19,18:29:00,二食堂-面食窗口,食堂,15.18
T0006446,20240114,2026-03-20,11:12:00,二食堂-面食窗口,食堂,10.2
T0006447,20240034,2026-03-10,18:02:00,二食堂-面食窗口,食堂,16.54
T0006448,20220088,2026-03-12,18:32:00,一食堂-大众窗口,食堂,11.96
T0006449,20220016,2026-03-11,13:15:00,一食堂-大众窗口,食堂,12.0
T0006450,20220112,2026-03-19,10:53:00,便利店,超市,19.96
T0006451,20230117,2026-03-02,18:41:00,一食堂-风味窗口,食堂,14.6
T0006452,20250083,2026-03-02,08:03:00,一食堂-大众窗口,食堂,12.43
T0006453,20240062,2026-03-15,13:52:00,一食堂-大众窗口,食堂,13.25
T0006454,20230049,2026-03-10,07:38:00,二食堂-大众窗口,食堂,13.13
T0006455,20220032,2026-03-13,17:07:00,二食堂-大众窗口,食堂,13.1
T0006456,20220036,2026-03-15,15:00:00,咖啡店,饮品,9.13
T0006457,20230069,2026-03-08,12:16:00,二食堂-面食窗口,食堂,16.66
T0006458,20240006,2026-03-02,17:39:00,一食堂-风味窗口,食堂,17.11
T0006459,20250119,2026-03-03,17:06:00,二食堂-面食窗口,食堂,10.43
T0006460,20250071,2026-03-03,17:22:00,一食堂-大众窗口,食堂,14.81
T0006461,20230117,2026-03-19,18:48:00,二食堂-大众窗口,食堂,12.3
T0006462,20230021,2026-03-22,21:09:00,便利店,超市,17.81
T0006463,20250083,2026-03-15,12:28:00,一食堂-大众窗口,食堂,11.42
T0006464,20220024,2026-03-03,08:06:00,一食堂-大众窗口,食堂,12.81
T0006465,20220008,2026-03-22,15:03:00,水果店,超市,29.59
T0006466,20220012,2026-03-11,15:53:00,咖啡店,饮品,9.85
T0006467,20220068,2026-03-19,17:08:00,一食堂-大众窗口,食堂,12.85
T0006468,20240062,2026-03-10,11:11:00,一食堂-风味窗口,食堂,12.65
T0006469,20230033,2026-03-02,21:00:00,水果店,超市,17.99
T0006470,20230109,2026-03-19,17:57:00,二食堂-大众窗口,食堂,11.1
T0006471,20230117,2026-03-06,13:44:00,一食堂-大众窗口,食堂,9.06
T0006472,20240094,2026-03-09,08:38:00,一食堂-大众窗口,食堂,9.42
T0006473,20220100,2026-03-06,11:42:00,一食堂-大众窗口,食堂,12.84
T0006474,20230061,2026-03-14,12:20:00,二食堂-大众窗口,食堂,14.14
T0006475,20250035,2026-03-06,08:57:00,二食堂-面食窗口,食堂,17.43
T0006476,20220024,2026-03-20,18:23:00,一食堂-大众窗口,食堂,10.35
T0006477,20240074,2026-03-03,18:02:00,一食堂-风味窗口,食堂,13.47
T0006478,20230093,2026-03-20,12:10:00,一食堂-大众窗口,食堂,11.42
T0006479,20230097,2026-03-21,19:36:00,咖啡店,饮品,19.9
T0006480,20240114,2026-03-03,12:43:00,一食堂-大众窗口,食堂,14.2
T0006481,20240038,2026-03-04,07:57:00,一食堂-大众窗口,食堂,11.71
T0006482,20230009,2026-03-15,17:01:00,二食堂-面食窗口,食堂,13.78
T0006483,20240030,2026-03-19,11:00:00,一食堂-风味窗口,食堂,12.98
T0006484,20230041,2026-03-16,17:32:00,二食堂-面食窗口,食堂,14.67
T0006485,20240102,2026-03-13,08:28:00,一食堂-风味窗口,食堂,15.38
T0006486,20230085,2026-03-03,08:42:00,一食堂-大众窗口,食堂,12.34
T0006487,20240102,2026-03-13,15:19:00,便利店,超市,18.06
T0006488,20240078,2026-03-21,17:40:00,二食堂-大众窗口,食堂,8.07
T0006489,20240006,2026-03-06,18:44:00,一食堂-风味窗口,食堂,12.47
T0006490,20240034,2026-03-08,13:32:00,一食堂-大众窗口,食堂,11.99
T0006491,20250027,2026-03-12,19:36:00,超市A,超市,6.75
T0006492,20240106,2026-03-10,11:34:00,二食堂-大众窗口,食堂,11.73
T0006493,20250019,2026-03-03,10:28:00,便利店,超市,17.18
T0006494,20250063,2026-03-20,18:04:00,一食堂-大众窗口,食堂,9.5
T0006495,20220032,2026-03-13,08:58:00,二食堂-大众窗口,食堂,10.23
T0006496,20240054,2026-03-15,08:52:00,二食堂-面食窗口,食堂,18.0
T0006497,20240042,2026-03-19,12:55:00,一食堂-大众窗口,食堂,9.95
T0006498,20240046,2026-03-15,18:51:00,二食堂-面食窗口,食堂,12.18
T0006499,20240014,2026-03-17,07:00:00,二食堂-面食窗口,食堂,15.5
T0006500,20230101,2026-03-07,13:43:00,一食堂-大众窗口,食堂,11.64
T0006501,20250083,2026-03-14,18:22:00,一食堂-大众窗口,食堂,14.45
T0006502,20240094,2026-03-02,12:16:00,二食堂-大众窗口,食堂,10.87
T0006503,20230013,2026-03-04,19:34:00,咖啡店,饮品,11.16
T0006504,20250115,2026-03-20,07:49:00,二食堂-面食窗口,食堂,10.47
T0006505,20230097,2026-03-03,17:31:00,二食堂-大众窗口,食堂,13.18
T0006506,20230069,2026-03-03,07:34:00,一食堂-风味窗口,食堂,20.35
T0006507,20220076,2026-03-13,08:37:00,一食堂-大众窗口,食堂,10.44
T0006508,20230053,2026-03-19,13:44:00,一食堂-大众窗口,食堂,11.02
T0006509,20220092,2026-03-04,08:16:00,二食堂-面食窗口,食堂,14.28
T0006510,20220060,2026-03-08,12:27:00,一食堂-风味窗口,食堂,16.23
T0006511,20240042,2026-03-07,17:29:00,一食堂-大众窗口,食堂,10.27
T0006512,20230041,2026-03-16,08:00:00,一食堂-风味窗口,食堂,19.68
T0006513,20230049,2026-03-11,17:02:00,二食堂-面食窗口,食堂,14.59
T0006514,20230033,2026-03-06,18:56:00,二食堂-面食窗口,食堂,10.46
T0006515,20220040,2026-03-22,12:43:00,一食堂-风味窗口,食堂,19.64
T0006516,20230073,2026-03-22,18:42:00,一食堂-大众窗口,食堂,13.61
T0006517,20220044,2026-03-04,17:48:00,一食堂-大众窗口,食堂,11.59
T0006518,20220012,2026-03-16,17:38:00,二食堂-面食窗口,食堂,11.57
T0006519,20250063,2026-03-10,18:09:00,二食堂-面食窗口,食堂,10.02
T0006520,20240054,2026-03-12,18:03:00,一食堂-大众窗口,食堂,10.57
T0006521,20230005,2026-03-13,12:27:00,一食堂-风味窗口,食堂,19.1
T0006522,20230065,2026-03-05,08:46:00,一食堂-大众窗口,食堂,9.95
T0006523,20220032,2026-03-04,18:09:00,二食堂-大众窗口,食堂,11.15
T0006524,20240018,2026-03-22,13:02:00,一食堂-大众窗口,食堂,9.34
T0006525,20250007,2026-03-14,13:20:00,一食堂-大众窗口,食堂,8.67
T0006526,20220056,2026-03-15,11:51:00,一食堂-风味窗口,食堂,20.22
T0006527,20220012,2026-03-15,08:37:00,一食堂-大众窗口,食堂,14.38
T0006528,20220108,2026-03-21,12:36:00,一食堂-大众窗口,食堂,14.26
T0006529,20250039,2026-03-17,19:06:00,水果店,超市,9.25
T0006530,20250067,2026-03-10,17:41:00,二食堂-大众窗口,食堂,12.64
T0006531,20230065,2026-03-11,17:06:00,一食堂-大众窗口,食堂,10.22
T0006532,20230025,2026-03-07,18:10:00,二食堂-大众窗口,食堂,10.34
T0006533,20230033,2026-03-13,07:17:00,一食堂-大众窗口,食堂,14.28
T0006534,20240090,2026-03-20,12:30:00,一食堂-风味窗口,食堂,17.81
T0006535,20250031,2026-03-22,18:21:00,二食堂-大众窗口,食堂,13.84
T0006536,20250071,2026-03-03,12:43:00,一食堂-大众窗口,食堂,13.33
T0006537,20240098,2026-03-19,17:48:00,一食堂-风味窗口,食堂,19.91
T0006538,20240046,2026-03-05,17:06:00,二食堂-大众窗口,食堂,13.94
T0006539,20220024,2026-03-06,11:22:00,二食堂-面食窗口,食堂,15.53
T0006540,20220120,2026-03-10,08:58:00,一食堂-大众窗口,食堂,14.43
T0006541,20220052,2026-03-16,08:37:00,一食堂-风味窗口,食堂,16.91
T0006542,20240110,2026-03-19,13:33:00,二食堂-面食窗口,食堂,14.49
T0006543,20220048,2026-03-15,07:28:00,二食堂-面食窗口,食堂,14.66
T0006544,20250071,2026-03-18,12:52:00,一食堂-大众窗口,食堂,14.82
T0006545,20230001,2026-03-19,10:21:00,咖啡店,饮品,17.4
T0006546,20250103,2026-03-12,12:51:00,一食堂-风味窗口,食堂,15.58
T0006547,20230017,2026-03-21,12:06:00,二食堂-大众窗口,食堂,11.56
T0006548,20250023,2026-03-03,07:32:00,二食堂-面食窗口,食堂,15.15
T0006549,20240054,2026-03-18,11:34:00,一食堂-风味窗口,食堂,0.0
T0006550,20240006,2026-03-10,18:31:00,二食堂-大众窗口,食堂,10.07
T0006551,20230065,2026-03-15,08:25:00,一食堂-风味窗口,食堂,14.05
T0006552,20250031,2026-03-03,18:45:00,一食堂-风味窗口,食堂,16.98
T0006553,20240026,2026-03-16,17:55:00,二食堂-大众窗口,食堂,8.51
T0006554,20240074,2026-03-12,12:50:00,二食堂-大众窗口,食堂,9.36
T0006555,20240026,2026-03-14,18:13:00,一食堂-风味窗口,食堂,17.33
T0006556,20250119,2026-03-18,18:25:00,二食堂-大众窗口,食堂,13.25
T0006557,20250063,2026-03-05,12:40:00,二食堂-面食窗口,食堂,15.14
T0006558,20250023,2026-03-16,18:35:00,二食堂-面食窗口,食堂,16.05
T0006559,20220096,2026-03-16,17:40:00,二食堂-大众窗口,食堂,13.4
T0006560,20240082,2026-03-15,12:39:00,二食堂-大众窗口,食堂,12.22
T0006561,20240054,2026-03-20,12:24:00,一食堂-风味窗口,食堂,17.14
T0006562,20220008,2026-03-12,11:20:00,二食堂-面食窗口,食堂,17.09
T0006563,20250095,2026-03-16,12:58:00,一食堂-大众窗口,食堂,12.58
T0006564,20230061,2026-03-13,12:43:00,二食堂-面食窗口,食堂,10.69
T0006565,20240018,2026-03-02,07:46:00,一食堂-大众窗口,食堂,13.54
T0006566,20250099,2026-03-12,07:35:00,一食堂-风味窗口,食堂,12.2
T0006567,20230081,2026-03-18,17:55:00,一食堂-风味窗口,食堂,13.5
T0006568,20240050,2026-03-13,07:54:00,一食堂-风味窗口,食堂,16.64
T0006569,20240106,2026-03-11,08:59:00,一食堂-风味窗口,食堂,19.65
T0006570,20230093,2026-03-10,18:14:00,一食堂-风味窗口,食堂,20.66
T0006571,20220040,2026-03-04,17:25:00,二食堂-大众窗口,食堂,8.82
T0006572,20240054,2026-03-06,11:45:00,一食堂-风味窗口,食堂,18.39
T0006573,20230097,2026-03-21,11:41:00,一食堂-大众窗口,食堂,9.53
T0006574,20250115,2026-03-10,17:59:00,二食堂-面食窗口,食堂,17.74
T0006575,20220112,2026-03-03,07:24:00,一食堂-风味窗口,食堂,20.56
T0006576,20220108,2026-03-17,17:06:00,一食堂-大众窗口,食堂,9.6
T0006577,20240066,2026-03-13,07:39:00,二食堂-面食窗口,食堂,12.64
T0006578,20240050,2026-03-08,07:37:00,二食堂-面食窗口,食堂,16.31
T0006579,20230017,2026-03-21,18:42:00,二食堂-大众窗口,食堂,14.46
T0006580,20220080,2026-03-17,10:54:00,便利店,超市,13.3
T0006581,20250027,2026-03-06,15:09:00,水果店,超市,7.78
T0006582,20230069,2026-03-06,11:02:00,二食堂-面食窗口,食堂,12.32
T0006583,20250111,2026-03-04,13:22:00,二食堂-面食窗口,食堂,10.26
T0006584,20230093,2026-03-19,12:19:00,二食堂-面食窗口,食堂,11.71
T0006585,20220092,2026-03-17,21:18:00,便利店,超市,6.95
T0006586,20230109,2026-03-02,17:11:00,二食堂-大众窗口,食堂,9.83
T0006587,20250047,2026-03-11,17:07:00,二食堂-面食窗口,食堂,16.96
T0006588,20240018,2026-03-14,13:45:00,一食堂-大众窗口,食堂,12.47
T0006589,20240002,2026-03-10,17:06:00,二食堂-面食窗口,食堂,11.62
T0006590,20240086,2026-03-22,19:57:00,奶茶店,饮品,10.59
T0006591,20250107,2026-03-06,07:16:00,一食堂-风味窗口,食堂,12.67
T0006592,20220072,2026-03-05,18:05:00,一食堂-大众窗口,食堂,9.4
T0006593,20230041,2026-03-10,12:22:00,二食堂-大众窗口,食堂,8.94
